Allele_Count,Allele_1,Size_1,Height_1,Allele_2,Size_2,Height_2,Allele_3,Size_3,Height_3,Allele_4,Size_4,Height_4,Allele_5,Size_5,Height_5,Allele_6,Size_6,Height_6,Allele_7,Size_7,Height_7,Allele_8,Size_8,Height_8,Allele_9,Size_9,Height_9,Allele_10,Size_10,Height_10,Allele_11,Size_11,Height_11,Allele_12,Size_12,Height_12,Allele_13,Size_13,Height_13,Allele_14,Size_14,Height_14,Allele_15,Size_15,Height_15,Allele_16,Size_16,Height_16,Allele_17,Size_17,Height_17,Allele_18,Size_18,Height_18,Allele_19,Size_19,Height_19,Allele_20,Size_20,Height_20,Allele_21,Size_21,Height_21,Allele_22,Size_22,Height_22,Allele_23,Size_23,Height_23,Allele_24,Size_24,Height_24,Allele_25,Size_25,Height_25,Allele_26,Size_26,Height_26,Allele_27,Size_27,Height_27,Allele_28,Size_28,Height_28,Allele_29,Size_29,Height_29,Allele_30,Size_30,Height_30,Marker_AMEL,Marker_CSF1PO,Marker_D13S317,Marker_D16S539,Marker_D18S51,Marker_D19S433,Marker_D21S11,Marker_D2S1338,Marker_D3S1358,Marker_D5S818,Marker_D7S820,Marker_D8S1179,Marker_FGA,Marker_TH01,Marker_TPOX,Marker_vWA
8,-1,115.07,2,9,125.68,6.0,10,129.7,128.0,-1,131.89,2.0,11.0,134.0,3.0,13.0,142.02,7.0,14.0,146.22,141.0,15.0,150.36,106.0,10.877932960893855,238.12659217877098,30.310055865921786,10.177131782945736,246.79166666666666,17.75968992248062,11.51222222222222,258.64344444444447,11.255555555555556,8.044117647058824,272.95323529411763,6.6911764705882355,8.096153846153847,283.06673076923073,8.028846153846153,6.184810126582279,298.4777215189873,6.063291139240507,8.3,307.23758620689654,6.189655172413793,4.7215686274509805,309.68549019607843,5.901960784313726,9.057777777777778,315.7886666666667,6.133333333333334,11.286486486486487,315.82216216216216,6.513513513513513,3.771428571428572,320.53464285714284,6.642857142857143,12.416000000000002,329.7432,6.72,1.4857142857142858,335.1142857142857,5.857142857142857,5.626666666666667,335.81,6.733333333333333,3.1,338.62416666666667,6.75,10.266666666666667,339.2711111111111,6.0,-1.0,343.98375,5.75,8.64,341.178,5.8,-1.0,338.33000000000004,5.0,24.1,346.85,6.0,-1.0,351.15999999999997,6.5,-1.0,356.015,4.0,False,False,False,False,False,False,False,False,False,False,False,True,False,False,False,False
8,26,190.86,3,27,194.65,5.0,28,198.68,53.0,-1,205.8,1.0,31.0,210.75,17.0,32.0,214.83,35.0,34.0,222.56,2.0,-1.0,234.12,2.0,10.877932960893855,238.12659217877098,30.310055865921786,10.177131782945736,246.79166666666666,17.75968992248062,11.51222222222222,258.64344444444447,11.255555555555556,8.044117647058824,272.95323529411763,6.6911764705882355,8.096153846153847,283.06673076923073,8.028846153846153,6.184810126582279,298.4777215189873,6.063291139240507,8.3,307.23758620689654,6.189655172413793,4.7215686274509805,309.68549019607843,5.901960784313726,9.057777777777778,315.7886666666667,6.133333333333334,11.286486486486487,315.82216216216216,6.513513513513513,3.771428571428572,320.53464285714284,6.642857142857143,12.416000000000002,329.7432,6.72,1.4857142857142858,335.1142857142857,5.857142857142857,5.626666666666667,335.81,6.733333333333333,3.1,338.62416666666667,6.75,10.266666666666667,339.2711111111111,6.0,-1.0,343.98375,5.75,8.64,341.178,5.8,-1.0,338.33000000000004,5.0,24.1,346.85,6.0,-1.0,351.15999999999997,6.5,-1.0,356.015,4.0,False,False,False,False,False,False,True,False,False,False,False,False,False,False,False,False
8,6,254.21,2,7,258.39,3.0,8,261.98,8.0,9,266.02,32.0,10.0,270.08,8.0,11.0,273.82,3.0,-1.0,287.61,2.0,-1.0,289.6,2.0,10.877932960893855,238.12659217877098,30.310055865921786,10.177131782945736,246.79166666666666,17.75968992248062,11.51222222222222,258.64344444444447,11.255555555555556,8.044117647058824,272.95323529411763,6.6911764705882355,8.096153846153847,283.06673076923073,8.028846153846153,6.184810126582279,298.4777215189873,6.063291139240507,8.3,307.23758620689654,6.189655172413793,4.7215686274509805,309.68549019607843,5.901960784313726,9.057777777777778,315.7886666666667,6.133333333333334,11.286486486486487,315.82216216216216,6.513513513513513,3.771428571428572,320.53464285714284,6.642857142857143,12.416000000000002,329.7432,6.72,1.4857142857142858,335.1142857142857,5.857142857142857,5.626666666666667,335.81,6.733333333333333,3.1,338.62416666666667,6.75,10.266666666666667,339.2711111111111,6.0,-1.0,343.98375,5.75,8.64,341.178,5.8,-1.0,338.33000000000004,5.0,24.1,346.85,6.0,-1.0,351.15999999999997,6.5,-1.0,356.015,4.0,False,False,False,False,False,False,False,False,False,False,True,False,False,False,False,False
9,5,298.35,2,11,322.91,15.0,12,326.76,8.0,-1,328.96,2.0,13.0,330.58,3.0,14.0,334.97,2.0,15.0,338.91,3.0,-1.0,340.09,3.0,-1.0,341.11,2.0,10.177131782945736,246.79166666666666,17.75968992248062,11.51222222222222,258.64344444444447,11.255555555555556,8.044117647058824,272.95323529411763,6.6911764705882355,8.096153846153847,283.06673076923073,8.028846153846153,6.184810126582279,298.4777215189873,6.063291139240507,8.3,307.23758620689654,6.189655172413793,4.7215686274509805,309.68549019607843,5.901960784313726,9.057777777777778,315.7886666666667,6.133333333333334,11.286486486486487,315.82216216216216,6.513513513513513,3.771428571428572,320.53464285714284,6.642857142857143,12.416000000000002,329.7432,6.72,1.4857142857142858,335.1142857142857,5.857142857142857,5.626666666666667,335.81,6.733333333333333,3.1,338.62416666666667,6.75,10.266666666666667,339.2711111111111,6.0,-1.0,343.98375,5.75,8.64,341.178,5.8,-1.0,338.33000000000004,5.0,24.1,346.85,6.0,-1.0,351.15999999999997,6.5,-1.0,356.015,4.0,False,True,False,False,False,False,False,False,False,False,False,False,False,False,False,False
9,-1,97.98,4,-1,102.37,3.0,-1,103.01,2.0,14,118.33,18.0,15.0,122.37,282.0,16.0,126.52,119.0,17.0,130.25,132.0,-1.0,135.81,1.0,19.0,138.26,1.0,10.177131782945736,246.79166666666666,17.75968992248062,11.51222222222222,258.64344444444447,11.255555555555556,8.044117647058824,272.95323529411763,6.6911764705882355,8.096153846153847,283.06673076923073,8.028846153846153,6.184810126582279,298.4777215189873,6.063291139240507,8.3,307.23758620689654,6.189655172413793,4.7215686274509805,309.68549019607843,5.901960784313726,9.057777777777778,315.7886666666667,6.133333333333334,11.286486486486487,315.82216216216216,6.513513513513513,3.771428571428572,320.53464285714284,6.642857142857143,12.416000000000002,329.7432,6.72,1.4857142857142858,335.1142857142857,5.857142857142857,5.626666666666667,335.81,6.733333333333333,3.1,338.62416666666667,6.75,10.266666666666667,339.2711111111111,6.0,-1.0,343.98375,5.75,8.64,341.178,5.8,-1.0,338.33000000000004,5.0,24.1,346.85,6.0,-1.0,351.15999999999997,6.5,-1.0,356.015,4.0,False,False,False,False,False,False,False,False,True,False,False,False,False,False,False,False
5,6,168.61,83,7,172.65,43.0,9,180.74,41.0,9.3,183.95,36.0,-1.0,186.5,2.0,12.028571428571428,222.8513210445469,66.27035330261137,12.041229656419528,226.86157323688968,52.7992766726944,12.037473233404711,230.39813704496785,41.95289079229122,10.877932960893855,238.12659217877098,30.310055865921786,10.177131782945736,246.79166666666666,17.75968992248062,11.51222222222222,258.64344444444447,11.255555555555556,8.044117647058824,272.95323529411763,6.6911764705882355,8.096153846153847,283.06673076923073,8.028846153846153,6.184810126582279,298.4777215189873,6.063291139240507,8.3,307.23758620689654,6.189655172413793,4.7215686274509805,309.68549019607843,5.901960784313726,9.057777777777778,315.7886666666667,6.133333333333334,11.286486486486487,315.82216216216216,6.513513513513513,3.771428571428572,320.53464285714284,6.642857142857143,12.416000000000002,329.7432,6.72,1.4857142857142858,335.1142857142857,5.857142857142857,5.626666666666667,335.81,6.733333333333333,3.1,338.62416666666667,6.75,10.266666666666667,339.2711111111111,6.0,-1.0,343.98375,5.75,8.64,341.178,5.8,-1.0,338.33000000000004,5.0,24.1,346.85,6.0,-1.0,351.15999999999997,6.5,-1.0,356.015,4.0,False,False,False,False,False,False,False,False,False,False,False,False,False,True,False,False
8,-1,205.64,3,-1,207.02,2.0,7,211.15,4.0,8,215.16,120.0,-1.0,220.91,3.0,-1.0,225.11,3.0,12.0,231.39,22.0,13.0,235.78,3.0,10.877932960893855,238.12659217877098,30.310055865921786,10.177131782945736,246.79166666666666,17.75968992248062,11.51222222222222,258.64344444444447,11.255555555555556,8.044117647058824,272.95323529411763,6.6911764705882355,8.096153846153847,283.06673076923073,8.028846153846153,6.184810126582279,298.4777215189873,6.063291139240507,8.3,307.23758620689654,6.189655172413793,4.7215686274509805,309.68549019607843,5.901960784313726,9.057777777777778,315.7886666666667,6.133333333333334,11.286486486486487,315.82216216216216,6.513513513513513,3.771428571428572,320.53464285714284,6.642857142857143,12.416000000000002,329.7432,6.72,1.4857142857142858,335.1142857142857,5.857142857142857,5.626666666666667,335.81,6.733333333333333,3.1,338.62416666666667,6.75,10.266666666666667,339.2711111111111,6.0,-1.0,343.98375,5.75,8.64,341.178,5.8,-1.0,338.33000000000004,5.0,24.1,346.85,6.0,-1.0,351.15999999999997,6.5,-1.0,356.015,4.0,False,False,True,False,False,False,False,False,False,False,False,False,False,False,False,False
8,5,251.13,1,-1,254.85,3.0,6,255.34,3.0,-1,258.07,2.0,9.0,266.85,4.0,10.0,271.24,32.0,11.0,275.24,73.0,-1.0,289.35,1.0,10.877932960893855,238.12659217877098,30.310055865921786,10.177131782945736,246.79166666666666,17.75968992248062,11.51222222222222,258.64344444444447,11.255555555555556,8.044117647058824,272.95323529411763,6.6911764705882355,8.096153846153847,283.06673076923073,8.028846153846153,6.184810126582279,298.4777215189873,6.063291139240507,8.3,307.23758620689654,6.189655172413793,4.7215686274509805,309.68549019607843,5.901960784313726,9.057777777777778,315.7886666666667,6.133333333333334,11.286486486486487,315.82216216216216,6.513513513513513,3.771428571428572,320.53464285714284,6.642857142857143,12.416000000000002,329.7432,6.72,1.4857142857142858,335.1142857142857,5.857142857142857,5.626666666666667,335.81,6.733333333333333,3.1,338.62416666666667,6.75,10.266666666666667,339.2711111111111,6.0,-1.0,343.98375,5.75,8.64,341.178,5.8,-1.0,338.33000000000004,5.0,24.1,346.85,6.0,-1.0,351.15999999999997,6.5,-1.0,356.015,4.0,False,False,False,True,False,False,False,False,False,False,False,False,False,False,False,False
7,19,320.94,11,21,329.22,2.0,24,340.94,3.0,25,345.13,13.0,-1.0,347.78,3.0,-1.0,354.7,2.0,-1.0,359.66,3.0,12.037473233404711,230.39813704496785,41.95289079229122,10.877932960893855,238.12659217877098,30.310055865921786,10.177131782945736,246.79166666666666,17.75968992248062,11.51222222222222,258.64344444444447,11.255555555555556,8.044117647058824,272.95323529411763,6.6911764705882355,8.096153846153847,283.06673076923073,8.028846153846153,6.184810126582279,298.4777215189873,6.063291139240507,8.3,307.23758620689654,6.189655172413793,4.7215686274509805,309.68549019607843,5.901960784313726,9.057777777777778,315.7886666666667,6.133333333333334,11.286486486486487,315.82216216216216,6.513513513513513,3.771428571428572,320.53464285714284,6.642857142857143,12.416000000000002,329.7432,6.72,1.4857142857142858,335.1142857142857,5.857142857142857,5.626666666666667,335.81,6.733333333333333,3.1,338.62416666666667,6.75,10.266666666666667,339.2711111111111,6.0,-1.0,343.98375,5.75,8.64,341.178,5.8,-1.0,338.33000000000004,5.0,24.1,346.85,6.0,-1.0,351.15999999999997,6.5,-1.0,356.015,4.0,False,False,False,False,False,False,False,True,False,False,False,False,False,False,False,False
10,9,100.08,5,-1,101.11,6.0,-1,102.85,7.0,10,104.03,16.0,11.0,108.21,166.0,12.0,112.44,7.0,13.0,116.28,106.0,13.2,118.56,4.0,14.0,120.23,158.0,15.0,124.21,86.0,11.51222222222222,258.64344444444447,11.255555555555556,8.044117647058824,272.95323529411763,6.6911764705882355,8.096153846153847,283.06673076923073,8.028846153846153,6.184810126582279,298.4777215189873,6.063291139240507,8.3,307.23758620689654,6.189655172413793,4.7215686274509805,309.68549019607843,5.901960784313726,9.057777777777778,315.7886666666667,6.133333333333334,11.286486486486487,315.82216216216216,6.513513513513513,3.771428571428572,320.53464285714284,6.642857142857143,12.416000000000002,329.7432,6.72,1.4857142857142858,335.1142857142857,5.857142857142857,5.626666666666667,335.81,6.733333333333333,3.1,338.62416666666667,6.75,10.266666666666667,339.2711111111111,6.0,-1.0,343.98375,5.75,8.64,341.178,5.8,-1.0,338.33000000000004,5.0,24.1,346.85,6.0,-1.0,351.15999999999997,6.5,-1.0,356.015,4.0,False,False,False,False,False,True,False,False,False,False,False,False,False,False,False,False
7,-1,158.12,5,13,160.0,109.0,15,168.21,6.0,16,172.16,55.0,19.0,184.36,12.0,20.0,188.48,65.0,22.0,196.54,6.0,12.037473233404711,230.39813704496785,41.95289079229122,10.877932960893855,238.12659217877098,30.310055865921786,10.177131782945736,246.79166666666666,17.75968992248062,11.51222222222222,258.64344444444447,11.255555555555556,8.044117647058824,272.95323529411763,6.6911764705882355,8.096153846153847,283.06673076923073,8.028846153846153,6.184810126582279,298.4777215189873,6.063291139240507,8.3,307.23758620689654,6.189655172413793,4.7215686274509805,309.68549019607843,5.901960784313726,9.057777777777778,315.7886666666667,6.133333333333334,11.286486486486487,315.82216216216216,6.513513513513513,3.771428571428572,320.53464285714284,6.642857142857143,12.416000000000002,329.7432,6.72,1.4857142857142858,335.1142857142857,5.857142857142857,5.626666666666667,335.81,6.733333333333333,3.1,338.62416666666667,6.75,10.266666666666667,339.2711111111111,6.0,-1.0,343.98375,5.75,8.64,341.178,5.8,-1.0,338.33000000000004,5.0,24.1,346.85,6.0,-1.0,351.15999999999997,6.5,-1.0,356.015,4.0,False,False,False,False,False,False,False,False,False,False,False,False,False,False,False,True
4,-1,227.01,3,-1,235.03,5.0,11,240.93,80.0,-1,242.37,5.0,11.362921348314606,219.41106741573032,77.95786516853933,12.028571428571428,222.8513210445469,66.27035330261137,12.041229656419528,226.86157323688968,52.7992766726944,12.037473233404711,230.39813704496785,41.95289079229122,10.877932960893855,238.12659217877098,30.310055865921786,10.177131782945736,246.79166666666666,17.75968992248062,11.51222222222222,258.64344444444447,11.255555555555556,8.044117647058824,272.95323529411763,6.6911764705882355,8.096153846153847,283.06673076923073,8.028846153846153,6.184810126582279,298.4777215189873,6.063291139240507,8.3,307.23758620689654,6.189655172413793,4.7215686274509805,309.68549019607843,5.901960784313726,9.057777777777778,315.7886666666667,6.133333333333334,11.286486486486487,315.82216216216216,6.513513513513513,3.771428571428572,320.53464285714284,6.642857142857143,12.416000000000002,329.7432,6.72,1.4857142857142858,335.1142857142857,5.857142857142857,5.626666666666667,335.81,6.733333333333333,3.1,338.62416666666667,6.75,10.266666666666667,339.2711111111111,6.0,-1.0,343.98375,5.75,8.64,341.178,5.8,-1.0,338.33000000000004,5.0,24.1,346.85,6.0,-1.0,351.15999999999997,6.5,-1.0,356.015,4.0,False,False,False,False,False,False,False,False,False,False,False,False,False,False,True,False
8,-1,269.83,3,-1,276.32,7.0,-1,277.83,6.0,14,289.35,13.0,15.2,294.88,6.0,-1.0,310.31,5.0,-1.0,316.2,5.0,-1.0,340.6,9.0,10.877932960893855,238.12659217877098,30.310055865921786,10.177131782945736,246.79166666666666,17.75968992248062,11.51222222222222,258.64344444444447,11.255555555555556,8.044117647058824,272.95323529411763,6.6911764705882355,8.096153846153847,283.06673076923073,8.028846153846153,6.184810126582279,298.4777215189873,6.063291139240507,8.3,307.23758620689654,6.189655172413793,4.7215686274509805,309.68549019607843,5.901960784313726,9.057777777777778,315.7886666666667,6.133333333333334,11.286486486486487,315.82216216216216,6.513513513513513,3.771428571428572,320.53464285714284,6.642857142857143,12.416000000000002,329.7432,6.72,1.4857142857142858,335.1142857142857,5.857142857142857,5.626666666666667,335.81,6.733333333333333,3.1,338.62416666666667,6.75,10.266666666666667,339.2711111111111,6.0,-1.0,343.98375,5.75,8.64,341.178,5.8,-1.0,338.33000000000004,5.0,24.1,346.85,6.0,-1.0,351.15999999999997,6.5,-1.0,356.015,4.0,False,False,False,False,True,False,False,False,False,False,False,False,False,False,False,False
2,X,104.98,335,Y,110.87,254.0,,210.75846753246756,71.04545454545455,,216.6818641810919,87.4513981358189,11.362921348314606,219.41106741573032,77.95786516853933,12.028571428571428,222.8513210445469,66.27035330261137,12.041229656419528,226.86157323688968,52.7992766726944,12.037473233404711,230.39813704496785,41.95289079229122,10.877932960893855,238.12659217877098,30.310055865921786,10.177131782945736,246.79166666666666,17.75968992248062,11.51222222222222,258.64344444444447,11.255555555555556,8.044117647058824,272.95323529411763,6.6911764705882355,8.096153846153847,283.06673076923073,8.028846153846153,6.184810126582279,298.4777215189873,6.063291139240507,8.3,307.23758620689654,6.189655172413793,4.7215686274509805,309.68549019607843,5.901960784313726,9.057777777777778,315.7886666666667,6.133333333333334,11.286486486486487,315.82216216216216,6.513513513513513,3.771428571428572,320.53464285714284,6.642857142857143,12.416000000000002,329.7432,6.72,1.4857142857142858,335.1142857142857,5.857142857142857,5.626666666666667,335.81,6.733333333333333,3.1,338.62416666666667,6.75,10.266666666666667,339.2711111111111,6.0,-1.0,343.98375,5.75,8.64,341.178,5.8,-1.0,338.33000000000004,5.0,24.1,346.85,6.0,-1.0,351.15999999999997,6.5,-1.0,356.015,4.0,True,False,False,False,False,False,False,False,False,False,False,False,False,False,False,False
12,-1,130.95,4,-1,138.1,5.0,9,141.05,9.0,10,144.85,17.0,11.0,148.9,288.0,12.0,152.97,66.0,15.0,165.07,5.0,-1.0,165.87,6.0,16.0,169.26,7.0,-1.0,172.49,5.0,-1.0,175.07,5.0,-1.0,178.3,6.0,8.096153846153847,283.06673076923073,8.028846153846153,6.184810126582279,298.4777215189873,6.063291139240507,8.3,307.23758620689654,6.189655172413793,4.7215686274509805,309.68549019607843,5.901960784313726,9.057777777777778,315.7886666666667,6.133333333333334,11.286486486486487,315.82216216216216,6.513513513513513,3.771428571428572,320.53464285714284,6.642857142857143,12.416000000000002,329.7432,6.72,1.4857142857142858,335.1142857142857,5.857142857142857,5.626666666666667,335.81,6.733333333333333,3.1,338.62416666666667,6.75,10.266666666666667,339.2711111111111,6.0,-1.0,343.98375,5.75,8.64,341.178,5.8,-1.0,338.33000000000004,5.0,24.1,346.85,6.0,-1.0,351.15999999999997,6.5,-1.0,356.015,4.0,False,False,False,False,False,False,False,False,False,True,False,False,False,False,False,False
20,16,208.39,4,-1,214.08,5.0,-1,217.91,8.0,21,229.16,33.0,-1.0,230.65,3.0,23.0,237.35,21.0,24.0,241.44,16.0,25.0,245.48,28.0,-1.0,254.85,6.0,-1.0,278.66,5.0,-1.0,288.11,4.0,-1.0,288.69,3.0,-1.0,290.26,4.0,-1.0,295.13,4.0,42.2,315.76,5.0,-1.0,322.06,6.0,46.2,332.52,4.0,-1.0,337.49,5.0,-1.0,345.13,3.0,-1.0,351.71,7.0,1.4857142857142858,335.1142857142857,5.857142857142857,5.626666666666667,335.81,6.733333333333333,3.1,338.62416666666667,6.75,10.266666666666667,339.2711111111111,6.0,-1.0,343.98375,5.75,8.64,341.178,5.8,-1.0,338.33000000000004,5.0,24.1,346.85,6.0,-1.0,351.15999999999997,6.5,-1.0,356.015,4.0,False,False,False,False,False,False,False,False,False,False,False,False,True,False,False,False
13,-1,113.84,2,9,125.5,4.0,10,129.68,85.0,12,137.93,2.0,13.0,141.93,10.0,-1.0,143.06,3.0,14.0,146.14,156.0,15.0,150.28,38.0,-1.0,153.53,2.0,17.0,158.77,2.0,-1.0,163.47,1.0,-1.0,173.43,1.0,-1.0,176.51,1.0,6.184810126582279,298.4777215189873,6.063291139240507,8.3,307.23758620689654,6.189655172413793,4.7215686274509805,309.68549019607843,5.901960784313726,9.057777777777778,315.7886666666667,6.133333333333334,11.286486486486487,315.82216216216216,6.513513513513513,3.771428571428572,320.53464285714284,6.642857142857143,12.416000000000002,329.7432,6.72,1.4857142857142858,335.1142857142857,5.857142857142857,5.626666666666667,335.81,6.733333333333333,3.1,338.62416666666667,6.75,10.266666666666667,339.2711111111111,6.0,-1.0,343.98375,5.75,8.64,341.178,5.8,-1.0,338.33000000000004,5.0,24.1,346.85,6.0,-1.0,351.15999999999997,6.5,-1.0,356.015,4.0,False,False,False,False,False,False,False,False,False,False,False,True,False,False,False,False
10,23.2,180.08,2,27,195.06,2.0,28,198.68,13.0,-1,203.62,2.0,29.2,204.83,2.0,31.0,210.75,17.0,32.0,214.75,21.0,-1.0,217.58,2.0,35.2,229.21,2.0,-1.0,240.42,3.0,11.51222222222222,258.64344444444447,11.255555555555556,8.044117647058824,272.95323529411763,6.6911764705882355,8.096153846153847,283.06673076923073,8.028846153846153,6.184810126582279,298.4777215189873,6.063291139240507,8.3,307.23758620689654,6.189655172413793,4.7215686274509805,309.68549019607843,5.901960784313726,9.057777777777778,315.7886666666667,6.133333333333334,11.286486486486487,315.82216216216216,6.513513513513513,3.771428571428572,320.53464285714284,6.642857142857143,12.416000000000002,329.7432,6.72,1.4857142857142858,335.1142857142857,5.857142857142857,5.626666666666667,335.81,6.733333333333333,3.1,338.62416666666667,6.75,10.266666666666667,339.2711111111111,6.0,-1.0,343.98375,5.75,8.64,341.178,5.8,-1.0,338.33000000000004,5.0,24.1,346.85,6.0,-1.0,351.15999999999997,6.5,-1.0,356.015,4.0,False,False,False,False,False,False,True,False,False,False,False,False,False,False,False,False
4,6,254.32,2,8,262.22,17.0,10,270.14,9.0,13,282.31,2.0,11.362921348314606,219.41106741573032,77.95786516853933,12.028571428571428,222.8513210445469,66.27035330261137,12.041229656419528,226.86157323688968,52.7992766726944,12.037473233404711,230.39813704496785,41.95289079229122,10.877932960893855,238.12659217877098,30.310055865921786,10.177131782945736,246.79166666666666,17.75968992248062,11.51222222222222,258.64344444444447,11.255555555555556,8.044117647058824,272.95323529411763,6.6911764705882355,8.096153846153847,283.06673076923073,8.028846153846153,6.184810126582279,298.4777215189873,6.063291139240507,8.3,307.23758620689654,6.189655172413793,4.7215686274509805,309.68549019607843,5.901960784313726,9.057777777777778,315.7886666666667,6.133333333333334,11.286486486486487,315.82216216216216,6.513513513513513,3.771428571428572,320.53464285714284,6.642857142857143,12.416000000000002,329.7432,6.72,1.4857142857142858,335.1142857142857,5.857142857142857,5.626666666666667,335.81,6.733333333333333,3.1,338.62416666666667,6.75,10.266666666666667,339.2711111111111,6.0,-1.0,343.98375,5.75,8.64,341.178,5.8,-1.0,338.33000000000004,5.0,24.1,346.85,6.0,-1.0,351.15999999999997,6.5,-1.0,356.015,4.0,False,False,False,False,False,False,False,False,False,False,True,False,False,False,False,False
8,-1,312.07,1,10.2,321.2,2.0,11,322.4,2.0,12,326.85,14.0,13.0,330.58,2.0,13.0,331.34,2.0,14.0,334.89,3.0,-1.0,336.9,3.0,10.877932960893855,238.12659217877098,30.310055865921786,10.177131782945736,246.79166666666666,17.75968992248062,11.51222222222222,258.64344444444447,11.255555555555556,8.044117647058824,272.95323529411763,6.6911764705882355,8.096153846153847,283.06673076923073,8.028846153846153,6.184810126582279,298.4777215189873,6.063291139240507,8.3,307.23758620689654,6.189655172413793,4.7215686274509805,309.68549019607843,5.901960784313726,9.057777777777778,315.7886666666667,6.133333333333334,11.286486486486487,315.82216216216216,6.513513513513513,3.771428571428572,320.53464285714284,6.642857142857143,12.416000000000002,329.7432,6.72,1.4857142857142858,335.1142857142857,5.857142857142857,5.626666666666667,335.81,6.733333333333333,3.1,338.62416666666667,6.75,10.266666666666667,339.2711111111111,6.0,-1.0,343.98375,5.75,8.64,341.178,5.8,-1.0,338.33000000000004,5.0,24.1,346.85,6.0,-1.0,351.15999999999997,6.5,-1.0,356.015,4.0,False,True,False,False,False,False,False,False,False,False,False,False,False,False,False,False
4,14,118.35,11,15,122.28,171.0,16,126.43,61.0,17,130.15,70.0,11.362921348314606,219.41106741573032,77.95786516853933,12.028571428571428,222.8513210445469,66.27035330261137,12.041229656419528,226.86157323688968,52.7992766726944,12.037473233404711,230.39813704496785,41.95289079229122,10.877932960893855,238.12659217877098,30.310055865921786,10.177131782945736,246.79166666666666,17.75968992248062,11.51222222222222,258.64344444444447,11.255555555555556,8.044117647058824,272.95323529411763,6.6911764705882355,8.096153846153847,283.06673076923073,8.028846153846153,6.184810126582279,298.4777215189873,6.063291139240507,8.3,307.23758620689654,6.189655172413793,4.7215686274509805,309.68549019607843,5.901960784313726,9.057777777777778,315.7886666666667,6.133333333333334,11.286486486486487,315.82216216216216,6.513513513513513,3.771428571428572,320.53464285714284,6.642857142857143,12.416000000000002,329.7432,6.72,1.4857142857142858,335.1142857142857,5.857142857142857,5.626666666666667,335.81,6.733333333333333,3.1,338.62416666666667,6.75,10.266666666666667,339.2711111111111,6.0,-1.0,343.98375,5.75,8.64,341.178,5.8,-1.0,338.33000000000004,5.0,24.1,346.85,6.0,-1.0,351.15999999999997,6.5,-1.0,356.015,4.0,False,False,False,False,False,False,False,False,True,False,False,False,False,False,False,False
6,6,168.65,59,7,172.7,49.0,9,180.82,38.0,9.3,183.95,73.0,-1.0,185.6,2.0,-1.0,189.8,2.0,12.041229656419528,226.86157323688968,52.7992766726944,12.037473233404711,230.39813704496785,41.95289079229122,10.877932960893855,238.12659217877098,30.310055865921786,10.177131782945736,246.79166666666666,17.75968992248062,11.51222222222222,258.64344444444447,11.255555555555556,8.044117647058824,272.95323529411763,6.6911764705882355,8.096153846153847,283.06673076923073,8.028846153846153,6.184810126582279,298.4777215189873,6.063291139240507,8.3,307.23758620689654,6.189655172413793,4.7215686274509805,309.68549019607843,5.901960784313726,9.057777777777778,315.7886666666667,6.133333333333334,11.286486486486487,315.82216216216216,6.513513513513513,3.771428571428572,320.53464285714284,6.642857142857143,12.416000000000002,329.7432,6.72,1.4857142857142858,335.1142857142857,5.857142857142857,5.626666666666667,335.81,6.733333333333333,3.1,338.62416666666667,6.75,10.266666666666667,339.2711111111111,6.0,-1.0,343.98375,5.75,8.64,341.178,5.8,-1.0,338.33000000000004,5.0,24.1,346.85,6.0,-1.0,351.15999999999997,6.5,-1.0,356.015,4.0,False,False,False,False,False,False,False,False,False,False,False,False,False,True,False,False
11,-1,203.62,1,8,215.16,52.0,-1,220.9,1.0,-1,224.35,2.0,12.0,231.27,25.0,-1.0,232.91,2.0,13.0,235.47,15.0,14.0,239.42,4.0,-1.0,240.08,4.0,-1.0,241.77,2.0,-1.0,245.56,2.0,8.044117647058824,272.95323529411763,6.6911764705882355,8.096153846153847,283.06673076923073,8.028846153846153,6.184810126582279,298.4777215189873,6.063291139240507,8.3,307.23758620689654,6.189655172413793,4.7215686274509805,309.68549019607843,5.901960784313726,9.057777777777778,315.7886666666667,6.133333333333334,11.286486486486487,315.82216216216216,6.513513513513513,3.771428571428572,320.53464285714284,6.642857142857143,12.416000000000002,329.7432,6.72,1.4857142857142858,335.1142857142857,5.857142857142857,5.626666666666667,335.81,6.733333333333333,3.1,338.62416666666667,6.75,10.266666666666667,339.2711111111111,6.0,-1.0,343.98375,5.75,8.64,341.178,5.8,-1.0,338.33000000000004,5.0,24.1,346.85,6.0,-1.0,351.15999999999997,6.5,-1.0,356.015,4.0,False,False,True,False,False,False,False,False,False,False,False,False,False,False,False,False
4,10,271.38,18,11,275.36,24.0,12.2,281.4,2.0,-1,284.37,3.0,11.362921348314606,219.41106741573032,77.95786516853933,12.028571428571428,222.8513210445469,66.27035330261137,12.041229656419528,226.86157323688968,52.7992766726944,12.037473233404711,230.39813704496785,41.95289079229122,10.877932960893855,238.12659217877098,30.310055865921786,10.177131782945736,246.79166666666666,17.75968992248062,11.51222222222222,258.64344444444447,11.255555555555556,8.044117647058824,272.95323529411763,6.6911764705882355,8.096153846153847,283.06673076923073,8.028846153846153,6.184810126582279,298.4777215189873,6.063291139240507,8.3,307.23758620689654,6.189655172413793,4.7215686274509805,309.68549019607843,5.901960784313726,9.057777777777778,315.7886666666667,6.133333333333334,11.286486486486487,315.82216216216216,6.513513513513513,3.771428571428572,320.53464285714284,6.642857142857143,12.416000000000002,329.7432,6.72,1.4857142857142858,335.1142857142857,5.857142857142857,5.626666666666667,335.81,6.733333333333333,3.1,338.62416666666667,6.75,10.266666666666667,339.2711111111111,6.0,-1.0,343.98375,5.75,8.64,341.178,5.8,-1.0,338.33000000000004,5.0,24.1,346.85,6.0,-1.0,351.15999999999997,6.5,-1.0,356.015,4.0,False,False,False,True,False,False,False,False,False,False,False,False,False,False,False,False
12,16,308.9,12,-1,310.31,2.0,18,316.46,2.0,-1,318.67,2.0,19.0,321.12,13.0,21.0,329.06,2.0,-1.0,330.92,2.0,26.0,349.45,2.0,-1.0,352.43,3.0,29.0,361.86,2.0,-1.0,363.47,3.0,-1.0,364.99,3.0,8.096153846153847,283.06673076923073,8.028846153846153,6.184810126582279,298.4777215189873,6.063291139240507,8.3,307.23758620689654,6.189655172413793,4.7215686274509805,309.68549019607843,5.901960784313726,9.057777777777778,315.7886666666667,6.133333333333334,11.286486486486487,315.82216216216216,6.513513513513513,3.771428571428572,320.53464285714284,6.642857142857143,12.416000000000002,329.7432,6.72,1.4857142857142858,335.1142857142857,5.857142857142857,5.626666666666667,335.81,6.733333333333333,3.1,338.62416666666667,6.75,10.266666666666667,339.2711111111111,6.0,-1.0,343.98375,5.75,8.64,341.178,5.8,-1.0,338.33000000000004,5.0,24.1,346.85,6.0,-1.0,351.15999999999997,6.5,-1.0,356.015,4.0,False,False,False,False,False,False,False,True,False,False,False,False,False,False,False,False
5,11,108.22,77,13,116.25,93.0,14,120.15,77.0,15,124.04,27.0,-1.0,137.53,4.0,12.028571428571428,222.8513210445469,66.27035330261137,12.041229656419528,226.86157323688968,52.7992766726944,12.037473233404711,230.39813704496785,41.95289079229122,10.877932960893855,238.12659217877098,30.310055865921786,10.177131782945736,246.79166666666666,17.75968992248062,11.51222222222222,258.64344444444447,11.255555555555556,8.044117647058824,272.95323529411763,6.6911764705882355,8.096153846153847,283.06673076923073,8.028846153846153,6.184810126582279,298.4777215189873,6.063291139240507,8.3,307.23758620689654,6.189655172413793,4.7215686274509805,309.68549019607843,5.901960784313726,9.057777777777778,315.7886666666667,6.133333333333334,11.286486486486487,315.82216216216216,6.513513513513513,3.771428571428572,320.53464285714284,6.642857142857143,12.416000000000002,329.7432,6.72,1.4857142857142858,335.1142857142857,5.857142857142857,5.626666666666667,335.81,6.733333333333333,3.1,338.62416666666667,6.75,10.266666666666667,339.2711111111111,6.0,-1.0,343.98375,5.75,8.64,341.178,5.8,-1.0,338.33000000000004,5.0,24.1,346.85,6.0,-1.0,351.15999999999997,6.5,-1.0,356.015,4.0,False,False,False,False,False,True,False,False,False,False,False,False,False,False,False,False
10,-1,149.87,4,13,160.0,29.0,-1,161.7,6.0,-1,166.14,6.0,16.0,172.21,43.0,-1.0,178.62,4.0,-1.0,181.48,4.0,19.0,184.45,11.0,20.0,188.56,77.0,-1.0,198.68,7.0,11.51222222222222,258.64344444444447,11.255555555555556,8.044117647058824,272.95323529411763,6.6911764705882355,8.096153846153847,283.06673076923073,8.028846153846153,6.184810126582279,298.4777215189873,6.063291139240507,8.3,307.23758620689654,6.189655172413793,4.7215686274509805,309.68549019607843,5.901960784313726,9.057777777777778,315.7886666666667,6.133333333333334,11.286486486486487,315.82216216216216,6.513513513513513,3.771428571428572,320.53464285714284,6.642857142857143,12.416000000000002,329.7432,6.72,1.4857142857142858,335.1142857142857,5.857142857142857,5.626666666666667,335.81,6.733333333333333,3.1,338.62416666666667,6.75,10.266666666666667,339.2711111111111,6.0,-1.0,343.98375,5.75,8.64,341.178,5.8,-1.0,338.33000000000004,5.0,24.1,346.85,6.0,-1.0,351.15999999999997,6.5,-1.0,356.015,4.0,False,False,False,False,False,False,False,False,False,False,False,False,False,False,False,True
2,8,228.96,10,11,240.93,28.0,,210.75846753246756,71.04545454545455,,216.6818641810919,87.4513981358189,11.362921348314606,219.41106741573032,77.95786516853933,12.028571428571428,222.8513210445469,66.27035330261137,12.041229656419528,226.86157323688968,52.7992766726944,12.037473233404711,230.39813704496785,41.95289079229122,10.877932960893855,238.12659217877098,30.310055865921786,10.177131782945736,246.79166666666666,17.75968992248062,11.51222222222222,258.64344444444447,11.255555555555556,8.044117647058824,272.95323529411763,6.6911764705882355,8.096153846153847,283.06673076923073,8.028846153846153,6.184810126582279,298.4777215189873,6.063291139240507,8.3,307.23758620689654,6.189655172413793,4.7215686274509805,309.68549019607843,5.901960784313726,9.057777777777778,315.7886666666667,6.133333333333334,11.286486486486487,315.82216216216216,6.513513513513513,3.771428571428572,320.53464285714284,6.642857142857143,12.416000000000002,329.7432,6.72,1.4857142857142858,335.1142857142857,5.857142857142857,5.626666666666667,335.81,6.733333333333333,3.1,338.62416666666667,6.75,10.266666666666667,339.2711111111111,6.0,-1.0,343.98375,5.75,8.64,341.178,5.8,-1.0,338.33000000000004,5.0,24.1,346.85,6.0,-1.0,351.15999999999997,6.5,-1.0,356.015,4.0,False,False,False,False,False,False,False,False,False,False,False,False,False,False,True,False
4,-1,266.34,4,-1,280.25,5.0,14,289.3,14.0,17.2,303.4,3.0,11.362921348314606,219.41106741573032,77.95786516853933,12.028571428571428,222.8513210445469,66.27035330261137,12.041229656419528,226.86157323688968,52.7992766726944,12.037473233404711,230.39813704496785,41.95289079229122,10.877932960893855,238.12659217877098,30.310055865921786,10.177131782945736,246.79166666666666,17.75968992248062,11.51222222222222,258.64344444444447,11.255555555555556,8.044117647058824,272.95323529411763,6.6911764705882355,8.096153846153847,283.06673076923073,8.028846153846153,6.184810126582279,298.4777215189873,6.063291139240507,8.3,307.23758620689654,6.189655172413793,4.7215686274509805,309.68549019607843,5.901960784313726,9.057777777777778,315.7886666666667,6.133333333333334,11.286486486486487,315.82216216216216,6.513513513513513,3.771428571428572,320.53464285714284,6.642857142857143,12.416000000000002,329.7432,6.72,1.4857142857142858,335.1142857142857,5.857142857142857,5.626666666666667,335.81,6.733333333333333,3.1,338.62416666666667,6.75,10.266666666666667,339.2711111111111,6.0,-1.0,343.98375,5.75,8.64,341.178,5.8,-1.0,338.33000000000004,5.0,24.1,346.85,6.0,-1.0,351.15999999999997,6.5,-1.0,356.015,4.0,False,False,False,False,True,False,False,False,False,False,False,False,False,False,False,False
2,X,104.99,103,Y,110.96,128.0,,210.75846753246756,71.04545454545455,,216.6818641810919,87.4513981358189,11.362921348314606,219.41106741573032,77.95786516853933,12.028571428571428,222.8513210445469,66.27035330261137,12.041229656419528,226.86157323688968,52.7992766726944,12.037473233404711,230.39813704496785,41.95289079229122,10.877932960893855,238.12659217877098,30.310055865921786,10.177131782945736,246.79166666666666,17.75968992248062,11.51222222222222,258.64344444444447,11.255555555555556,8.044117647058824,272.95323529411763,6.6911764705882355,8.096153846153847,283.06673076923073,8.028846153846153,6.184810126582279,298.4777215189873,6.063291139240507,8.3,307.23758620689654,6.189655172413793,4.7215686274509805,309.68549019607843,5.901960784313726,9.057777777777778,315.7886666666667,6.133333333333334,11.286486486486487,315.82216216216216,6.513513513513513,3.771428571428572,320.53464285714284,6.642857142857143,12.416000000000002,329.7432,6.72,1.4857142857142858,335.1142857142857,5.857142857142857,5.626666666666667,335.81,6.733333333333333,3.1,338.62416666666667,6.75,10.266666666666667,339.2711111111111,6.0,-1.0,343.98375,5.75,8.64,341.178,5.8,-1.0,338.33000000000004,5.0,24.1,346.85,6.0,-1.0,351.15999999999997,6.5,-1.0,356.015,4.0,True,False,False,False,False,False,False,False,False,False,False,False,False,False,False,False
6,8,137.06,8,10,144.76,13.0,-1,147.11,6.0,11,148.89,133.0,-1.0,150.19,9.0,12.0,152.96,25.0,12.041229656419528,226.86157323688968,52.7992766726944,12.037473233404711,230.39813704496785,41.95289079229122,10.877932960893855,238.12659217877098,30.310055865921786,10.177131782945736,246.79166666666666,17.75968992248062,11.51222222222222,258.64344444444447,11.255555555555556,8.044117647058824,272.95323529411763,6.6911764705882355,8.096153846153847,283.06673076923073,8.028846153846153,6.184810126582279,298.4777215189873,6.063291139240507,8.3,307.23758620689654,6.189655172413793,4.7215686274509805,309.68549019607843,5.901960784313726,9.057777777777778,315.7886666666667,6.133333333333334,11.286486486486487,315.82216216216216,6.513513513513513,3.771428571428572,320.53464285714284,6.642857142857143,12.416000000000002,329.7432,6.72,1.4857142857142858,335.1142857142857,5.857142857142857,5.626666666666667,335.81,6.733333333333333,3.1,338.62416666666667,6.75,10.266666666666667,339.2711111111111,6.0,-1.0,343.98375,5.75,8.64,341.178,5.8,-1.0,338.33000000000004,5.0,24.1,346.85,6.0,-1.0,351.15999999999997,6.5,-1.0,356.015,4.0,False,False,False,False,False,False,False,False,False,True,False,False,False,False,False,False
20,-1,209.37,2,17.2,214.91,6.0,21,229.21,19.0,22,233.16,5.0,22.2,235.38,5.0,23.0,237.11,5.0,24.0,241.35,24.0,25.0,245.56,31.0,27.0,253.35,4.0,28.2,259.19,3.0,31.0,269.98,6.0,31.2,271.22,7.0,31.2,271.96,7.0,-1.0,278.51,6.0,33.2,279.34,7.0,-1.0,294.98,4.0,-1.0,310.31,5.0,46.2,332.19,7.0,-1.0,338.49,5.0,-1.0,345.45,8.0,1.4857142857142858,335.1142857142857,5.857142857142857,5.626666666666667,335.81,6.733333333333333,3.1,338.62416666666667,6.75,10.266666666666667,339.2711111111111,6.0,-1.0,343.98375,5.75,8.64,341.178,5.8,-1.0,338.33000000000004,5.0,24.1,346.85,6.0,-1.0,351.15999999999997,6.5,-1.0,356.015,4.0,False,False,False,False,False,False,False,False,False,False,False,False,True,False,False,False
10,-1,112.92,2,-1,124.26,3.0,-1,125.18,3.0,10,129.65,42.0,-1.0,139.21,1.0,14.0,146.19,50.0,15.0,150.32,44.0,-1.0,169.42,2.0,-1.0,172.4,2.0,-1.0,177.74,1.0,11.51222222222222,258.64344444444447,11.255555555555556,8.044117647058824,272.95323529411763,6.6911764705882355,8.096153846153847,283.06673076923073,8.028846153846153,6.184810126582279,298.4777215189873,6.063291139240507,8.3,307.23758620689654,6.189655172413793,4.7215686274509805,309.68549019607843,5.901960784313726,9.057777777777778,315.7886666666667,6.133333333333334,11.286486486486487,315.82216216216216,6.513513513513513,3.771428571428572,320.53464285714284,6.642857142857143,12.416000000000002,329.7432,6.72,1.4857142857142858,335.1142857142857,5.857142857142857,5.626666666666667,335.81,6.733333333333333,3.1,338.62416666666667,6.75,10.266666666666667,339.2711111111111,6.0,-1.0,343.98375,5.75,8.64,341.178,5.8,-1.0,338.33000000000004,5.0,24.1,346.85,6.0,-1.0,351.15999999999997,6.5,-1.0,356.015,4.0,False,False,False,False,False,False,False,False,False,False,False,True,False,False,False,False
9,24,182.46,1,26,190.74,2.0,-1,191.89,2.0,27,194.68,8.0,28.0,198.69,50.0,32.2,217.08,7.0,33.0,218.75,3.0,37.2,237.37,2.0,38.2,241.18,3.0,10.177131782945736,246.79166666666666,17.75968992248062,11.51222222222222,258.64344444444447,11.255555555555556,8.044117647058824,272.95323529411763,6.6911764705882355,8.096153846153847,283.06673076923073,8.028846153846153,6.184810126582279,298.4777215189873,6.063291139240507,8.3,307.23758620689654,6.189655172413793,4.7215686274509805,309.68549019607843,5.901960784313726,9.057777777777778,315.7886666666667,6.133333333333334,11.286486486486487,315.82216216216216,6.513513513513513,3.771428571428572,320.53464285714284,6.642857142857143,12.416000000000002,329.7432,6.72,1.4857142857142858,335.1142857142857,5.857142857142857,5.626666666666667,335.81,6.733333333333333,3.1,338.62416666666667,6.75,10.266666666666667,339.2711111111111,6.0,-1.0,343.98375,5.75,8.64,341.178,5.8,-1.0,338.33000000000004,5.0,24.1,346.85,6.0,-1.0,351.15999999999997,6.5,-1.0,356.015,4.0,False,False,False,False,False,False,True,False,False,False,False,False,False,False,False,False
9,-1,252.68,2,6,253.73,2.0,8,262.29,7.0,9,266.15,9.0,10.0,270.09,18.0,-1.0,271.99,2.0,-1.0,276.77,2.0,-1.0,284.43,2.0,-1.0,286.97,1.0,10.177131782945736,246.79166666666666,17.75968992248062,11.51222222222222,258.64344444444447,11.255555555555556,8.044117647058824,272.95323529411763,6.6911764705882355,8.096153846153847,283.06673076923073,8.028846153846153,6.184810126582279,298.4777215189873,6.063291139240507,8.3,307.23758620689654,6.189655172413793,4.7215686274509805,309.68549019607843,5.901960784313726,9.057777777777778,315.7886666666667,6.133333333333334,11.286486486486487,315.82216216216216,6.513513513513513,3.771428571428572,320.53464285714284,6.642857142857143,12.416000000000002,329.7432,6.72,1.4857142857142858,335.1142857142857,5.857142857142857,5.626666666666667,335.81,6.733333333333333,3.1,338.62416666666667,6.75,10.266666666666667,339.2711111111111,6.0,-1.0,343.98375,5.75,8.64,341.178,5.8,-1.0,338.33000000000004,5.0,24.1,346.85,6.0,-1.0,351.15999999999997,6.5,-1.0,356.015,4.0,False,False,False,False,False,False,False,False,False,False,True,False,False,False,False,False
6,5,298.93,2,9,314.09,2.0,-1,316.38,2.0,-1,320.09,2.0,-1.0,332.68,2.0,-1.0,340.17,2.0,12.041229656419528,226.86157323688968,52.7992766726944,12.037473233404711,230.39813704496785,41.95289079229122,10.877932960893855,238.12659217877098,30.310055865921786,10.177131782945736,246.79166666666666,17.75968992248062,11.51222222222222,258.64344444444447,11.255555555555556,8.044117647058824,272.95323529411763,6.6911764705882355,8.096153846153847,283.06673076923073,8.028846153846153,6.184810126582279,298.4777215189873,6.063291139240507,8.3,307.23758620689654,6.189655172413793,4.7215686274509805,309.68549019607843,5.901960784313726,9.057777777777778,315.7886666666667,6.133333333333334,11.286486486486487,315.82216216216216,6.513513513513513,3.771428571428572,320.53464285714284,6.642857142857143,12.416000000000002,329.7432,6.72,1.4857142857142858,335.1142857142857,5.857142857142857,5.626666666666667,335.81,6.733333333333333,3.1,338.62416666666667,6.75,10.266666666666667,339.2711111111111,6.0,-1.0,343.98375,5.75,8.64,341.178,5.8,-1.0,338.33000000000004,5.0,24.1,346.85,6.0,-1.0,351.15999999999997,6.5,-1.0,356.015,4.0,False,True,False,False,False,False,False,False,False,False,False,False,False,False,False,False
11,-1,96.67,10,-1,100.63,3.0,-1,101.82,3.0,-1,112.92,1.0,15.0,122.35,38.0,16.0,126.41,60.0,16.2,128.57,2.0,17.0,130.19,79.0,18.2,136.36,4.0,-1.0,139.68,3.0,-1.0,143.21,3.0,8.044117647058824,272.95323529411763,6.6911764705882355,8.096153846153847,283.06673076923073,8.028846153846153,6.184810126582279,298.4777215189873,6.063291139240507,8.3,307.23758620689654,6.189655172413793,4.7215686274509805,309.68549019607843,5.901960784313726,9.057777777777778,315.7886666666667,6.133333333333334,11.286486486486487,315.82216216216216,6.513513513513513,3.771428571428572,320.53464285714284,6.642857142857143,12.416000000000002,329.7432,6.72,1.4857142857142858,335.1142857142857,5.857142857142857,5.626666666666667,335.81,6.733333333333333,3.1,338.62416666666667,6.75,10.266666666666667,339.2711111111111,6.0,-1.0,343.98375,5.75,8.64,341.178,5.8,-1.0,338.33000000000004,5.0,24.1,346.85,6.0,-1.0,351.15999999999997,6.5,-1.0,356.015,4.0,False,False,False,False,False,False,False,False,True,False,False,False,False,False,False,False
7,-1,163.94,2,6,168.53,30.0,7,172.65,30.0,8,176.69,3.0,9.0,180.82,23.0,-1.0,182.3,2.0,9.3,183.94,49.0,12.037473233404711,230.39813704496785,41.95289079229122,10.877932960893855,238.12659217877098,30.310055865921786,10.177131782945736,246.79166666666666,17.75968992248062,11.51222222222222,258.64344444444447,11.255555555555556,8.044117647058824,272.95323529411763,6.6911764705882355,8.096153846153847,283.06673076923073,8.028846153846153,6.184810126582279,298.4777215189873,6.063291139240507,8.3,307.23758620689654,6.189655172413793,4.7215686274509805,309.68549019607843,5.901960784313726,9.057777777777778,315.7886666666667,6.133333333333334,11.286486486486487,315.82216216216216,6.513513513513513,3.771428571428572,320.53464285714284,6.642857142857143,12.416000000000002,329.7432,6.72,1.4857142857142858,335.1142857142857,5.857142857142857,5.626666666666667,335.81,6.733333333333333,3.1,338.62416666666667,6.75,10.266666666666667,339.2711111111111,6.0,-1.0,343.98375,5.75,8.64,341.178,5.8,-1.0,338.33000000000004,5.0,24.1,346.85,6.0,-1.0,351.15999999999997,6.5,-1.0,356.015,4.0,False,False,False,False,False,False,False,False,False,False,False,False,False,True,False,False
9,-1,204.48,2,-1,211.89,3.0,8,215.25,14.0,-1,217.33,8.0,9.0,219.0,5.0,-1.0,221.88,2.0,11.0,227.45,4.0,12.0,231.3,14.0,-1.0,241.52,3.0,10.177131782945736,246.79166666666666,17.75968992248062,11.51222222222222,258.64344444444447,11.255555555555556,8.044117647058824,272.95323529411763,6.6911764705882355,8.096153846153847,283.06673076923073,8.028846153846153,6.184810126582279,298.4777215189873,6.063291139240507,8.3,307.23758620689654,6.189655172413793,4.7215686274509805,309.68549019607843,5.901960784313726,9.057777777777778,315.7886666666667,6.133333333333334,11.286486486486487,315.82216216216216,6.513513513513513,3.771428571428572,320.53464285714284,6.642857142857143,12.416000000000002,329.7432,6.72,1.4857142857142858,335.1142857142857,5.857142857142857,5.626666666666667,335.81,6.733333333333333,3.1,338.62416666666667,6.75,10.266666666666667,339.2711111111111,6.0,-1.0,343.98375,5.75,8.64,341.178,5.8,-1.0,338.33000000000004,5.0,24.1,346.85,6.0,-1.0,351.15999999999997,6.5,-1.0,356.015,4.0,False,False,True,False,False,False,False,False,False,False,False,False,False,False,False,False
5,8,263.28,1,10,271.25,12.0,12,279.26,4.0,-1,284.75,2.0,-1.0,285.24,2.0,12.028571428571428,222.8513210445469,66.27035330261137,12.041229656419528,226.86157323688968,52.7992766726944,12.037473233404711,230.39813704496785,41.95289079229122,10.877932960893855,238.12659217877098,30.310055865921786,10.177131782945736,246.79166666666666,17.75968992248062,11.51222222222222,258.64344444444447,11.255555555555556,8.044117647058824,272.95323529411763,6.6911764705882355,8.096153846153847,283.06673076923073,8.028846153846153,6.184810126582279,298.4777215189873,6.063291139240507,8.3,307.23758620689654,6.189655172413793,4.7215686274509805,309.68549019607843,5.901960784313726,9.057777777777778,315.7886666666667,6.133333333333334,11.286486486486487,315.82216216216216,6.513513513513513,3.771428571428572,320.53464285714284,6.642857142857143,12.416000000000002,329.7432,6.72,1.4857142857142858,335.1142857142857,5.857142857142857,5.626666666666667,335.81,6.733333333333333,3.1,338.62416666666667,6.75,10.266666666666667,339.2711111111111,6.0,-1.0,343.98375,5.75,8.64,341.178,5.8,-1.0,338.33000000000004,5.0,24.1,346.85,6.0,-1.0,351.15999999999997,6.5,-1.0,356.015,4.0,False,False,False,True,False,False,False,False,False,False,False,False,False,False,False,False
4,20,324.85,3,-1,345.76,2.0,29,361.09,2.0,-1,365.64,2.0,11.362921348314606,219.41106741573032,77.95786516853933,12.028571428571428,222.8513210445469,66.27035330261137,12.041229656419528,226.86157323688968,52.7992766726944,12.037473233404711,230.39813704496785,41.95289079229122,10.877932960893855,238.12659217877098,30.310055865921786,10.177131782945736,246.79166666666666,17.75968992248062,11.51222222222222,258.64344444444447,11.255555555555556,8.044117647058824,272.95323529411763,6.6911764705882355,8.096153846153847,283.06673076923073,8.028846153846153,6.184810126582279,298.4777215189873,6.063291139240507,8.3,307.23758620689654,6.189655172413793,4.7215686274509805,309.68549019607843,5.901960784313726,9.057777777777778,315.7886666666667,6.133333333333334,11.286486486486487,315.82216216216216,6.513513513513513,3.771428571428572,320.53464285714284,6.642857142857143,12.416000000000002,329.7432,6.72,1.4857142857142858,335.1142857142857,5.857142857142857,5.626666666666667,335.81,6.733333333333333,3.1,338.62416666666667,6.75,10.266666666666667,339.2711111111111,6.0,-1.0,343.98375,5.75,8.64,341.178,5.8,-1.0,338.33000000000004,5.0,24.1,346.85,6.0,-1.0,351.15999999999997,6.5,-1.0,356.015,4.0,False,False,False,False,False,False,False,True,False,False,False,False,False,False,False,False
8,11,108.25,44,-1,113.54,6.0,13,116.33,70.0,-1,117.68,5.0,13.2,118.2,5.0,14.0,120.23,60.0,15.0,124.11,10.0,-1.0,141.61,4.0,10.877932960893855,238.12659217877098,30.310055865921786,10.177131782945736,246.79166666666666,17.75968992248062,11.51222222222222,258.64344444444447,11.255555555555556,8.044117647058824,272.95323529411763,6.6911764705882355,8.096153846153847,283.06673076923073,8.028846153846153,6.184810126582279,298.4777215189873,6.063291139240507,8.3,307.23758620689654,6.189655172413793,4.7215686274509805,309.68549019607843,5.901960784313726,9.057777777777778,315.7886666666667,6.133333333333334,11.286486486486487,315.82216216216216,6.513513513513513,3.771428571428572,320.53464285714284,6.642857142857143,12.416000000000002,329.7432,6.72,1.4857142857142858,335.1142857142857,5.857142857142857,5.626666666666667,335.81,6.733333333333333,3.1,338.62416666666667,6.75,10.266666666666667,339.2711111111111,6.0,-1.0,343.98375,5.75,8.64,341.178,5.8,-1.0,338.33000000000004,5.0,24.1,346.85,6.0,-1.0,351.15999999999997,6.5,-1.0,356.015,4.0,False,False,False,False,False,True,False,False,False,False,False,False,False,False,False,False
5,13,160.0,34,-1,171.44,6.0,16,172.16,13.0,20,188.53,23.0,-1.0,191.15,7.0,12.028571428571428,222.8513210445469,66.27035330261137,12.041229656419528,226.86157323688968,52.7992766726944,12.037473233404711,230.39813704496785,41.95289079229122,10.877932960893855,238.12659217877098,30.310055865921786,10.177131782945736,246.79166666666666,17.75968992248062,11.51222222222222,258.64344444444447,11.255555555555556,8.044117647058824,272.95323529411763,6.6911764705882355,8.096153846153847,283.06673076923073,8.028846153846153,6.184810126582279,298.4777215189873,6.063291139240507,8.3,307.23758620689654,6.189655172413793,4.7215686274509805,309.68549019607843,5.901960784313726,9.057777777777778,315.7886666666667,6.133333333333334,11.286486486486487,315.82216216216216,6.513513513513513,3.771428571428572,320.53464285714284,6.642857142857143,12.416000000000002,329.7432,6.72,1.4857142857142858,335.1142857142857,5.857142857142857,5.626666666666667,335.81,6.733333333333333,3.1,338.62416666666667,6.75,10.266666666666667,339.2711111111111,6.0,-1.0,343.98375,5.75,8.64,341.178,5.8,-1.0,338.33000000000004,5.0,24.1,346.85,6.0,-1.0,351.15999999999997,6.5,-1.0,356.015,4.0,False,False,False,False,False,False,False,False,False,False,False,False,False,False,False,True
7,7,224.83,6,-1,226.14,6.0,8,228.92,38.0,-1,235.73,5.0,11.0,240.93,34.0,-1.0,251.62,7.0,-1.0,253.97,8.0,12.037473233404711,230.39813704496785,41.95289079229122,10.877932960893855,238.12659217877098,30.310055865921786,10.177131782945736,246.79166666666666,17.75968992248062,11.51222222222222,258.64344444444447,11.255555555555556,8.044117647058824,272.95323529411763,6.6911764705882355,8.096153846153847,283.06673076923073,8.028846153846153,6.184810126582279,298.4777215189873,6.063291139240507,8.3,307.23758620689654,6.189655172413793,4.7215686274509805,309.68549019607843,5.901960784313726,9.057777777777778,315.7886666666667,6.133333333333334,11.286486486486487,315.82216216216216,6.513513513513513,3.771428571428572,320.53464285714284,6.642857142857143,12.416000000000002,329.7432,6.72,1.4857142857142858,335.1142857142857,5.857142857142857,5.626666666666667,335.81,6.733333333333333,3.1,338.62416666666667,6.75,10.266666666666667,339.2711111111111,6.0,-1.0,343.98375,5.75,8.64,341.178,5.8,-1.0,338.33000000000004,5.0,24.1,346.85,6.0,-1.0,351.15999999999997,6.5,-1.0,356.015,4.0,False,False,False,False,False,False,False,False,False,False,False,False,False,False,True,False
11,-1,280.41,7,12.2,283.36,4.0,15,293.52,6.0,-1,294.26,5.0,18.0,304.78,5.0,-1.0,305.6,2.0,20.0,312.9,7.0,-1.0,327.05,5.0,25.0,333.69,6.0,-1.0,334.52,7.0,-1.0,346.35,4.0,8.044117647058824,272.95323529411763,6.6911764705882355,8.096153846153847,283.06673076923073,8.028846153846153,6.184810126582279,298.4777215189873,6.063291139240507,8.3,307.23758620689654,6.189655172413793,4.7215686274509805,309.68549019607843,5.901960784313726,9.057777777777778,315.7886666666667,6.133333333333334,11.286486486486487,315.82216216216216,6.513513513513513,3.771428571428572,320.53464285714284,6.642857142857143,12.416000000000002,329.7432,6.72,1.4857142857142858,335.1142857142857,5.857142857142857,5.626666666666667,335.81,6.733333333333333,3.1,338.62416666666667,6.75,10.266666666666667,339.2711111111111,6.0,-1.0,343.98375,5.75,8.64,341.178,5.8,-1.0,338.33000000000004,5.0,24.1,346.85,6.0,-1.0,351.15999999999997,6.5,-1.0,356.015,4.0,False,False,False,False,True,False,False,False,False,False,False,False,False,False,False,False
2,X,105.04,79,Y,110.9,87.0,,210.75846753246756,71.04545454545455,,216.6818641810919,87.4513981358189,11.362921348314606,219.41106741573032,77.95786516853933,12.028571428571428,222.8513210445469,66.27035330261137,12.041229656419528,226.86157323688968,52.7992766726944,12.037473233404711,230.39813704496785,41.95289079229122,10.877932960893855,238.12659217877098,30.310055865921786,10.177131782945736,246.79166666666666,17.75968992248062,11.51222222222222,258.64344444444447,11.255555555555556,8.044117647058824,272.95323529411763,6.6911764705882355,8.096153846153847,283.06673076923073,8.028846153846153,6.184810126582279,298.4777215189873,6.063291139240507,8.3,307.23758620689654,6.189655172413793,4.7215686274509805,309.68549019607843,5.901960784313726,9.057777777777778,315.7886666666667,6.133333333333334,11.286486486486487,315.82216216216216,6.513513513513513,3.771428571428572,320.53464285714284,6.642857142857143,12.416000000000002,329.7432,6.72,1.4857142857142858,335.1142857142857,5.857142857142857,5.626666666666667,335.81,6.733333333333333,3.1,338.62416666666667,6.75,10.266666666666667,339.2711111111111,6.0,-1.0,343.98375,5.75,8.64,341.178,5.8,-1.0,338.33000000000004,5.0,24.1,346.85,6.0,-1.0,351.15999999999997,6.5,-1.0,356.015,4.0,True,False,False,False,False,False,False,False,False,False,False,False,False,False,False,False
2,11,148.86,86,-1,152.26,5.0,,210.75846753246756,71.04545454545455,,216.6818641810919,87.4513981358189,11.362921348314606,219.41106741573032,77.95786516853933,12.028571428571428,222.8513210445469,66.27035330261137,12.041229656419528,226.86157323688968,52.7992766726944,12.037473233404711,230.39813704496785,41.95289079229122,10.877932960893855,238.12659217877098,30.310055865921786,10.177131782945736,246.79166666666666,17.75968992248062,11.51222222222222,258.64344444444447,11.255555555555556,8.044117647058824,272.95323529411763,6.6911764705882355,8.096153846153847,283.06673076923073,8.028846153846153,6.184810126582279,298.4777215189873,6.063291139240507,8.3,307.23758620689654,6.189655172413793,4.7215686274509805,309.68549019607843,5.901960784313726,9.057777777777778,315.7886666666667,6.133333333333334,11.286486486486487,315.82216216216216,6.513513513513513,3.771428571428572,320.53464285714284,6.642857142857143,12.416000000000002,329.7432,6.72,1.4857142857142858,335.1142857142857,5.857142857142857,5.626666666666667,335.81,6.733333333333333,3.1,338.62416666666667,6.75,10.266666666666667,339.2711111111111,6.0,-1.0,343.98375,5.75,8.64,341.178,5.8,-1.0,338.33000000000004,5.0,24.1,346.85,6.0,-1.0,351.15999999999997,6.5,-1.0,356.015,4.0,False,False,False,False,False,False,False,False,False,True,False,False,False,False,False,False
16,18,217.33,22,18.2,219.0,16.0,-1,227.94,9.0,25,246.06,5.0,28.0,257.43,6.0,-1.0,258.48,6.0,31.2,271.25,6.0,-1.0,285.16,6.0,-1.0,293.77,2.0,-1.0,304.04,6.0,-1.0,307.16,4.0,-1.0,317.7,6.0,44.2,324.09,6.0,-1.0,333.1,5.0,-1.0,338.01,4.0,-1.0,338.92,6.0,9.057777777777778,315.7886666666667,6.133333333333334,11.286486486486487,315.82216216216216,6.513513513513513,3.771428571428572,320.53464285714284,6.642857142857143,12.416000000000002,329.7432,6.72,1.4857142857142858,335.1142857142857,5.857142857142857,5.626666666666667,335.81,6.733333333333333,3.1,338.62416666666667,6.75,10.266666666666667,339.2711111111111,6.0,-1.0,343.98375,5.75,8.64,341.178,5.8,-1.0,338.33000000000004,5.0,24.1,346.85,6.0,-1.0,351.15999999999997,6.5,-1.0,356.015,4.0,False,False,False,False,False,False,False,False,False,False,False,False,True,False,False,False
7,-1,118.23,3,-1,128.59,2.0,10,129.78,10.0,12,137.99,2.0,14.0,146.21,37.0,15.0,150.32,30.0,-1.0,160.25,2.0,12.037473233404711,230.39813704496785,41.95289079229122,10.877932960893855,238.12659217877098,30.310055865921786,10.177131782945736,246.79166666666666,17.75968992248062,11.51222222222222,258.64344444444447,11.255555555555556,8.044117647058824,272.95323529411763,6.6911764705882355,8.096153846153847,283.06673076923073,8.028846153846153,6.184810126582279,298.4777215189873,6.063291139240507,8.3,307.23758620689654,6.189655172413793,4.7215686274509805,309.68549019607843,5.901960784313726,9.057777777777778,315.7886666666667,6.133333333333334,11.286486486486487,315.82216216216216,6.513513513513513,3.771428571428572,320.53464285714284,6.642857142857143,12.416000000000002,329.7432,6.72,1.4857142857142858,335.1142857142857,5.857142857142857,5.626666666666667,335.81,6.733333333333333,3.1,338.62416666666667,6.75,10.266666666666667,339.2711111111111,6.0,-1.0,343.98375,5.75,8.64,341.178,5.8,-1.0,338.33000000000004,5.0,24.1,346.85,6.0,-1.0,351.15999999999997,6.5,-1.0,356.015,4.0,False,False,False,False,False,False,False,False,False,False,False,True,False,False,False,False
7,23.2,180.17,3,-1,195.15,3.0,28,198.83,9.0,-1,200.08,2.0,31.0,210.77,10.0,-1.0,231.57,2.0,37.0,234.77,2.0,12.037473233404711,230.39813704496785,41.95289079229122,10.877932960893855,238.12659217877098,30.310055865921786,10.177131782945736,246.79166666666666,17.75968992248062,11.51222222222222,258.64344444444447,11.255555555555556,8.044117647058824,272.95323529411763,6.6911764705882355,8.096153846153847,283.06673076923073,8.028846153846153,6.184810126582279,298.4777215189873,6.063291139240507,8.3,307.23758620689654,6.189655172413793,4.7215686274509805,309.68549019607843,5.901960784313726,9.057777777777778,315.7886666666667,6.133333333333334,11.286486486486487,315.82216216216216,6.513513513513513,3.771428571428572,320.53464285714284,6.642857142857143,12.416000000000002,329.7432,6.72,1.4857142857142858,335.1142857142857,5.857142857142857,5.626666666666667,335.81,6.733333333333333,3.1,338.62416666666667,6.75,10.266666666666667,339.2711111111111,6.0,-1.0,343.98375,5.75,8.64,341.178,5.8,-1.0,338.33000000000004,5.0,24.1,346.85,6.0,-1.0,351.15999999999997,6.5,-1.0,356.015,4.0,False,False,False,False,False,False,True,False,False,False,False,False,False,False,False,False
2,-1,285.55,2,15,290.67,1.0,,210.75846753246756,71.04545454545455,,216.6818641810919,87.4513981358189,11.362921348314606,219.41106741573032,77.95786516853933,12.028571428571428,222.8513210445469,66.27035330261137,12.041229656419528,226.86157323688968,52.7992766726944,12.037473233404711,230.39813704496785,41.95289079229122,10.877932960893855,238.12659217877098,30.310055865921786,10.177131782945736,246.79166666666666,17.75968992248062,11.51222222222222,258.64344444444447,11.255555555555556,8.044117647058824,272.95323529411763,6.6911764705882355,8.096153846153847,283.06673076923073,8.028846153846153,6.184810126582279,298.4777215189873,6.063291139240507,8.3,307.23758620689654,6.189655172413793,4.7215686274509805,309.68549019607843,5.901960784313726,9.057777777777778,315.7886666666667,6.133333333333334,11.286486486486487,315.82216216216216,6.513513513513513,3.771428571428572,320.53464285714284,6.642857142857143,12.416000000000002,329.7432,6.72,1.4857142857142858,335.1142857142857,5.857142857142857,5.626666666666667,335.81,6.733333333333333,3.1,338.62416666666667,6.75,10.266666666666667,339.2711111111111,6.0,-1.0,343.98375,5.75,8.64,341.178,5.8,-1.0,338.33000000000004,5.0,24.1,346.85,6.0,-1.0,351.15999999999997,6.5,-1.0,356.015,4.0,False,False,False,False,False,False,False,False,False,False,True,False,False,False,False,False
4,11,322.71,8,12,326.54,2.0,-1,335.79,2.0,-1,340.09,3.0,11.362921348314606,219.41106741573032,77.95786516853933,12.028571428571428,222.8513210445469,66.27035330261137,12.041229656419528,226.86157323688968,52.7992766726944,12.037473233404711,230.39813704496785,41.95289079229122,10.877932960893855,238.12659217877098,30.310055865921786,10.177131782945736,246.79166666666666,17.75968992248062,11.51222222222222,258.64344444444447,11.255555555555556,8.044117647058824,272.95323529411763,6.6911764705882355,8.096153846153847,283.06673076923073,8.028846153846153,6.184810126582279,298.4777215189873,6.063291139240507,8.3,307.23758620689654,6.189655172413793,4.7215686274509805,309.68549019607843,5.901960784313726,9.057777777777778,315.7886666666667,6.133333333333334,11.286486486486487,315.82216216216216,6.513513513513513,3.771428571428572,320.53464285714284,6.642857142857143,12.416000000000002,329.7432,6.72,1.4857142857142858,335.1142857142857,5.857142857142857,5.626666666666667,335.81,6.733333333333333,3.1,338.62416666666667,6.75,10.266666666666667,339.2711111111111,6.0,-1.0,343.98375,5.75,8.64,341.178,5.8,-1.0,338.33000000000004,5.0,24.1,346.85,6.0,-1.0,351.15999999999997,6.5,-1.0,356.015,4.0,False,True,False,False,False,False,False,False,False,False,False,False,False,False,False,False
4,-1,95.61,4,-1,97.96,3.0,15,122.17,22.0,17,130.17,36.0,11.362921348314606,219.41106741573032,77.95786516853933,12.028571428571428,222.8513210445469,66.27035330261137,12.041229656419528,226.86157323688968,52.7992766726944,12.037473233404711,230.39813704496785,41.95289079229122,10.877932960893855,238.12659217877098,30.310055865921786,10.177131782945736,246.79166666666666,17.75968992248062,11.51222222222222,258.64344444444447,11.255555555555556,8.044117647058824,272.95323529411763,6.6911764705882355,8.096153846153847,283.06673076923073,8.028846153846153,6.184810126582279,298.4777215189873,6.063291139240507,8.3,307.23758620689654,6.189655172413793,4.7215686274509805,309.68549019607843,5.901960784313726,9.057777777777778,315.7886666666667,6.133333333333334,11.286486486486487,315.82216216216216,6.513513513513513,3.771428571428572,320.53464285714284,6.642857142857143,12.416000000000002,329.7432,6.72,1.4857142857142858,335.1142857142857,5.857142857142857,5.626666666666667,335.81,6.733333333333333,3.1,338.62416666666667,6.75,10.266666666666667,339.2711111111111,6.0,-1.0,343.98375,5.75,8.64,341.178,5.8,-1.0,338.33000000000004,5.0,24.1,346.85,6.0,-1.0,351.15999999999997,6.5,-1.0,356.015,4.0,False,False,False,False,False,False,False,False,True,False,False,False,False,False,False,False
8,5,164.92,2,6,168.62,14.0,7,172.66,16.0,-1,173.64,3.0,-1.0,175.05,2.0,9.0,180.92,14.0,-1.0,185.61,3.0,11.0,188.79,3.0,10.877932960893855,238.12659217877098,30.310055865921786,10.177131782945736,246.79166666666666,17.75968992248062,11.51222222222222,258.64344444444447,11.255555555555556,8.044117647058824,272.95323529411763,6.6911764705882355,8.096153846153847,283.06673076923073,8.028846153846153,6.184810126582279,298.4777215189873,6.063291139240507,8.3,307.23758620689654,6.189655172413793,4.7215686274509805,309.68549019607843,5.901960784313726,9.057777777777778,315.7886666666667,6.133333333333334,11.286486486486487,315.82216216216216,6.513513513513513,3.771428571428572,320.53464285714284,6.642857142857143,12.416000000000002,329.7432,6.72,1.4857142857142858,335.1142857142857,5.857142857142857,5.626666666666667,335.81,6.733333333333333,3.1,338.62416666666667,6.75,10.266666666666667,339.2711111111111,6.0,-1.0,343.98375,5.75,8.64,341.178,5.8,-1.0,338.33000000000004,5.0,24.1,346.85,6.0,-1.0,351.15999999999997,6.5,-1.0,356.015,4.0,False,False,False,False,False,False,False,False,False,False,False,False,False,True,False,False
12,-1,205.99,3,-1,216.36,2.0,-1,222.09,3.0,-1,224.93,4.0,11.0,227.28,3.0,12.0,231.23,13.0,13.0,235.27,12.0,-1.0,237.46,2.0,-1.0,238.56,1.0,-1.0,240.87,3.0,-1.0,242.25,3.0,15.0,243.29,3.0,8.096153846153847,283.06673076923073,8.028846153846153,6.184810126582279,298.4777215189873,6.063291139240507,8.3,307.23758620689654,6.189655172413793,4.7215686274509805,309.68549019607843,5.901960784313726,9.057777777777778,315.7886666666667,6.133333333333334,11.286486486486487,315.82216216216216,6.513513513513513,3.771428571428572,320.53464285714284,6.642857142857143,12.416000000000002,329.7432,6.72,1.4857142857142858,335.1142857142857,5.857142857142857,5.626666666666667,335.81,6.733333333333333,3.1,338.62416666666667,6.75,10.266666666666667,339.2711111111111,6.0,-1.0,343.98375,5.75,8.64,341.178,5.8,-1.0,338.33000000000004,5.0,24.1,346.85,6.0,-1.0,351.15999999999997,6.5,-1.0,356.015,4.0,False,False,True,False,False,False,False,False,False,False,False,False,False,False,False,False
10,6,255.8,3,-1,266.02,2.0,10,271.2,23.0,-1,273.08,3.0,11.0,275.3,12.0,-1.0,277.09,2.0,-1.0,284.12,4.0,-1.0,285.72,2.0,-1.0,289.41,2.0,-1.0,291.85,2.0,11.51222222222222,258.64344444444447,11.255555555555556,8.044117647058824,272.95323529411763,6.6911764705882355,8.096153846153847,283.06673076923073,8.028846153846153,6.184810126582279,298.4777215189873,6.063291139240507,8.3,307.23758620689654,6.189655172413793,4.7215686274509805,309.68549019607843,5.901960784313726,9.057777777777778,315.7886666666667,6.133333333333334,11.286486486486487,315.82216216216216,6.513513513513513,3.771428571428572,320.53464285714284,6.642857142857143,12.416000000000002,329.7432,6.72,1.4857142857142858,335.1142857142857,5.857142857142857,5.626666666666667,335.81,6.733333333333333,3.1,338.62416666666667,6.75,10.266666666666667,339.2711111111111,6.0,-1.0,343.98375,5.75,8.64,341.178,5.8,-1.0,338.33000000000004,5.0,24.1,346.85,6.0,-1.0,351.15999999999997,6.5,-1.0,356.015,4.0,False,False,False,True,False,False,False,False,False,False,False,False,False,False,False,False
5,15,305.02,2,16,308.84,7.0,20,324.71,3.0,-1,327.06,2.0,-1.0,363.3,3.0,12.028571428571428,222.8513210445469,66.27035330261137,12.041229656419528,226.86157323688968,52.7992766726944,12.037473233404711,230.39813704496785,41.95289079229122,10.877932960893855,238.12659217877098,30.310055865921786,10.177131782945736,246.79166666666666,17.75968992248062,11.51222222222222,258.64344444444447,11.255555555555556,8.044117647058824,272.95323529411763,6.6911764705882355,8.096153846153847,283.06673076923073,8.028846153846153,6.184810126582279,298.4777215189873,6.063291139240507,8.3,307.23758620689654,6.189655172413793,4.7215686274509805,309.68549019607843,5.901960784313726,9.057777777777778,315.7886666666667,6.133333333333334,11.286486486486487,315.82216216216216,6.513513513513513,3.771428571428572,320.53464285714284,6.642857142857143,12.416000000000002,329.7432,6.72,1.4857142857142858,335.1142857142857,5.857142857142857,5.626666666666667,335.81,6.733333333333333,3.1,338.62416666666667,6.75,10.266666666666667,339.2711111111111,6.0,-1.0,343.98375,5.75,8.64,341.178,5.8,-1.0,338.33000000000004,5.0,24.1,346.85,6.0,-1.0,351.15999999999997,6.5,-1.0,356.015,4.0,False,False,False,False,False,False,False,True,False,False,False,False,False,False,False,False
8,-1,96.16,5,11,108.25,19.0,-1,113.69,4.0,12.2,114.39,4.0,13.0,116.31,50.0,14.0,120.23,29.0,-1.0,125.14,5.0,17.2,133.83,7.0,10.877932960893855,238.12659217877098,30.310055865921786,10.177131782945736,246.79166666666666,17.75968992248062,11.51222222222222,258.64344444444447,11.255555555555556,8.044117647058824,272.95323529411763,6.6911764705882355,8.096153846153847,283.06673076923073,8.028846153846153,6.184810126582279,298.4777215189873,6.063291139240507,8.3,307.23758620689654,6.189655172413793,4.7215686274509805,309.68549019607843,5.901960784313726,9.057777777777778,315.7886666666667,6.133333333333334,11.286486486486487,315.82216216216216,6.513513513513513,3.771428571428572,320.53464285714284,6.642857142857143,12.416000000000002,329.7432,6.72,1.4857142857142858,335.1142857142857,5.857142857142857,5.626666666666667,335.81,6.733333333333333,3.1,338.62416666666667,6.75,10.266666666666667,339.2711111111111,6.0,-1.0,343.98375,5.75,8.64,341.178,5.8,-1.0,338.33000000000004,5.0,24.1,346.85,6.0,-1.0,351.15999999999997,6.5,-1.0,356.015,4.0,False,False,False,False,False,True,False,False,False,False,False,False,False,False,False,False
10,13,160.0,25,-1,162.3,5.0,16,172.16,12.0,-1,174.14,5.0,17.0,176.12,5.0,18.0,180.59,5.0,-1.0,181.34,6.0,21.0,192.89,8.0,23.0,201.15,6.0,-1.0,206.9,4.0,11.51222222222222,258.64344444444447,11.255555555555556,8.044117647058824,272.95323529411763,6.6911764705882355,8.096153846153847,283.06673076923073,8.028846153846153,6.184810126582279,298.4777215189873,6.063291139240507,8.3,307.23758620689654,6.189655172413793,4.7215686274509805,309.68549019607843,5.901960784313726,9.057777777777778,315.7886666666667,6.133333333333334,11.286486486486487,315.82216216216216,6.513513513513513,3.771428571428572,320.53464285714284,6.642857142857143,12.416000000000002,329.7432,6.72,1.4857142857142858,335.1142857142857,5.857142857142857,5.626666666666667,335.81,6.733333333333333,3.1,338.62416666666667,6.75,10.266666666666667,339.2711111111111,6.0,-1.0,343.98375,5.75,8.64,341.178,5.8,-1.0,338.33000000000004,5.0,24.1,346.85,6.0,-1.0,351.15999999999997,6.5,-1.0,356.015,4.0,False,False,False,False,False,False,False,False,False,False,False,False,False,False,False,True
8,-1,215.77,8,-1,220.25,6.0,-1,221.59,2.0,-1,229.46,4.0,-1.0,230.98,5.0,-1.0,236.03,4.0,11.0,240.87,22.0,14.0,252.74,6.0,10.877932960893855,238.12659217877098,30.310055865921786,10.177131782945736,246.79166666666666,17.75968992248062,11.51222222222222,258.64344444444447,11.255555555555556,8.044117647058824,272.95323529411763,6.6911764705882355,8.096153846153847,283.06673076923073,8.028846153846153,6.184810126582279,298.4777215189873,6.063291139240507,8.3,307.23758620689654,6.189655172413793,4.7215686274509805,309.68549019607843,5.901960784313726,9.057777777777778,315.7886666666667,6.133333333333334,11.286486486486487,315.82216216216216,6.513513513513513,3.771428571428572,320.53464285714284,6.642857142857143,12.416000000000002,329.7432,6.72,1.4857142857142858,335.1142857142857,5.857142857142857,5.626666666666667,335.81,6.733333333333333,3.1,338.62416666666667,6.75,10.266666666666667,339.2711111111111,6.0,-1.0,343.98375,5.75,8.64,341.178,5.8,-1.0,338.33000000000004,5.0,24.1,346.85,6.0,-1.0,351.15999999999997,6.5,-1.0,356.015,4.0,False,False,False,False,False,False,False,False,False,False,False,False,False,False,True,False
8,9,269.24,6,-1,273.76,5.0,13,285.3,2.0,14,288.99,6.0,-1.0,294.46,5.0,16.0,297.14,19.0,17.0,301.25,5.0,18.2,307.05,5.0,10.877932960893855,238.12659217877098,30.310055865921786,10.177131782945736,246.79166666666666,17.75968992248062,11.51222222222222,258.64344444444447,11.255555555555556,8.044117647058824,272.95323529411763,6.6911764705882355,8.096153846153847,283.06673076923073,8.028846153846153,6.184810126582279,298.4777215189873,6.063291139240507,8.3,307.23758620689654,6.189655172413793,4.7215686274509805,309.68549019607843,5.901960784313726,9.057777777777778,315.7886666666667,6.133333333333334,11.286486486486487,315.82216216216216,6.513513513513513,3.771428571428572,320.53464285714284,6.642857142857143,12.416000000000002,329.7432,6.72,1.4857142857142858,335.1142857142857,5.857142857142857,5.626666666666667,335.81,6.733333333333333,3.1,338.62416666666667,6.75,10.266666666666667,339.2711111111111,6.0,-1.0,343.98375,5.75,8.64,341.178,5.8,-1.0,338.33000000000004,5.0,24.1,346.85,6.0,-1.0,351.15999999999997,6.5,-1.0,356.015,4.0,False,False,False,False,True,False,False,False,False,False,False,False,False,False,False,False
3,X,104.92,30,-1,107.22,3.0,Y,110.77,24.0,,216.6818641810919,87.4513981358189,11.362921348314606,219.41106741573032,77.95786516853933,12.028571428571428,222.8513210445469,66.27035330261137,12.041229656419528,226.86157323688968,52.7992766726944,12.037473233404711,230.39813704496785,41.95289079229122,10.877932960893855,238.12659217877098,30.310055865921786,10.177131782945736,246.79166666666666,17.75968992248062,11.51222222222222,258.64344444444447,11.255555555555556,8.044117647058824,272.95323529411763,6.6911764705882355,8.096153846153847,283.06673076923073,8.028846153846153,6.184810126582279,298.4777215189873,6.063291139240507,8.3,307.23758620689654,6.189655172413793,4.7215686274509805,309.68549019607843,5.901960784313726,9.057777777777778,315.7886666666667,6.133333333333334,11.286486486486487,315.82216216216216,6.513513513513513,3.771428571428572,320.53464285714284,6.642857142857143,12.416000000000002,329.7432,6.72,1.4857142857142858,335.1142857142857,5.857142857142857,5.626666666666667,335.81,6.733333333333333,3.1,338.62416666666667,6.75,10.266666666666667,339.2711111111111,6.0,-1.0,343.98375,5.75,8.64,341.178,5.8,-1.0,338.33000000000004,5.0,24.1,346.85,6.0,-1.0,351.15999999999997,6.5,-1.0,356.015,4.0,True,False,False,False,False,False,False,False,False,False,False,False,False,False,False,False
11,-1,126.63,8,-1,142.69,3.0,-1,145.47,2.0,11,148.84,31.0,-1.0,149.99,5.0,12.0,153.12,14.0,13.0,157.59,4.0,14.0,161.23,6.0,-1.0,161.89,7.0,-1.0,164.1,5.0,-1.0,174.47,4.0,8.044117647058824,272.95323529411763,6.6911764705882355,8.096153846153847,283.06673076923073,8.028846153846153,6.184810126582279,298.4777215189873,6.063291139240507,8.3,307.23758620689654,6.189655172413793,4.7215686274509805,309.68549019607843,5.901960784313726,9.057777777777778,315.7886666666667,6.133333333333334,11.286486486486487,315.82216216216216,6.513513513513513,3.771428571428572,320.53464285714284,6.642857142857143,12.416000000000002,329.7432,6.72,1.4857142857142858,335.1142857142857,5.857142857142857,5.626666666666667,335.81,6.733333333333333,3.1,338.62416666666667,6.75,10.266666666666667,339.2711111111111,6.0,-1.0,343.98375,5.75,8.64,341.178,5.8,-1.0,338.33000000000004,5.0,24.1,346.85,6.0,-1.0,351.15999999999997,6.5,-1.0,356.015,4.0,False,False,False,False,False,False,False,False,False,True,False,False,False,False,False,False
23,-1,207.14,3,17,213.17,6.0,-1,216.36,6.0,19,221.25,7.0,20.0,224.85,7.0,-1.0,225.77,7.0,21.2,231.31,4.0,-1.0,234.68,5.0,23.0,237.04,11.0,24.0,241.47,11.0,-1.0,256.21,7.0,29.0,261.52,5.0,-1.0,266.86,5.0,-1.0,297.65,6.0,-1.0,300.42,4.0,-1.0,316.95,4.0,-1.0,322.01,9.0,44.2,324.89,3.0,-1.0,330.96,7.0,-1.0,337.68,4.0,-1.0,342.36,5.0,-1.0,350.21,6.0,-1.0,359.21,6.0,10.266666666666667,339.2711111111111,6.0,-1.0,343.98375,5.75,8.64,341.178,5.8,-1.0,338.33000000000004,5.0,24.1,346.85,6.0,-1.0,351.15999999999997,6.5,-1.0,356.015,4.0,False,False,False,False,False,False,False,False,False,False,False,False,True,False,False,False
13,-1,114.3,3,-1,114.96,2.0,-1,116.3,3.0,-1,120.15,3.0,10.0,129.71,19.0,11.0,133.57,2.0,12.0,137.77,2.0,-1.0,140.0,3.0,14.0,146.14,53.0,-1.0,148.52,2.0,-1.0,160.08,3.0,-1.0,167.73,2.0,-1.0,176.67,2.0,6.184810126582279,298.4777215189873,6.063291139240507,8.3,307.23758620689654,6.189655172413793,4.7215686274509805,309.68549019607843,5.901960784313726,9.057777777777778,315.7886666666667,6.133333333333334,11.286486486486487,315.82216216216216,6.513513513513513,3.771428571428572,320.53464285714284,6.642857142857143,12.416000000000002,329.7432,6.72,1.4857142857142858,335.1142857142857,5.857142857142857,5.626666666666667,335.81,6.733333333333333,3.1,338.62416666666667,6.75,10.266666666666667,339.2711111111111,6.0,-1.0,343.98375,5.75,8.64,341.178,5.8,-1.0,338.33000000000004,5.0,24.1,346.85,6.0,-1.0,351.15999999999997,6.5,-1.0,356.015,4.0,False,False,False,False,False,False,False,False,False,False,False,True,False,False,False,False
9,23.2,180.56,3,27,194.67,4.0,28,198.63,25.0,-1,201.91,3.0,-1.0,203.74,3.0,29.2,204.93,3.0,-1.0,234.34,3.0,-1.0,236.22,3.0,38.0,239.42,2.0,10.177131782945736,246.79166666666666,17.75968992248062,11.51222222222222,258.64344444444447,11.255555555555556,8.044117647058824,272.95323529411763,6.6911764705882355,8.096153846153847,283.06673076923073,8.028846153846153,6.184810126582279,298.4777215189873,6.063291139240507,8.3,307.23758620689654,6.189655172413793,4.7215686274509805,309.68549019607843,5.901960784313726,9.057777777777778,315.7886666666667,6.133333333333334,11.286486486486487,315.82216216216216,6.513513513513513,3.771428571428572,320.53464285714284,6.642857142857143,12.416000000000002,329.7432,6.72,1.4857142857142858,335.1142857142857,5.857142857142857,5.626666666666667,335.81,6.733333333333333,3.1,338.62416666666667,6.75,10.266666666666667,339.2711111111111,6.0,-1.0,343.98375,5.75,8.64,341.178,5.8,-1.0,338.33000000000004,5.0,24.1,346.85,6.0,-1.0,351.15999999999997,6.5,-1.0,356.015,4.0,False,False,False,False,False,False,True,False,False,False,False,False,False,False,False,False
6,8.2,264.37,2,10,270.08,9.0,-1,278.91,3.0,-1,279.66,3.0,-1.0,283.98,2.0,-1.0,290.78,2.0,12.041229656419528,226.86157323688968,52.7992766726944,12.037473233404711,230.39813704496785,41.95289079229122,10.877932960893855,238.12659217877098,30.310055865921786,10.177131782945736,246.79166666666666,17.75968992248062,11.51222222222222,258.64344444444447,11.255555555555556,8.044117647058824,272.95323529411763,6.6911764705882355,8.096153846153847,283.06673076923073,8.028846153846153,6.184810126582279,298.4777215189873,6.063291139240507,8.3,307.23758620689654,6.189655172413793,4.7215686274509805,309.68549019607843,5.901960784313726,9.057777777777778,315.7886666666667,6.133333333333334,11.286486486486487,315.82216216216216,6.513513513513513,3.771428571428572,320.53464285714284,6.642857142857143,12.416000000000002,329.7432,6.72,1.4857142857142858,335.1142857142857,5.857142857142857,5.626666666666667,335.81,6.733333333333333,3.1,338.62416666666667,6.75,10.266666666666667,339.2711111111111,6.0,-1.0,343.98375,5.75,8.64,341.178,5.8,-1.0,338.33000000000004,5.0,24.1,346.85,6.0,-1.0,351.15999999999997,6.5,-1.0,356.015,4.0,False,False,False,False,False,False,False,False,False,False,True,False,False,False,False,False
12,5,298.75,3,-1,300.32,3.0,-1,303.93,3.0,-1,307.74,3.0,-1.0,315.96,2.0,10.0,318.56,3.0,-1.0,319.73,2.0,11.0,322.7,31.0,-1.0,325.13,3.0,12.0,326.78,40.0,-1.0,332.38,4.0,-1.0,336.58,1.0,8.096153846153847,283.06673076923073,8.028846153846153,6.184810126582279,298.4777215189873,6.063291139240507,8.3,307.23758620689654,6.189655172413793,4.7215686274509805,309.68549019607843,5.901960784313726,9.057777777777778,315.7886666666667,6.133333333333334,11.286486486486487,315.82216216216216,6.513513513513513,3.771428571428572,320.53464285714284,6.642857142857143,12.416000000000002,329.7432,6.72,1.4857142857142858,335.1142857142857,5.857142857142857,5.626666666666667,335.81,6.733333333333333,3.1,338.62416666666667,6.75,10.266666666666667,339.2711111111111,6.0,-1.0,343.98375,5.75,8.64,341.178,5.8,-1.0,338.33000000000004,5.0,24.1,346.85,6.0,-1.0,351.15999999999997,6.5,-1.0,356.015,4.0,False,True,False,False,False,False,False,False,False,False,False,False,False,False,False,False
7,-1,107.36,3,14,118.15,9.0,15,122.3,110.0,16,126.4,16.0,17.0,130.24,57.0,-1.0,133.65,4.0,-1.0,138.92,2.0,12.037473233404711,230.39813704496785,41.95289079229122,10.877932960893855,238.12659217877098,30.310055865921786,10.177131782945736,246.79166666666666,17.75968992248062,11.51222222222222,258.64344444444447,11.255555555555556,8.044117647058824,272.95323529411763,6.6911764705882355,8.096153846153847,283.06673076923073,8.028846153846153,6.184810126582279,298.4777215189873,6.063291139240507,8.3,307.23758620689654,6.189655172413793,4.7215686274509805,309.68549019607843,5.901960784313726,9.057777777777778,315.7886666666667,6.133333333333334,11.286486486486487,315.82216216216216,6.513513513513513,3.771428571428572,320.53464285714284,6.642857142857143,12.416000000000002,329.7432,6.72,1.4857142857142858,335.1142857142857,5.857142857142857,5.626666666666667,335.81,6.733333333333333,3.1,338.62416666666667,6.75,10.266666666666667,339.2711111111111,6.0,-1.0,343.98375,5.75,8.64,341.178,5.8,-1.0,338.33000000000004,5.0,24.1,346.85,6.0,-1.0,351.15999999999997,6.5,-1.0,356.015,4.0,False,False,False,False,False,False,False,False,True,False,False,False,False,False,False,False
7,6,168.44,17,7,172.55,40.0,9,180.8,15.0,9.3,183.86,30.0,-1.0,196.04,2.0,13.0,197.17,3.0,13.3,200.08,2.0,12.037473233404711,230.39813704496785,41.95289079229122,10.877932960893855,238.12659217877098,30.310055865921786,10.177131782945736,246.79166666666666,17.75968992248062,11.51222222222222,258.64344444444447,11.255555555555556,8.044117647058824,272.95323529411763,6.6911764705882355,8.096153846153847,283.06673076923073,8.028846153846153,6.184810126582279,298.4777215189873,6.063291139240507,8.3,307.23758620689654,6.189655172413793,4.7215686274509805,309.68549019607843,5.901960784313726,9.057777777777778,315.7886666666667,6.133333333333334,11.286486486486487,315.82216216216216,6.513513513513513,3.771428571428572,320.53464285714284,6.642857142857143,12.416000000000002,329.7432,6.72,1.4857142857142858,335.1142857142857,5.857142857142857,5.626666666666667,335.81,6.733333333333333,3.1,338.62416666666667,6.75,10.266666666666667,339.2711111111111,6.0,-1.0,343.98375,5.75,8.64,341.178,5.8,-1.0,338.33000000000004,5.0,24.1,346.85,6.0,-1.0,351.15999999999997,6.5,-1.0,356.015,4.0,False,False,False,False,False,False,False,False,False,False,False,False,False,True,False,False
6,-1,208.93,3,-1,209.5,3.0,8,215.15,43.0,-1,216.38,2.0,13.0,235.65,4.0,-1.0,237.45,4.0,12.041229656419528,226.86157323688968,52.7992766726944,12.037473233404711,230.39813704496785,41.95289079229122,10.877932960893855,238.12659217877098,30.310055865921786,10.177131782945736,246.79166666666666,17.75968992248062,11.51222222222222,258.64344444444447,11.255555555555556,8.044117647058824,272.95323529411763,6.6911764705882355,8.096153846153847,283.06673076923073,8.028846153846153,6.184810126582279,298.4777215189873,6.063291139240507,8.3,307.23758620689654,6.189655172413793,4.7215686274509805,309.68549019607843,5.901960784313726,9.057777777777778,315.7886666666667,6.133333333333334,11.286486486486487,315.82216216216216,6.513513513513513,3.771428571428572,320.53464285714284,6.642857142857143,12.416000000000002,329.7432,6.72,1.4857142857142858,335.1142857142857,5.857142857142857,5.626666666666667,335.81,6.733333333333333,3.1,338.62416666666667,6.75,10.266666666666667,339.2711111111111,6.0,-1.0,343.98375,5.75,8.64,341.178,5.8,-1.0,338.33000000000004,5.0,24.1,346.85,6.0,-1.0,351.15999999999997,6.5,-1.0,356.015,4.0,False,False,True,False,False,False,False,False,False,False,False,False,False,False,False,False
4,-1,253.24,3,11,275.24,27.0,13,282.98,5.0,15,291.03,2.0,11.362921348314606,219.41106741573032,77.95786516853933,12.028571428571428,222.8513210445469,66.27035330261137,12.041229656419528,226.86157323688968,52.7992766726944,12.037473233404711,230.39813704496785,41.95289079229122,10.877932960893855,238.12659217877098,30.310055865921786,10.177131782945736,246.79166666666666,17.75968992248062,11.51222222222222,258.64344444444447,11.255555555555556,8.044117647058824,272.95323529411763,6.6911764705882355,8.096153846153847,283.06673076923073,8.028846153846153,6.184810126582279,298.4777215189873,6.063291139240507,8.3,307.23758620689654,6.189655172413793,4.7215686274509805,309.68549019607843,5.901960784313726,9.057777777777778,315.7886666666667,6.133333333333334,11.286486486486487,315.82216216216216,6.513513513513513,3.771428571428572,320.53464285714284,6.642857142857143,12.416000000000002,329.7432,6.72,1.4857142857142858,335.1142857142857,5.857142857142857,5.626666666666667,335.81,6.733333333333333,3.1,338.62416666666667,6.75,10.266666666666667,339.2711111111111,6.0,-1.0,343.98375,5.75,8.64,341.178,5.8,-1.0,338.33000000000004,5.0,24.1,346.85,6.0,-1.0,351.15999999999997,6.5,-1.0,356.015,4.0,False,False,False,True,False,False,False,False,False,False,False,False,False,False,False,False
14,-1,301.96,3,-1,304.26,3.0,16,308.66,60.0,-1,314.27,3.0,-1.0,320.17,4.0,20.0,324.78,4.0,-1.0,328.59,4.0,-1.0,330.92,3.0,22.0,333.33,3.0,-1.0,333.93,3.0,-1.0,352.65,4.0,-1.0,355.36,3.0,-1.0,358.77,2.0,-1.0,365.39,2.0,8.3,307.23758620689654,6.189655172413793,4.7215686274509805,309.68549019607843,5.901960784313726,9.057777777777778,315.7886666666667,6.133333333333334,11.286486486486487,315.82216216216216,6.513513513513513,3.771428571428572,320.53464285714284,6.642857142857143,12.416000000000002,329.7432,6.72,1.4857142857142858,335.1142857142857,5.857142857142857,5.626666666666667,335.81,6.733333333333333,3.1,338.62416666666667,6.75,10.266666666666667,339.2711111111111,6.0,-1.0,343.98375,5.75,8.64,341.178,5.8,-1.0,338.33000000000004,5.0,24.1,346.85,6.0,-1.0,351.15999999999997,6.5,-1.0,356.015,4.0,False,False,False,False,False,False,False,True,False,False,False,False,False,False,False,False
5,10,103.87,5,11,108.11,52.0,13,116.15,42.0,14,120.15,49.0,15.0,123.94,13.0,12.028571428571428,222.8513210445469,66.27035330261137,12.041229656419528,226.86157323688968,52.7992766726944,12.037473233404711,230.39813704496785,41.95289079229122,10.877932960893855,238.12659217877098,30.310055865921786,10.177131782945736,246.79166666666666,17.75968992248062,11.51222222222222,258.64344444444447,11.255555555555556,8.044117647058824,272.95323529411763,6.6911764705882355,8.096153846153847,283.06673076923073,8.028846153846153,6.184810126582279,298.4777215189873,6.063291139240507,8.3,307.23758620689654,6.189655172413793,4.7215686274509805,309.68549019607843,5.901960784313726,9.057777777777778,315.7886666666667,6.133333333333334,11.286486486486487,315.82216216216216,6.513513513513513,3.771428571428572,320.53464285714284,6.642857142857143,12.416000000000002,329.7432,6.72,1.4857142857142858,335.1142857142857,5.857142857142857,5.626666666666667,335.81,6.733333333333333,3.1,338.62416666666667,6.75,10.266666666666667,339.2711111111111,6.0,-1.0,343.98375,5.75,8.64,341.178,5.8,-1.0,338.33000000000004,5.0,24.1,346.85,6.0,-1.0,351.15999999999997,6.5,-1.0,356.015,4.0,False,False,False,False,False,True,False,False,False,False,False,False,False,False,False,False
8,-1,157.67,3,13,160.0,30.0,-1,165.04,4.0,16,172.15,70.0,-1.0,173.9,4.0,20.0,188.54,31.0,-1.0,198.46,4.0,-1.0,201.91,7.0,10.877932960893855,238.12659217877098,30.310055865921786,10.177131782945736,246.79166666666666,17.75968992248062,11.51222222222222,258.64344444444447,11.255555555555556,8.044117647058824,272.95323529411763,6.6911764705882355,8.096153846153847,283.06673076923073,8.028846153846153,6.184810126582279,298.4777215189873,6.063291139240507,8.3,307.23758620689654,6.189655172413793,4.7215686274509805,309.68549019607843,5.901960784313726,9.057777777777778,315.7886666666667,6.133333333333334,11.286486486486487,315.82216216216216,6.513513513513513,3.771428571428572,320.53464285714284,6.642857142857143,12.416000000000002,329.7432,6.72,1.4857142857142858,335.1142857142857,5.857142857142857,5.626666666666667,335.81,6.733333333333333,3.1,338.62416666666667,6.75,10.266666666666667,339.2711111111111,6.0,-1.0,343.98375,5.75,8.64,341.178,5.8,-1.0,338.33000000000004,5.0,24.1,346.85,6.0,-1.0,351.15999999999997,6.5,-1.0,356.015,4.0,False,False,False,False,False,False,False,False,False,False,False,False,False,False,False,True
6,5,216.95,7,-1,219.51,4.0,7,224.79,6.0,8,229.19,7.0,11.0,240.93,14.0,-1.0,253.72,5.0,12.041229656419528,226.86157323688968,52.7992766726944,12.037473233404711,230.39813704496785,41.95289079229122,10.877932960893855,238.12659217877098,30.310055865921786,10.177131782945736,246.79166666666666,17.75968992248062,11.51222222222222,258.64344444444447,11.255555555555556,8.044117647058824,272.95323529411763,6.6911764705882355,8.096153846153847,283.06673076923073,8.028846153846153,6.184810126582279,298.4777215189873,6.063291139240507,8.3,307.23758620689654,6.189655172413793,4.7215686274509805,309.68549019607843,5.901960784313726,9.057777777777778,315.7886666666667,6.133333333333334,11.286486486486487,315.82216216216216,6.513513513513513,3.771428571428572,320.53464285714284,6.642857142857143,12.416000000000002,329.7432,6.72,1.4857142857142858,335.1142857142857,5.857142857142857,5.626666666666667,335.81,6.733333333333333,3.1,338.62416666666667,6.75,10.266666666666667,339.2711111111111,6.0,-1.0,343.98375,5.75,8.64,341.178,5.8,-1.0,338.33000000000004,5.0,24.1,346.85,6.0,-1.0,351.15999999999997,6.5,-1.0,356.015,4.0,False,False,False,False,False,False,False,False,False,False,False,False,False,False,True,False
11,-1,262.63,4,12,281.08,28.0,-1,287.8,4.0,14,289.29,20.0,17.0,300.98,10.0,-1.0,304.5,4.0,19.2,310.77,5.0,21.0,317.04,4.0,-1.0,335.21,6.0,-1.0,340.26,8.0,-1.0,344.7,6.0,8.044117647058824,272.95323529411763,6.6911764705882355,8.096153846153847,283.06673076923073,8.028846153846153,6.184810126582279,298.4777215189873,6.063291139240507,8.3,307.23758620689654,6.189655172413793,4.7215686274509805,309.68549019607843,5.901960784313726,9.057777777777778,315.7886666666667,6.133333333333334,11.286486486486487,315.82216216216216,6.513513513513513,3.771428571428572,320.53464285714284,6.642857142857143,12.416000000000002,329.7432,6.72,1.4857142857142858,335.1142857142857,5.857142857142857,5.626666666666667,335.81,6.733333333333333,3.1,338.62416666666667,6.75,10.266666666666667,339.2711111111111,6.0,-1.0,343.98375,5.75,8.64,341.178,5.8,-1.0,338.33000000000004,5.0,24.1,346.85,6.0,-1.0,351.15999999999997,6.5,-1.0,356.015,4.0,False,False,False,False,True,False,False,False,False,False,False,False,False,False,False,False
2,X,104.93,94,Y,110.83,40.0,,210.75846753246756,71.04545454545455,,216.6818641810919,87.4513981358189,11.362921348314606,219.41106741573032,77.95786516853933,12.028571428571428,222.8513210445469,66.27035330261137,12.041229656419528,226.86157323688968,52.7992766726944,12.037473233404711,230.39813704496785,41.95289079229122,10.877932960893855,238.12659217877098,30.310055865921786,10.177131782945736,246.79166666666666,17.75968992248062,11.51222222222222,258.64344444444447,11.255555555555556,8.044117647058824,272.95323529411763,6.6911764705882355,8.096153846153847,283.06673076923073,8.028846153846153,6.184810126582279,298.4777215189873,6.063291139240507,8.3,307.23758620689654,6.189655172413793,4.7215686274509805,309.68549019607843,5.901960784313726,9.057777777777778,315.7886666666667,6.133333333333334,11.286486486486487,315.82216216216216,6.513513513513513,3.771428571428572,320.53464285714284,6.642857142857143,12.416000000000002,329.7432,6.72,1.4857142857142858,335.1142857142857,5.857142857142857,5.626666666666667,335.81,6.733333333333333,3.1,338.62416666666667,6.75,10.266666666666667,339.2711111111111,6.0,-1.0,343.98375,5.75,8.64,341.178,5.8,-1.0,338.33000000000004,5.0,24.1,346.85,6.0,-1.0,351.15999999999997,6.5,-1.0,356.015,4.0,True,False,False,False,False,False,False,False,False,False,False,False,False,False,False,False
3,11,148.83,27,-1,162.68,4.0,-1,178.25,7.0,,216.6818641810919,87.4513981358189,11.362921348314606,219.41106741573032,77.95786516853933,12.028571428571428,222.8513210445469,66.27035330261137,12.041229656419528,226.86157323688968,52.7992766726944,12.037473233404711,230.39813704496785,41.95289079229122,10.877932960893855,238.12659217877098,30.310055865921786,10.177131782945736,246.79166666666666,17.75968992248062,11.51222222222222,258.64344444444447,11.255555555555556,8.044117647058824,272.95323529411763,6.6911764705882355,8.096153846153847,283.06673076923073,8.028846153846153,6.184810126582279,298.4777215189873,6.063291139240507,8.3,307.23758620689654,6.189655172413793,4.7215686274509805,309.68549019607843,5.901960784313726,9.057777777777778,315.7886666666667,6.133333333333334,11.286486486486487,315.82216216216216,6.513513513513513,3.771428571428572,320.53464285714284,6.642857142857143,12.416000000000002,329.7432,6.72,1.4857142857142858,335.1142857142857,5.857142857142857,5.626666666666667,335.81,6.733333333333333,3.1,338.62416666666667,6.75,10.266666666666667,339.2711111111111,6.0,-1.0,343.98375,5.75,8.64,341.178,5.8,-1.0,338.33000000000004,5.0,24.1,346.85,6.0,-1.0,351.15999999999997,6.5,-1.0,356.015,4.0,False,False,False,False,False,False,False,False,False,True,False,False,False,False,False,False
17,20.2,226.58,6,-1,232.46,5.0,23,237.21,16.0,24,241.44,20.0,26.0,249.33,8.0,32.0,273.4,5.0,-1.0,276.24,6.0,34.2,283.23,9.0,-1.0,287.46,8.0,-1.0,293.11,6.0,-1.0,298.5,8.0,-1.0,311.53,7.0,-1.0,319.19,4.0,-1.0,334.1,8.0,-1.0,339.74,4.0,-1.0,341.13,8.0,51.2,352.65,6.0,11.286486486486487,315.82216216216216,6.513513513513513,3.771428571428572,320.53464285714284,6.642857142857143,12.416000000000002,329.7432,6.72,1.4857142857142858,335.1142857142857,5.857142857142857,5.626666666666667,335.81,6.733333333333333,3.1,338.62416666666667,6.75,10.266666666666667,339.2711111111111,6.0,-1.0,343.98375,5.75,8.64,341.178,5.8,-1.0,338.33000000000004,5.0,24.1,346.85,6.0,-1.0,351.15999999999997,6.5,-1.0,356.015,4.0,False,False,False,False,False,False,False,False,False,False,False,False,True,False,False,False
11,10,129.65,241,-1,132.43,2.0,13,141.97,38.0,14,146.1,408.0,15.0,150.32,227.0,-1.0,155.4,2.0,-1.0,156.15,3.0,-1.0,156.82,2.0,17.0,158.32,4.0,-1.0,165.03,2.0,-1.0,174.78,2.0,8.044117647058824,272.95323529411763,6.6911764705882355,8.096153846153847,283.06673076923073,8.028846153846153,6.184810126582279,298.4777215189873,6.063291139240507,8.3,307.23758620689654,6.189655172413793,4.7215686274509805,309.68549019607843,5.901960784313726,9.057777777777778,315.7886666666667,6.133333333333334,11.286486486486487,315.82216216216216,6.513513513513513,3.771428571428572,320.53464285714284,6.642857142857143,12.416000000000002,329.7432,6.72,1.4857142857142858,335.1142857142857,5.857142857142857,5.626666666666667,335.81,6.733333333333333,3.1,338.62416666666667,6.75,10.266666666666667,339.2711111111111,6.0,-1.0,343.98375,5.75,8.64,341.178,5.8,-1.0,338.33000000000004,5.0,24.1,346.85,6.0,-1.0,351.15999999999997,6.5,-1.0,356.015,4.0,False,False,False,False,False,False,False,False,False,False,False,True,False,False,False,False
9,25,186.92,2,27,194.52,24.0,28,198.65,363.0,29,202.47,4.0,30.0,206.68,26.0,31.0,210.67,277.0,32.0,214.68,142.0,33.0,218.8,5.0,-1.0,222.37,2.0,10.177131782945736,246.79166666666666,17.75968992248062,11.51222222222222,258.64344444444447,11.255555555555556,8.044117647058824,272.95323529411763,6.6911764705882355,8.096153846153847,283.06673076923073,8.028846153846153,6.184810126582279,298.4777215189873,6.063291139240507,8.3,307.23758620689654,6.189655172413793,4.7215686274509805,309.68549019607843,5.901960784313726,9.057777777777778,315.7886666666667,6.133333333333334,11.286486486486487,315.82216216216216,6.513513513513513,3.771428571428572,320.53464285714284,6.642857142857143,12.416000000000002,329.7432,6.72,1.4857142857142858,335.1142857142857,5.857142857142857,5.626666666666667,335.81,6.733333333333333,3.1,338.62416666666667,6.75,10.266666666666667,339.2711111111111,6.0,-1.0,343.98375,5.75,8.64,341.178,5.8,-1.0,338.33000000000004,5.0,24.1,346.85,6.0,-1.0,351.15999999999997,6.5,-1.0,356.015,4.0,False,False,False,False,False,False,True,False,False,False,False,False,False,False,False,False
5,7,258.17,7,8,262.12,183.0,9,266.04,133.0,10,270.14,323.0,-1.0,290.68,2.0,12.028571428571428,222.8513210445469,66.27035330261137,12.041229656419528,226.86157323688968,52.7992766726944,12.037473233404711,230.39813704496785,41.95289079229122,10.877932960893855,238.12659217877098,30.310055865921786,10.177131782945736,246.79166666666666,17.75968992248062,11.51222222222222,258.64344444444447,11.255555555555556,8.044117647058824,272.95323529411763,6.6911764705882355,8.096153846153847,283.06673076923073,8.028846153846153,6.184810126582279,298.4777215189873,6.063291139240507,8.3,307.23758620689654,6.189655172413793,4.7215686274509805,309.68549019607843,5.901960784313726,9.057777777777778,315.7886666666667,6.133333333333334,11.286486486486487,315.82216216216216,6.513513513513513,3.771428571428572,320.53464285714284,6.642857142857143,12.416000000000002,329.7432,6.72,1.4857142857142858,335.1142857142857,5.857142857142857,5.626666666666667,335.81,6.733333333333333,3.1,338.62416666666667,6.75,10.266666666666667,339.2711111111111,6.0,-1.0,343.98375,5.75,8.64,341.178,5.8,-1.0,338.33000000000004,5.0,24.1,346.85,6.0,-1.0,351.15999999999997,6.5,-1.0,356.015,4.0,False,False,False,False,False,False,False,False,False,False,True,False,False,False,False,False
6,-1,302.18,2,-1,315.9,1.0,10,318.9,15.0,11,322.92,246.0,12.0,326.87,374.0,-1.0,329.94,1.0,12.041229656419528,226.86157323688968,52.7992766726944,12.037473233404711,230.39813704496785,41.95289079229122,10.877932960893855,238.12659217877098,30.310055865921786,10.177131782945736,246.79166666666666,17.75968992248062,11.51222222222222,258.64344444444447,11.255555555555556,8.044117647058824,272.95323529411763,6.6911764705882355,8.096153846153847,283.06673076923073,8.028846153846153,6.184810126582279,298.4777215189873,6.063291139240507,8.3,307.23758620689654,6.189655172413793,4.7215686274509805,309.68549019607843,5.901960784313726,9.057777777777778,315.7886666666667,6.133333333333334,11.286486486486487,315.82216216216216,6.513513513513513,3.771428571428572,320.53464285714284,6.642857142857143,12.416000000000002,329.7432,6.72,1.4857142857142858,335.1142857142857,5.857142857142857,5.626666666666667,335.81,6.733333333333333,3.1,338.62416666666667,6.75,10.266666666666667,339.2711111111111,6.0,-1.0,343.98375,5.75,8.64,341.178,5.8,-1.0,338.33000000000004,5.0,24.1,346.85,6.0,-1.0,351.15999999999997,6.5,-1.0,356.015,4.0,False,True,False,False,False,False,False,False,False,False,False,False,False,False,False,False
6,-1,103.04,2,14,118.31,32.0,15,122.25,419.0,16,126.41,396.0,17.0,130.2,284.0,-1.0,141.48,3.0,12.041229656419528,226.86157323688968,52.7992766726944,12.037473233404711,230.39813704496785,41.95289079229122,10.877932960893855,238.12659217877098,30.310055865921786,10.177131782945736,246.79166666666666,17.75968992248062,11.51222222222222,258.64344444444447,11.255555555555556,8.044117647058824,272.95323529411763,6.6911764705882355,8.096153846153847,283.06673076923073,8.028846153846153,6.184810126582279,298.4777215189873,6.063291139240507,8.3,307.23758620689654,6.189655172413793,4.7215686274509805,309.68549019607843,5.901960784313726,9.057777777777778,315.7886666666667,6.133333333333334,11.286486486486487,315.82216216216216,6.513513513513513,3.771428571428572,320.53464285714284,6.642857142857143,12.416000000000002,329.7432,6.72,1.4857142857142858,335.1142857142857,5.857142857142857,5.626666666666667,335.81,6.733333333333333,3.1,338.62416666666667,6.75,10.266666666666667,339.2711111111111,6.0,-1.0,343.98375,5.75,8.64,341.178,5.8,-1.0,338.33000000000004,5.0,24.1,346.85,6.0,-1.0,351.15999999999997,6.5,-1.0,356.015,4.0,False,False,False,False,False,False,False,False,True,False,False,False,False,False,False,False
8,6,168.57,372,7,172.63,334.0,8,176.68,13.0,9,180.68,175.0,9.3,183.88,190.0,-1.0,190.04,2.0,12.0,192.57,3.0,13.3,200.58,3.0,10.877932960893855,238.12659217877098,30.310055865921786,10.177131782945736,246.79166666666666,17.75968992248062,11.51222222222222,258.64344444444447,11.255555555555556,8.044117647058824,272.95323529411763,6.6911764705882355,8.096153846153847,283.06673076923073,8.028846153846153,6.184810126582279,298.4777215189873,6.063291139240507,8.3,307.23758620689654,6.189655172413793,4.7215686274509805,309.68549019607843,5.901960784313726,9.057777777777778,315.7886666666667,6.133333333333334,11.286486486486487,315.82216216216216,6.513513513513513,3.771428571428572,320.53464285714284,6.642857142857143,12.416000000000002,329.7432,6.72,1.4857142857142858,335.1142857142857,5.857142857142857,5.626666666666667,335.81,6.733333333333333,3.1,338.62416666666667,6.75,10.266666666666667,339.2711111111111,6.0,-1.0,343.98375,5.75,8.64,341.178,5.8,-1.0,338.33000000000004,5.0,24.1,346.85,6.0,-1.0,351.15999999999997,6.5,-1.0,356.015,4.0,False,False,False,False,False,False,False,False,False,False,False,False,False,True,False,False
6,8,215.11,436,9,219.23,4.0,10,223.39,12.0,11,227.28,28.0,12.0,231.26,300.0,13.0,235.42,283.0,12.041229656419528,226.86157323688968,52.7992766726944,12.037473233404711,230.39813704496785,41.95289079229122,10.877932960893855,238.12659217877098,30.310055865921786,10.177131782945736,246.79166666666666,17.75968992248062,11.51222222222222,258.64344444444447,11.255555555555556,8.044117647058824,272.95323529411763,6.6911764705882355,8.096153846153847,283.06673076923073,8.028846153846153,6.184810126582279,298.4777215189873,6.063291139240507,8.3,307.23758620689654,6.189655172413793,4.7215686274509805,309.68549019607843,5.901960784313726,9.057777777777778,315.7886666666667,6.133333333333334,11.286486486486487,315.82216216216216,6.513513513513513,3.771428571428572,320.53464285714284,6.642857142857143,12.416000000000002,329.7432,6.72,1.4857142857142858,335.1142857142857,5.857142857142857,5.626666666666667,335.81,6.733333333333333,3.1,338.62416666666667,6.75,10.266666666666667,339.2711111111111,6.0,-1.0,343.98375,5.75,8.64,341.178,5.8,-1.0,338.33000000000004,5.0,24.1,346.85,6.0,-1.0,351.15999999999997,6.5,-1.0,356.015,4.0,False,False,True,False,False,False,False,False,False,False,False,False,False,False,False,False
5,-1,250.75,3,7,259.25,3.0,9,267.32,26.0,10,271.25,597.0,11.0,275.28,565.0,12.028571428571428,222.8513210445469,66.27035330261137,12.041229656419528,226.86157323688968,52.7992766726944,12.037473233404711,230.39813704496785,41.95289079229122,10.877932960893855,238.12659217877098,30.310055865921786,10.177131782945736,246.79166666666666,17.75968992248062,11.51222222222222,258.64344444444447,11.255555555555556,8.044117647058824,272.95323529411763,6.6911764705882355,8.096153846153847,283.06673076923073,8.028846153846153,6.184810126582279,298.4777215189873,6.063291139240507,8.3,307.23758620689654,6.189655172413793,4.7215686274509805,309.68549019607843,5.901960784313726,9.057777777777778,315.7886666666667,6.133333333333334,11.286486486486487,315.82216216216216,6.513513513513513,3.771428571428572,320.53464285714284,6.642857142857143,12.416000000000002,329.7432,6.72,1.4857142857142858,335.1142857142857,5.857142857142857,5.626666666666667,335.81,6.733333333333333,3.1,338.62416666666667,6.75,10.266666666666667,339.2711111111111,6.0,-1.0,343.98375,5.75,8.64,341.178,5.8,-1.0,338.33000000000004,5.0,24.1,346.85,6.0,-1.0,351.15999999999997,6.5,-1.0,356.015,4.0,False,False,False,True,False,False,False,False,False,False,False,False,False,False,False,False
11,15,304.96,12,16,308.8,252.0,18,316.9,30.0,19,321.06,412.0,-1.0,332.46,3.0,23.0,337.06,5.0,-1.0,338.01,3.0,24.0,341.15,25.0,25.0,345.2,235.0,-1.0,358.33,3.0,-1.0,362.08,2.0,8.044117647058824,272.95323529411763,6.6911764705882355,8.096153846153847,283.06673076923073,8.028846153846153,6.184810126582279,298.4777215189873,6.063291139240507,8.3,307.23758620689654,6.189655172413793,4.7215686274509805,309.68549019607843,5.901960784313726,9.057777777777778,315.7886666666667,6.133333333333334,11.286486486486487,315.82216216216216,6.513513513513513,3.771428571428572,320.53464285714284,6.642857142857143,12.416000000000002,329.7432,6.72,1.4857142857142858,335.1142857142857,5.857142857142857,5.626666666666667,335.81,6.733333333333333,3.1,338.62416666666667,6.75,10.266666666666667,339.2711111111111,6.0,-1.0,343.98375,5.75,8.64,341.178,5.8,-1.0,338.33000000000004,5.0,24.1,346.85,6.0,-1.0,351.15999999999997,6.5,-1.0,356.015,4.0,False,False,False,False,False,False,False,True,False,False,False,False,False,False,False,False
11,-1,102.56,8,11,108.14,224.0,12,112.34,13.0,13,116.23,222.0,14.0,120.16,239.0,15.0,124.05,112.0,-1.0,131.23,5.0,17.0,132.11,7.0,18.0,135.88,7.0,-1.0,139.43,6.0,-1.0,140.9,7.0,8.044117647058824,272.95323529411763,6.6911764705882355,8.096153846153847,283.06673076923073,8.028846153846153,6.184810126582279,298.4777215189873,6.063291139240507,8.3,307.23758620689654,6.189655172413793,4.7215686274509805,309.68549019607843,5.901960784313726,9.057777777777778,315.7886666666667,6.133333333333334,11.286486486486487,315.82216216216216,6.513513513513513,3.771428571428572,320.53464285714284,6.642857142857143,12.416000000000002,329.7432,6.72,1.4857142857142858,335.1142857142857,5.857142857142857,5.626666666666667,335.81,6.733333333333333,3.1,338.62416666666667,6.75,10.266666666666667,339.2711111111111,6.0,-1.0,343.98375,5.75,8.64,341.178,5.8,-1.0,338.33000000000004,5.0,24.1,346.85,6.0,-1.0,351.15999999999997,6.5,-1.0,356.015,4.0,False,False,False,False,False,True,False,False,False,False,False,False,False,False,False,False
8,-1,153.9,4,12,155.9,15.0,13,160.0,327.0,16,172.13,249.0,19.0,184.39,47.0,20.0,188.52,469.0,-1.0,204.28,4.0,24.0,205.11,6.0,10.877932960893855,238.12659217877098,30.310055865921786,10.177131782945736,246.79166666666666,17.75968992248062,11.51222222222222,258.64344444444447,11.255555555555556,8.044117647058824,272.95323529411763,6.6911764705882355,8.096153846153847,283.06673076923073,8.028846153846153,6.184810126582279,298.4777215189873,6.063291139240507,8.3,307.23758620689654,6.189655172413793,4.7215686274509805,309.68549019607843,5.901960784313726,9.057777777777778,315.7886666666667,6.133333333333334,11.286486486486487,315.82216216216216,6.513513513513513,3.771428571428572,320.53464285714284,6.642857142857143,12.416000000000002,329.7432,6.72,1.4857142857142858,335.1142857142857,5.857142857142857,5.626666666666667,335.81,6.733333333333333,3.1,338.62416666666667,6.75,10.266666666666667,339.2711111111111,6.0,-1.0,343.98375,5.75,8.64,341.178,5.8,-1.0,338.33000000000004,5.0,24.1,346.85,6.0,-1.0,351.15999999999997,6.5,-1.0,356.015,4.0,False,False,False,False,False,False,False,False,False,False,False,False,False,False,False,True
3,8,228.81,313,10,236.78,30.0,11,240.87,645.0,,216.6818641810919,87.4513981358189,11.362921348314606,219.41106741573032,77.95786516853933,12.028571428571428,222.8513210445469,66.27035330261137,12.041229656419528,226.86157323688968,52.7992766726944,12.037473233404711,230.39813704496785,41.95289079229122,10.877932960893855,238.12659217877098,30.310055865921786,10.177131782945736,246.79166666666666,17.75968992248062,11.51222222222222,258.64344444444447,11.255555555555556,8.044117647058824,272.95323529411763,6.6911764705882355,8.096153846153847,283.06673076923073,8.028846153846153,6.184810126582279,298.4777215189873,6.063291139240507,8.3,307.23758620689654,6.189655172413793,4.7215686274509805,309.68549019607843,5.901960784313726,9.057777777777778,315.7886666666667,6.133333333333334,11.286486486486487,315.82216216216216,6.513513513513513,3.771428571428572,320.53464285714284,6.642857142857143,12.416000000000002,329.7432,6.72,1.4857142857142858,335.1142857142857,5.857142857142857,5.626666666666667,335.81,6.733333333333333,3.1,338.62416666666667,6.75,10.266666666666667,339.2711111111111,6.0,-1.0,343.98375,5.75,8.64,341.178,5.8,-1.0,338.33000000000004,5.0,24.1,346.85,6.0,-1.0,351.15999999999997,6.5,-1.0,356.015,4.0,False,False,False,False,False,False,False,False,False,False,False,False,False,False,True,False
12,7,260.34,7,11,276.82,13.0,12,281.1,193.0,14,289.15,183.0,15.0,293.14,32.0,-1.0,294.49,7.0,16.0,297.12,266.0,17.0,301.09,227.0,-1.0,308.03,7.0,19.2,311.3,4.0,-1.0,334.98,5.0,-1.0,343.0,6.0,8.096153846153847,283.06673076923073,8.028846153846153,6.184810126582279,298.4777215189873,6.063291139240507,8.3,307.23758620689654,6.189655172413793,4.7215686274509805,309.68549019607843,5.901960784313726,9.057777777777778,315.7886666666667,6.133333333333334,11.286486486486487,315.82216216216216,6.513513513513513,3.771428571428572,320.53464285714284,6.642857142857143,12.416000000000002,329.7432,6.72,1.4857142857142858,335.1142857142857,5.857142857142857,5.626666666666667,335.81,6.733333333333333,3.1,338.62416666666667,6.75,10.266666666666667,339.2711111111111,6.0,-1.0,343.98375,5.75,8.64,341.178,5.8,-1.0,338.33000000000004,5.0,24.1,346.85,6.0,-1.0,351.15999999999997,6.5,-1.0,356.015,4.0,False,False,False,False,True,False,False,False,False,False,False,False,False,False,False,False
2,X,104.96,288,Y,110.92,423.0,,210.75846753246756,71.04545454545455,,216.6818641810919,87.4513981358189,11.362921348314606,219.41106741573032,77.95786516853933,12.028571428571428,222.8513210445469,66.27035330261137,12.041229656419528,226.86157323688968,52.7992766726944,12.037473233404711,230.39813704496785,41.95289079229122,10.877932960893855,238.12659217877098,30.310055865921786,10.177131782945736,246.79166666666666,17.75968992248062,11.51222222222222,258.64344444444447,11.255555555555556,8.044117647058824,272.95323529411763,6.6911764705882355,8.096153846153847,283.06673076923073,8.028846153846153,6.184810126582279,298.4777215189873,6.063291139240507,8.3,307.23758620689654,6.189655172413793,4.7215686274509805,309.68549019607843,5.901960784313726,9.057777777777778,315.7886666666667,6.133333333333334,11.286486486486487,315.82216216216216,6.513513513513513,3.771428571428572,320.53464285714284,6.642857142857143,12.416000000000002,329.7432,6.72,1.4857142857142858,335.1142857142857,5.857142857142857,5.626666666666667,335.81,6.733333333333333,3.1,338.62416666666667,6.75,10.266666666666667,339.2711111111111,6.0,-1.0,343.98375,5.75,8.64,341.178,5.8,-1.0,338.33000000000004,5.0,24.1,346.85,6.0,-1.0,351.15999999999997,6.5,-1.0,356.015,4.0,True,False,False,False,False,False,False,False,False,False,False,False,False,False,False,False
5,10,144.69,31,11,148.83,600.0,12,152.98,208.0,14,160.82,9.0,-1.0,175.03,5.0,12.028571428571428,222.8513210445469,66.27035330261137,12.041229656419528,226.86157323688968,52.7992766726944,12.037473233404711,230.39813704496785,41.95289079229122,10.877932960893855,238.12659217877098,30.310055865921786,10.177131782945736,246.79166666666666,17.75968992248062,11.51222222222222,258.64344444444447,11.255555555555556,8.044117647058824,272.95323529411763,6.6911764705882355,8.096153846153847,283.06673076923073,8.028846153846153,6.184810126582279,298.4777215189873,6.063291139240507,8.3,307.23758620689654,6.189655172413793,4.7215686274509805,309.68549019607843,5.901960784313726,9.057777777777778,315.7886666666667,6.133333333333334,11.286486486486487,315.82216216216216,6.513513513513513,3.771428571428572,320.53464285714284,6.642857142857143,12.416000000000002,329.7432,6.72,1.4857142857142858,335.1142857142857,5.857142857142857,5.626666666666667,335.81,6.733333333333333,3.1,338.62416666666667,6.75,10.266666666666667,339.2711111111111,6.0,-1.0,343.98375,5.75,8.64,341.178,5.8,-1.0,338.33000000000004,5.0,24.1,346.85,6.0,-1.0,351.15999999999997,6.5,-1.0,356.015,4.0,False,False,False,False,False,False,False,False,False,True,False,False,False,False,False,False
17,-1,207.84,5,-1,209.83,5.0,-1,224.06,4.0,20.2,227.28,4.0,21.0,229.15,150.0,22.0,233.21,29.0,23.0,237.28,231.0,24.0,241.39,154.0,25.0,245.53,151.0,26.0,250.08,8.0,-1.0,276.22,7.0,-1.0,292.88,4.0,-1.0,316.81,7.0,-1.0,322.21,7.0,-1.0,349.96,7.0,51.2,352.96,4.0,-1.0,356.39,6.0,11.286486486486487,315.82216216216216,6.513513513513513,3.771428571428572,320.53464285714284,6.642857142857143,12.416000000000002,329.7432,6.72,1.4857142857142858,335.1142857142857,5.857142857142857,5.626666666666667,335.81,6.733333333333333,3.1,338.62416666666667,6.75,10.266666666666667,339.2711111111111,6.0,-1.0,343.98375,5.75,8.64,341.178,5.8,-1.0,338.33000000000004,5.0,24.1,346.85,6.0,-1.0,351.15999999999997,6.5,-1.0,356.015,4.0,False,False,False,False,False,False,False,False,False,False,False,False,True,False,False,False
11,-1,112.8,4,-1,114.51,5.0,10,129.69,165.0,-1,132.19,2.0,-1.0,136.23,3.0,12.0,137.76,4.0,13.0,142.04,16.0,14.0,146.15,322.0,15.0,150.34,113.0,-1.0,155.36,4.0,-1.0,174.08,3.0,8.044117647058824,272.95323529411763,6.6911764705882355,8.096153846153847,283.06673076923073,8.028846153846153,6.184810126582279,298.4777215189873,6.063291139240507,8.3,307.23758620689654,6.189655172413793,4.7215686274509805,309.68549019607843,5.901960784313726,9.057777777777778,315.7886666666667,6.133333333333334,11.286486486486487,315.82216216216216,6.513513513513513,3.771428571428572,320.53464285714284,6.642857142857143,12.416000000000002,329.7432,6.72,1.4857142857142858,335.1142857142857,5.857142857142857,5.626666666666667,335.81,6.733333333333333,3.1,338.62416666666667,6.75,10.266666666666667,339.2711111111111,6.0,-1.0,343.98375,5.75,8.64,341.178,5.8,-1.0,338.33000000000004,5.0,24.1,346.85,6.0,-1.0,351.15999999999997,6.5,-1.0,356.015,4.0,False,False,False,False,False,False,False,False,False,False,False,True,False,False,False,False
9,26.2,192.36,2,27,194.53,8.0,28,198.63,170.0,31,210.63,75.0,32.0,214.74,90.0,-1.0,215.89,3.0,33.2,221.3,1.0,34.0,223.32,3.0,34.2,224.38,3.0,10.177131782945736,246.79166666666666,17.75968992248062,11.51222222222222,258.64344444444447,11.255555555555556,8.044117647058824,272.95323529411763,6.6911764705882355,8.096153846153847,283.06673076923073,8.028846153846153,6.184810126582279,298.4777215189873,6.063291139240507,8.3,307.23758620689654,6.189655172413793,4.7215686274509805,309.68549019607843,5.901960784313726,9.057777777777778,315.7886666666667,6.133333333333334,11.286486486486487,315.82216216216216,6.513513513513513,3.771428571428572,320.53464285714284,6.642857142857143,12.416000000000002,329.7432,6.72,1.4857142857142858,335.1142857142857,5.857142857142857,5.626666666666667,335.81,6.733333333333333,3.1,338.62416666666667,6.75,10.266666666666667,339.2711111111111,6.0,-1.0,343.98375,5.75,8.64,341.178,5.8,-1.0,338.33000000000004,5.0,24.1,346.85,6.0,-1.0,351.15999999999997,6.5,-1.0,356.015,4.0,False,False,False,False,False,False,True,False,False,False,False,False,False,False,False,False
9,5,250.08,3,6,253.88,2.0,7,257.83,5.0,8,262.13,95.0,9.0,266.0,30.0,10.0,270.12,109.0,-1.0,285.53,2.0,-1.0,287.6,2.0,16.0,294.21,3.0,10.177131782945736,246.79166666666666,17.75968992248062,11.51222222222222,258.64344444444447,11.255555555555556,8.044117647058824,272.95323529411763,6.6911764705882355,8.096153846153847,283.06673076923073,8.028846153846153,6.184810126582279,298.4777215189873,6.063291139240507,8.3,307.23758620689654,6.189655172413793,4.7215686274509805,309.68549019607843,5.901960784313726,9.057777777777778,315.7886666666667,6.133333333333334,11.286486486486487,315.82216216216216,6.513513513513513,3.771428571428572,320.53464285714284,6.642857142857143,12.416000000000002,329.7432,6.72,1.4857142857142858,335.1142857142857,5.857142857142857,5.626666666666667,335.81,6.733333333333333,3.1,338.62416666666667,6.75,10.266666666666667,339.2711111111111,6.0,-1.0,343.98375,5.75,8.64,341.178,5.8,-1.0,338.33000000000004,5.0,24.1,346.85,6.0,-1.0,351.15999999999997,6.5,-1.0,356.015,4.0,False,False,False,False,False,False,False,False,False,False,True,False,False,False,False,False
6,6,302.75,2,-1,315.87,3.0,10,318.83,7.0,11,322.78,124.0,12.0,326.84,77.0,13.0,331.39,2.0,12.041229656419528,226.86157323688968,52.7992766726944,12.037473233404711,230.39813704496785,41.95289079229122,10.877932960893855,238.12659217877098,30.310055865921786,10.177131782945736,246.79166666666666,17.75968992248062,11.51222222222222,258.64344444444447,11.255555555555556,8.044117647058824,272.95323529411763,6.6911764705882355,8.096153846153847,283.06673076923073,8.028846153846153,6.184810126582279,298.4777215189873,6.063291139240507,8.3,307.23758620689654,6.189655172413793,4.7215686274509805,309.68549019607843,5.901960784313726,9.057777777777778,315.7886666666667,6.133333333333334,11.286486486486487,315.82216216216216,6.513513513513513,3.771428571428572,320.53464285714284,6.642857142857143,12.416000000000002,329.7432,6.72,1.4857142857142858,335.1142857142857,5.857142857142857,5.626666666666667,335.81,6.733333333333333,3.1,338.62416666666667,6.75,10.266666666666667,339.2711111111111,6.0,-1.0,343.98375,5.75,8.64,341.178,5.8,-1.0,338.33000000000004,5.0,24.1,346.85,6.0,-1.0,351.15999999999997,6.5,-1.0,356.015,4.0,False,True,False,False,False,False,False,False,False,False,False,False,False,False,False,False
6,-1,99.1,2,14,118.32,28.0,15,122.29,429.0,16,126.46,224.0,17.0,130.22,140.0,-1.0,139.46,6.0,12.041229656419528,226.86157323688968,52.7992766726944,12.037473233404711,230.39813704496785,41.95289079229122,10.877932960893855,238.12659217877098,30.310055865921786,10.177131782945736,246.79166666666666,17.75968992248062,11.51222222222222,258.64344444444447,11.255555555555556,8.044117647058824,272.95323529411763,6.6911764705882355,8.096153846153847,283.06673076923073,8.028846153846153,6.184810126582279,298.4777215189873,6.063291139240507,8.3,307.23758620689654,6.189655172413793,4.7215686274509805,309.68549019607843,5.901960784313726,9.057777777777778,315.7886666666667,6.133333333333334,11.286486486486487,315.82216216216216,6.513513513513513,3.771428571428572,320.53464285714284,6.642857142857143,12.416000000000002,329.7432,6.72,1.4857142857142858,335.1142857142857,5.857142857142857,5.626666666666667,335.81,6.733333333333333,3.1,338.62416666666667,6.75,10.266666666666667,339.2711111111111,6.0,-1.0,343.98375,5.75,8.64,341.178,5.8,-1.0,338.33000000000004,5.0,24.1,346.85,6.0,-1.0,351.15999999999997,6.5,-1.0,356.015,4.0,False,False,False,False,False,False,False,False,True,False,False,False,False,False,False,False
9,-1,162.67,3,6,168.65,173.0,-1,170.85,2.0,7,172.66,123.0,9.0,180.8,124.0,9.3,183.85,152.0,11.0,189.39,2.0,-1.0,192.2,5.0,-1.0,196.14,4.0,10.177131782945736,246.79166666666666,17.75968992248062,11.51222222222222,258.64344444444447,11.255555555555556,8.044117647058824,272.95323529411763,6.6911764705882355,8.096153846153847,283.06673076923073,8.028846153846153,6.184810126582279,298.4777215189873,6.063291139240507,8.3,307.23758620689654,6.189655172413793,4.7215686274509805,309.68549019607843,5.901960784313726,9.057777777777778,315.7886666666667,6.133333333333334,11.286486486486487,315.82216216216216,6.513513513513513,3.771428571428572,320.53464285714284,6.642857142857143,12.416000000000002,329.7432,6.72,1.4857142857142858,335.1142857142857,5.857142857142857,5.626666666666667,335.81,6.733333333333333,3.1,338.62416666666667,6.75,10.266666666666667,339.2711111111111,6.0,-1.0,343.98375,5.75,8.64,341.178,5.8,-1.0,338.33000000000004,5.0,24.1,346.85,6.0,-1.0,351.15999999999997,6.5,-1.0,356.015,4.0,False,False,False,False,False,False,False,False,False,False,False,False,False,True,False,False
7,-1,209.68,4,8,215.15,239.0,9,219.67,2.0,-1,222.27,3.0,12.0,231.28,94.0,13.0,235.43,136.0,-1.0,245.43,4.0,12.037473233404711,230.39813704496785,41.95289079229122,10.877932960893855,238.12659217877098,30.310055865921786,10.177131782945736,246.79166666666666,17.75968992248062,11.51222222222222,258.64344444444447,11.255555555555556,8.044117647058824,272.95323529411763,6.6911764705882355,8.096153846153847,283.06673076923073,8.028846153846153,6.184810126582279,298.4777215189873,6.063291139240507,8.3,307.23758620689654,6.189655172413793,4.7215686274509805,309.68549019607843,5.901960784313726,9.057777777777778,315.7886666666667,6.133333333333334,11.286486486486487,315.82216216216216,6.513513513513513,3.771428571428572,320.53464285714284,6.642857142857143,12.416000000000002,329.7432,6.72,1.4857142857142858,335.1142857142857,5.857142857142857,5.626666666666667,335.81,6.733333333333333,3.1,338.62416666666667,6.75,10.266666666666667,339.2711111111111,6.0,-1.0,343.98375,5.75,8.64,341.178,5.8,-1.0,338.33000000000004,5.0,24.1,346.85,6.0,-1.0,351.15999999999997,6.5,-1.0,356.015,4.0,False,False,True,False,False,False,False,False,False,False,False,False,False,False,False,False
9,-1,265.18,5,9,267.24,15.0,-1,268.89,3.0,10,271.28,228.0,11.0,275.18,146.0,12.2,280.99,4.0,-1.0,282.4,4.0,-1.0,284.96,4.0,-1.0,285.95,2.0,10.177131782945736,246.79166666666666,17.75968992248062,11.51222222222222,258.64344444444447,11.255555555555556,8.044117647058824,272.95323529411763,6.6911764705882355,8.096153846153847,283.06673076923073,8.028846153846153,6.184810126582279,298.4777215189873,6.063291139240507,8.3,307.23758620689654,6.189655172413793,4.7215686274509805,309.68549019607843,5.901960784313726,9.057777777777778,315.7886666666667,6.133333333333334,11.286486486486487,315.82216216216216,6.513513513513513,3.771428571428572,320.53464285714284,6.642857142857143,12.416000000000002,329.7432,6.72,1.4857142857142858,335.1142857142857,5.857142857142857,5.626666666666667,335.81,6.733333333333333,3.1,338.62416666666667,6.75,10.266666666666667,339.2711111111111,6.0,-1.0,343.98375,5.75,8.64,341.178,5.8,-1.0,338.33000000000004,5.0,24.1,346.85,6.0,-1.0,351.15999999999997,6.5,-1.0,356.015,4.0,False,False,False,True,False,False,False,False,False,False,False,False,False,False,False,False
9,16,308.77,75,18,316.68,8.0,19,321.13,94.0,-1,326.5,5.0,21.0,329.59,5.0,23.0,336.77,3.0,24.0,341.13,8.0,25.0,345.12,57.0,-1.0,356.43,4.0,10.177131782945736,246.79166666666666,17.75968992248062,11.51222222222222,258.64344444444447,11.255555555555556,8.044117647058824,272.95323529411763,6.6911764705882355,8.096153846153847,283.06673076923073,8.028846153846153,6.184810126582279,298.4777215189873,6.063291139240507,8.3,307.23758620689654,6.189655172413793,4.7215686274509805,309.68549019607843,5.901960784313726,9.057777777777778,315.7886666666667,6.133333333333334,11.286486486486487,315.82216216216216,6.513513513513513,3.771428571428572,320.53464285714284,6.642857142857143,12.416000000000002,329.7432,6.72,1.4857142857142858,335.1142857142857,5.857142857142857,5.626666666666667,335.81,6.733333333333333,3.1,338.62416666666667,6.75,10.266666666666667,339.2711111111111,6.0,-1.0,343.98375,5.75,8.64,341.178,5.8,-1.0,338.33000000000004,5.0,24.1,346.85,6.0,-1.0,351.15999999999997,6.5,-1.0,356.015,4.0,False,False,False,False,False,False,False,True,False,False,False,False,False,False,False,False
7,-1,100.76,4,10,103.81,16.0,11,108.12,254.0,12,112.2,15.0,13.0,116.2,240.0,14.0,120.07,226.0,15.0,124.07,134.0,12.037473233404711,230.39813704496785,41.95289079229122,10.877932960893855,238.12659217877098,30.310055865921786,10.177131782945736,246.79166666666666,17.75968992248062,11.51222222222222,258.64344444444447,11.255555555555556,8.044117647058824,272.95323529411763,6.6911764705882355,8.096153846153847,283.06673076923073,8.028846153846153,6.184810126582279,298.4777215189873,6.063291139240507,8.3,307.23758620689654,6.189655172413793,4.7215686274509805,309.68549019607843,5.901960784313726,9.057777777777778,315.7886666666667,6.133333333333334,11.286486486486487,315.82216216216216,6.513513513513513,3.771428571428572,320.53464285714284,6.642857142857143,12.416000000000002,329.7432,6.72,1.4857142857142858,335.1142857142857,5.857142857142857,5.626666666666667,335.81,6.733333333333333,3.1,338.62416666666667,6.75,10.266666666666667,339.2711111111111,6.0,-1.0,343.98375,5.75,8.64,341.178,5.8,-1.0,338.33000000000004,5.0,24.1,346.85,6.0,-1.0,351.15999999999997,6.5,-1.0,356.015,4.0,False,False,False,False,False,True,False,False,False,False,False,False,False,False,False,False
6,-1,155.36,6,13,160.08,115.0,15,168.02,12.0,16,172.19,95.0,19.0,184.49,20.0,20.0,188.5,201.0,12.041229656419528,226.86157323688968,52.7992766726944,12.037473233404711,230.39813704496785,41.95289079229122,10.877932960893855,238.12659217877098,30.310055865921786,10.177131782945736,246.79166666666666,17.75968992248062,11.51222222222222,258.64344444444447,11.255555555555556,8.044117647058824,272.95323529411763,6.6911764705882355,8.096153846153847,283.06673076923073,8.028846153846153,6.184810126582279,298.4777215189873,6.063291139240507,8.3,307.23758620689654,6.189655172413793,4.7215686274509805,309.68549019607843,5.901960784313726,9.057777777777778,315.7886666666667,6.133333333333334,11.286486486486487,315.82216216216216,6.513513513513513,3.771428571428572,320.53464285714284,6.642857142857143,12.416000000000002,329.7432,6.72,1.4857142857142858,335.1142857142857,5.857142857142857,5.626666666666667,335.81,6.733333333333333,3.1,338.62416666666667,6.75,10.266666666666667,339.2711111111111,6.0,-1.0,343.98375,5.75,8.64,341.178,5.8,-1.0,338.33000000000004,5.0,24.1,346.85,6.0,-1.0,351.15999999999997,6.5,-1.0,356.015,4.0,False,False,False,False,False,False,False,False,False,False,False,False,False,False,False,True
4,8,228.84,103,11,240.84,254.0,-1,248.01,5.0,-1,257.02,6.0,11.362921348314606,219.41106741573032,77.95786516853933,12.028571428571428,222.8513210445469,66.27035330261137,12.041229656419528,226.86157323688968,52.7992766726944,12.037473233404711,230.39813704496785,41.95289079229122,10.877932960893855,238.12659217877098,30.310055865921786,10.177131782945736,246.79166666666666,17.75968992248062,11.51222222222222,258.64344444444447,11.255555555555556,8.044117647058824,272.95323529411763,6.6911764705882355,8.096153846153847,283.06673076923073,8.028846153846153,6.184810126582279,298.4777215189873,6.063291139240507,8.3,307.23758620689654,6.189655172413793,4.7215686274509805,309.68549019607843,5.901960784313726,9.057777777777778,315.7886666666667,6.133333333333334,11.286486486486487,315.82216216216216,6.513513513513513,3.771428571428572,320.53464285714284,6.642857142857143,12.416000000000002,329.7432,6.72,1.4857142857142858,335.1142857142857,5.857142857142857,5.626666666666667,335.81,6.733333333333333,3.1,338.62416666666667,6.75,10.266666666666667,339.2711111111111,6.0,-1.0,343.98375,5.75,8.64,341.178,5.8,-1.0,338.33000000000004,5.0,24.1,346.85,6.0,-1.0,351.15999999999997,6.5,-1.0,356.015,4.0,False,False,False,False,False,False,False,False,False,False,False,False,False,False,True,False
17,-1,261.72,8,11,276.84,10.0,11.2,279.08,7.0,12,281.07,51.0,-1.0,284.54,4.0,14.0,289.17,70.0,-1.0,295.87,6.0,16.0,297.11,30.0,17.0,301.13,50.0,19.0,308.61,9.0,19.0,309.27,7.0,19.2,310.7,8.0,-1.0,314.36,7.0,-1.0,318.65,6.0,24.0,330.02,6.0,25.0,333.45,4.0,-1.0,339.58,4.0,11.286486486486487,315.82216216216216,6.513513513513513,3.771428571428572,320.53464285714284,6.642857142857143,12.416000000000002,329.7432,6.72,1.4857142857142858,335.1142857142857,5.857142857142857,5.626666666666667,335.81,6.733333333333333,3.1,338.62416666666667,6.75,10.266666666666667,339.2711111111111,6.0,-1.0,343.98375,5.75,8.64,341.178,5.8,-1.0,338.33000000000004,5.0,24.1,346.85,6.0,-1.0,351.15999999999997,6.5,-1.0,356.015,4.0,False,False,False,False,True,False,False,False,False,False,False,False,False,False,False,False
3,X,105.02,345,-1,106.31,11.0,Y,110.92,349.0,,216.6818641810919,87.4513981358189,11.362921348314606,219.41106741573032,77.95786516853933,12.028571428571428,222.8513210445469,66.27035330261137,12.041229656419528,226.86157323688968,52.7992766726944,12.037473233404711,230.39813704496785,41.95289079229122,10.877932960893855,238.12659217877098,30.310055865921786,10.177131782945736,246.79166666666666,17.75968992248062,11.51222222222222,258.64344444444447,11.255555555555556,8.044117647058824,272.95323529411763,6.6911764705882355,8.096153846153847,283.06673076923073,8.028846153846153,6.184810126582279,298.4777215189873,6.063291139240507,8.3,307.23758620689654,6.189655172413793,4.7215686274509805,309.68549019607843,5.901960784313726,9.057777777777778,315.7886666666667,6.133333333333334,11.286486486486487,315.82216216216216,6.513513513513513,3.771428571428572,320.53464285714284,6.642857142857143,12.416000000000002,329.7432,6.72,1.4857142857142858,335.1142857142857,5.857142857142857,5.626666666666667,335.81,6.733333333333333,3.1,338.62416666666667,6.75,10.266666666666667,339.2711111111111,6.0,-1.0,343.98375,5.75,8.64,341.178,5.8,-1.0,338.33000000000004,5.0,24.1,346.85,6.0,-1.0,351.15999999999997,6.5,-1.0,356.015,4.0,True,False,False,False,False,False,False,False,False,False,False,False,False,False,False,False
9,-1,135.54,4,10,144.72,20.0,11,148.92,354.0,12,152.97,111.0,-1.0,155.92,6.0,-1.0,159.44,7.0,-1.0,162.28,5.0,-1.0,164.4,3.0,-1.0,167.54,6.0,10.177131782945736,246.79166666666666,17.75968992248062,11.51222222222222,258.64344444444447,11.255555555555556,8.044117647058824,272.95323529411763,6.6911764705882355,8.096153846153847,283.06673076923073,8.028846153846153,6.184810126582279,298.4777215189873,6.063291139240507,8.3,307.23758620689654,6.189655172413793,4.7215686274509805,309.68549019607843,5.901960784313726,9.057777777777778,315.7886666666667,6.133333333333334,11.286486486486487,315.82216216216216,6.513513513513513,3.771428571428572,320.53464285714284,6.642857142857143,12.416000000000002,329.7432,6.72,1.4857142857142858,335.1142857142857,5.857142857142857,5.626666666666667,335.81,6.733333333333333,3.1,338.62416666666667,6.75,10.266666666666667,339.2711111111111,6.0,-1.0,343.98375,5.75,8.64,341.178,5.8,-1.0,338.33000000000004,5.0,24.1,346.85,6.0,-1.0,351.15999999999997,6.5,-1.0,356.015,4.0,False,False,False,False,False,False,False,False,False,True,False,False,False,False,False,False
26,-1,204.19,5,16,208.8,4.0,21,229.17,117.0,22,233.23,10.0,23.0,237.23,71.0,23.2,239.1,7.0,24.0,241.34,82.0,25.0,245.59,50.0,-1.0,250.81,5.0,27.2,255.25,3.0,-1.0,256.62,7.0,-1.0,262.22,7.0,-1.0,264.93,3.0,33.2,280.08,3.0,-1.0,296.11,6.0,-1.0,298.51,6.0,-1.0,303.16,5.0,-1.0,308.94,6.0,-1.0,317.39,5.0,-1.0,335.41,5.0,-1.0,343.56,5.0,49.2,345.03,8.0,-1.0,347.38,4.0,50.2,348.77,7.0,-1.0,353.99,5.0,-1.0,356.34,6.0,-1.0,338.33000000000004,5.0,24.1,346.85,6.0,-1.0,351.15999999999997,6.5,-1.0,356.015,4.0,False,False,False,False,False,False,False,False,False,False,False,False,True,False,False,False
10,9,125.62,7,10,129.73,215.0,11,133.71,2.0,13,141.98,15.0,-1.0,143.46,3.0,14.0,146.19,220.0,15.0,150.33,56.0,16.0,154.24,3.0,18.0,162.21,2.0,19.0,167.06,2.0,11.51222222222222,258.64344444444447,11.255555555555556,8.044117647058824,272.95323529411763,6.6911764705882355,8.096153846153847,283.06673076923073,8.028846153846153,6.184810126582279,298.4777215189873,6.063291139240507,8.3,307.23758620689654,6.189655172413793,4.7215686274509805,309.68549019607843,5.901960784313726,9.057777777777778,315.7886666666667,6.133333333333334,11.286486486486487,315.82216216216216,6.513513513513513,3.771428571428572,320.53464285714284,6.642857142857143,12.416000000000002,329.7432,6.72,1.4857142857142858,335.1142857142857,5.857142857142857,5.626666666666667,335.81,6.733333333333333,3.1,338.62416666666667,6.75,10.266666666666667,339.2711111111111,6.0,-1.0,343.98375,5.75,8.64,341.178,5.8,-1.0,338.33000000000004,5.0,24.1,346.85,6.0,-1.0,351.15999999999997,6.5,-1.0,356.015,4.0,False,False,False,False,False,False,False,False,False,False,False,True,False,False,False,False
6,27,194.6,14,28,198.65,235.0,29,202.63,2.0,30,206.6,4.0,31.0,210.67,52.0,32.0,214.77,52.0,12.041229656419528,226.86157323688968,52.7992766726944,12.037473233404711,230.39813704496785,41.95289079229122,10.877932960893855,238.12659217877098,30.310055865921786,10.177131782945736,246.79166666666666,17.75968992248062,11.51222222222222,258.64344444444447,11.255555555555556,8.044117647058824,272.95323529411763,6.6911764705882355,8.096153846153847,283.06673076923073,8.028846153846153,6.184810126582279,298.4777215189873,6.063291139240507,8.3,307.23758620689654,6.189655172413793,4.7215686274509805,309.68549019607843,5.901960784313726,9.057777777777778,315.7886666666667,6.133333333333334,11.286486486486487,315.82216216216216,6.513513513513513,3.771428571428572,320.53464285714284,6.642857142857143,12.416000000000002,329.7432,6.72,1.4857142857142858,335.1142857142857,5.857142857142857,5.626666666666667,335.81,6.733333333333333,3.1,338.62416666666667,6.75,10.266666666666667,339.2711111111111,6.0,-1.0,343.98375,5.75,8.64,341.178,5.8,-1.0,338.33000000000004,5.0,24.1,346.85,6.0,-1.0,351.15999999999997,6.5,-1.0,356.015,4.0,False,False,False,False,False,False,True,False,False,False,False,False,False,False,False,False
7,7,258.26,9,8,262.12,133.0,9,266.19,99.0,10,270.1,152.0,-1.0,279.14,1.0,-1.0,280.17,2.0,14.0,286.19,3.0,12.037473233404711,230.39813704496785,41.95289079229122,10.877932960893855,238.12659217877098,30.310055865921786,10.177131782945736,246.79166666666666,17.75968992248062,11.51222222222222,258.64344444444447,11.255555555555556,8.044117647058824,272.95323529411763,6.6911764705882355,8.096153846153847,283.06673076923073,8.028846153846153,6.184810126582279,298.4777215189873,6.063291139240507,8.3,307.23758620689654,6.189655172413793,4.7215686274509805,309.68549019607843,5.901960784313726,9.057777777777778,315.7886666666667,6.133333333333334,11.286486486486487,315.82216216216216,6.513513513513513,3.771428571428572,320.53464285714284,6.642857142857143,12.416000000000002,329.7432,6.72,1.4857142857142858,335.1142857142857,5.857142857142857,5.626666666666667,335.81,6.733333333333333,3.1,338.62416666666667,6.75,10.266666666666667,339.2711111111111,6.0,-1.0,343.98375,5.75,8.64,341.178,5.8,-1.0,338.33000000000004,5.0,24.1,346.85,6.0,-1.0,351.15999999999997,6.5,-1.0,356.015,4.0,False,False,False,False,False,False,False,False,False,False,True,False,False,False,False,False
9,10,318.72,10,11,322.82,199.0,12,326.85,158.0,-1,337.59,2.0,15.0,338.54,2.0,15.0,339.31,2.0,-1.0,340.09,3.0,-1.0,341.94,1.0,-1.0,343.79,2.0,10.177131782945736,246.79166666666666,17.75968992248062,11.51222222222222,258.64344444444447,11.255555555555556,8.044117647058824,272.95323529411763,6.6911764705882355,8.096153846153847,283.06673076923073,8.028846153846153,6.184810126582279,298.4777215189873,6.063291139240507,8.3,307.23758620689654,6.189655172413793,4.7215686274509805,309.68549019607843,5.901960784313726,9.057777777777778,315.7886666666667,6.133333333333334,11.286486486486487,315.82216216216216,6.513513513513513,3.771428571428572,320.53464285714284,6.642857142857143,12.416000000000002,329.7432,6.72,1.4857142857142858,335.1142857142857,5.857142857142857,5.626666666666667,335.81,6.733333333333333,3.1,338.62416666666667,6.75,10.266666666666667,339.2711111111111,6.0,-1.0,343.98375,5.75,8.64,341.178,5.8,-1.0,338.33000000000004,5.0,24.1,346.85,6.0,-1.0,351.15999999999997,6.5,-1.0,356.015,4.0,False,True,False,False,False,False,False,False,False,False,False,False,False,False,False,False
10,-1,100.56,3,-1,101.69,2.0,-1,102.26,1.0,14,118.31,24.0,15.0,122.25,316.0,16.0,126.48,90.0,17.0,130.2,115.0,19.0,137.97,3.0,19.0,138.7,3.0,-1.0,140.99,2.0,11.51222222222222,258.64344444444447,11.255555555555556,8.044117647058824,272.95323529411763,6.6911764705882355,8.096153846153847,283.06673076923073,8.028846153846153,6.184810126582279,298.4777215189873,6.063291139240507,8.3,307.23758620689654,6.189655172413793,4.7215686274509805,309.68549019607843,5.901960784313726,9.057777777777778,315.7886666666667,6.133333333333334,11.286486486486487,315.82216216216216,6.513513513513513,3.771428571428572,320.53464285714284,6.642857142857143,12.416000000000002,329.7432,6.72,1.4857142857142858,335.1142857142857,5.857142857142857,5.626666666666667,335.81,6.733333333333333,3.1,338.62416666666667,6.75,10.266666666666667,339.2711111111111,6.0,-1.0,343.98375,5.75,8.64,341.178,5.8,-1.0,338.33000000000004,5.0,24.1,346.85,6.0,-1.0,351.15999999999997,6.5,-1.0,356.015,4.0,False,False,False,False,False,False,False,False,True,False,False,False,False,False,False,False
8,-1,162.95,2,6,168.62,121.0,7,172.66,119.0,-1,174.96,2.0,9.0,180.67,155.0,9.3,183.88,126.0,-1.0,191.64,3.0,-1.0,196.03,3.0,10.877932960893855,238.12659217877098,30.310055865921786,10.177131782945736,246.79166666666666,17.75968992248062,11.51222222222222,258.64344444444447,11.255555555555556,8.044117647058824,272.95323529411763,6.6911764705882355,8.096153846153847,283.06673076923073,8.028846153846153,6.184810126582279,298.4777215189873,6.063291139240507,8.3,307.23758620689654,6.189655172413793,4.7215686274509805,309.68549019607843,5.901960784313726,9.057777777777778,315.7886666666667,6.133333333333334,11.286486486486487,315.82216216216216,6.513513513513513,3.771428571428572,320.53464285714284,6.642857142857143,12.416000000000002,329.7432,6.72,1.4857142857142858,335.1142857142857,5.857142857142857,5.626666666666667,335.81,6.733333333333333,3.1,338.62416666666667,6.75,10.266666666666667,339.2711111111111,6.0,-1.0,343.98375,5.75,8.64,341.178,5.8,-1.0,338.33000000000004,5.0,24.1,346.85,6.0,-1.0,351.15999999999997,6.5,-1.0,356.015,4.0,False,False,False,False,False,False,False,False,False,False,False,False,False,True,False,False
4,8,215.11,197,11,227.15,8.0,12,231.29,163.0,13,235.34,163.0,11.362921348314606,219.41106741573032,77.95786516853933,12.028571428571428,222.8513210445469,66.27035330261137,12.041229656419528,226.86157323688968,52.7992766726944,12.037473233404711,230.39813704496785,41.95289079229122,10.877932960893855,238.12659217877098,30.310055865921786,10.177131782945736,246.79166666666666,17.75968992248062,11.51222222222222,258.64344444444447,11.255555555555556,8.044117647058824,272.95323529411763,6.6911764705882355,8.096153846153847,283.06673076923073,8.028846153846153,6.184810126582279,298.4777215189873,6.063291139240507,8.3,307.23758620689654,6.189655172413793,4.7215686274509805,309.68549019607843,5.901960784313726,9.057777777777778,315.7886666666667,6.133333333333334,11.286486486486487,315.82216216216216,6.513513513513513,3.771428571428572,320.53464285714284,6.642857142857143,12.416000000000002,329.7432,6.72,1.4857142857142858,335.1142857142857,5.857142857142857,5.626666666666667,335.81,6.733333333333333,3.1,338.62416666666667,6.75,10.266666666666667,339.2711111111111,6.0,-1.0,343.98375,5.75,8.64,341.178,5.8,-1.0,338.33000000000004,5.0,24.1,346.85,6.0,-1.0,351.15999999999997,6.5,-1.0,356.015,4.0,False,False,True,False,False,False,False,False,False,False,False,False,False,False,False,False
6,-1,252.85,2,9,267.12,9.0,10,271.29,165.0,11,275.3,320.0,14.0,287.21,2.0,15.0,290.85,2.0,12.041229656419528,226.86157323688968,52.7992766726944,12.037473233404711,230.39813704496785,41.95289079229122,10.877932960893855,238.12659217877098,30.310055865921786,10.177131782945736,246.79166666666666,17.75968992248062,11.51222222222222,258.64344444444447,11.255555555555556,8.044117647058824,272.95323529411763,6.6911764705882355,8.096153846153847,283.06673076923073,8.028846153846153,6.184810126582279,298.4777215189873,6.063291139240507,8.3,307.23758620689654,6.189655172413793,4.7215686274509805,309.68549019607843,5.901960784313726,9.057777777777778,315.7886666666667,6.133333333333334,11.286486486486487,315.82216216216216,6.513513513513513,3.771428571428572,320.53464285714284,6.642857142857143,12.416000000000002,329.7432,6.72,1.4857142857142858,335.1142857142857,5.857142857142857,5.626666666666667,335.81,6.733333333333333,3.1,338.62416666666667,6.75,10.266666666666667,339.2711111111111,6.0,-1.0,343.98375,5.75,8.64,341.178,5.8,-1.0,338.33000000000004,5.0,24.1,346.85,6.0,-1.0,351.15999999999997,6.5,-1.0,356.015,4.0,False,False,False,True,False,False,False,False,False,False,False,False,False,False,False,False
9,16,308.74,94,18,316.81,24.0,19,321.06,298.0,-1,339.66,3.0,24.0,341.14,9.0,25.0,345.11,80.0,-1.0,351.54,2.0,-1.0,355.94,1.0,-1.0,359.91,3.0,10.177131782945736,246.79166666666666,17.75968992248062,11.51222222222222,258.64344444444447,11.255555555555556,8.044117647058824,272.95323529411763,6.6911764705882355,8.096153846153847,283.06673076923073,8.028846153846153,6.184810126582279,298.4777215189873,6.063291139240507,8.3,307.23758620689654,6.189655172413793,4.7215686274509805,309.68549019607843,5.901960784313726,9.057777777777778,315.7886666666667,6.133333333333334,11.286486486486487,315.82216216216216,6.513513513513513,3.771428571428572,320.53464285714284,6.642857142857143,12.416000000000002,329.7432,6.72,1.4857142857142858,335.1142857142857,5.857142857142857,5.626666666666667,335.81,6.733333333333333,3.1,338.62416666666667,6.75,10.266666666666667,339.2711111111111,6.0,-1.0,343.98375,5.75,8.64,341.178,5.8,-1.0,338.33000000000004,5.0,24.1,346.85,6.0,-1.0,351.15999999999997,6.5,-1.0,356.015,4.0,False,False,False,False,False,False,False,True,False,False,False,False,False,False,False,False
9,-1,96.06,7,-1,98.26,4.0,9,99.68,7.0,10,104.1,6.0,11.0,108.11,118.0,13.0,116.23,130.0,14.0,120.16,103.0,15.0,124.13,59.0,-1.0,139.59,3.0,10.177131782945736,246.79166666666666,17.75968992248062,11.51222222222222,258.64344444444447,11.255555555555556,8.044117647058824,272.95323529411763,6.6911764705882355,8.096153846153847,283.06673076923073,8.028846153846153,6.184810126582279,298.4777215189873,6.063291139240507,8.3,307.23758620689654,6.189655172413793,4.7215686274509805,309.68549019607843,5.901960784313726,9.057777777777778,315.7886666666667,6.133333333333334,11.286486486486487,315.82216216216216,6.513513513513513,3.771428571428572,320.53464285714284,6.642857142857143,12.416000000000002,329.7432,6.72,1.4857142857142858,335.1142857142857,5.857142857142857,5.626666666666667,335.81,6.733333333333333,3.1,338.62416666666667,6.75,10.266666666666667,339.2711111111111,6.0,-1.0,343.98375,5.75,8.64,341.178,5.8,-1.0,338.33000000000004,5.0,24.1,346.85,6.0,-1.0,351.15999999999997,6.5,-1.0,356.015,4.0,False,False,False,False,False,True,False,False,False,False,False,False,False,False,False,False
7,-1,150.49,7,13,160.0,79.0,16,172.16,102.0,17,176.12,6.0,19.0,184.39,30.0,20.0,188.52,257.0,23.0,200.33,3.0,12.037473233404711,230.39813704496785,41.95289079229122,10.877932960893855,238.12659217877098,30.310055865921786,10.177131782945736,246.79166666666666,17.75968992248062,11.51222222222222,258.64344444444447,11.255555555555556,8.044117647058824,272.95323529411763,6.6911764705882355,8.096153846153847,283.06673076923073,8.028846153846153,6.184810126582279,298.4777215189873,6.063291139240507,8.3,307.23758620689654,6.189655172413793,4.7215686274509805,309.68549019607843,5.901960784313726,9.057777777777778,315.7886666666667,6.133333333333334,11.286486486486487,315.82216216216216,6.513513513513513,3.771428571428572,320.53464285714284,6.642857142857143,12.416000000000002,329.7432,6.72,1.4857142857142858,335.1142857142857,5.857142857142857,5.626666666666667,335.81,6.733333333333333,3.1,338.62416666666667,6.75,10.266666666666667,339.2711111111111,6.0,-1.0,343.98375,5.75,8.64,341.178,5.8,-1.0,338.33000000000004,5.0,24.1,346.85,6.0,-1.0,351.15999999999997,6.5,-1.0,356.015,4.0,False,False,False,False,False,False,False,False,False,False,False,False,False,False,False,True
4,5,216.48,5,8,228.76,173.0,11,240.87,150.0,-1,243.49,5.0,11.362921348314606,219.41106741573032,77.95786516853933,12.028571428571428,222.8513210445469,66.27035330261137,12.041229656419528,226.86157323688968,52.7992766726944,12.037473233404711,230.39813704496785,41.95289079229122,10.877932960893855,238.12659217877098,30.310055865921786,10.177131782945736,246.79166666666666,17.75968992248062,11.51222222222222,258.64344444444447,11.255555555555556,8.044117647058824,272.95323529411763,6.6911764705882355,8.096153846153847,283.06673076923073,8.028846153846153,6.184810126582279,298.4777215189873,6.063291139240507,8.3,307.23758620689654,6.189655172413793,4.7215686274509805,309.68549019607843,5.901960784313726,9.057777777777778,315.7886666666667,6.133333333333334,11.286486486486487,315.82216216216216,6.513513513513513,3.771428571428572,320.53464285714284,6.642857142857143,12.416000000000002,329.7432,6.72,1.4857142857142858,335.1142857142857,5.857142857142857,5.626666666666667,335.81,6.733333333333333,3.1,338.62416666666667,6.75,10.266666666666667,339.2711111111111,6.0,-1.0,343.98375,5.75,8.64,341.178,5.8,-1.0,338.33000000000004,5.0,24.1,346.85,6.0,-1.0,351.15999999999997,6.5,-1.0,356.015,4.0,False,False,False,False,False,False,False,False,False,False,False,False,False,False,True,False
6,11,276.84,9,12,281.1,97.0,14,289.16,54.0,16,297.12,115.0,17.0,301.08,57.0,20.2,315.18,5.0,12.041229656419528,226.86157323688968,52.7992766726944,12.037473233404711,230.39813704496785,41.95289079229122,10.877932960893855,238.12659217877098,30.310055865921786,10.177131782945736,246.79166666666666,17.75968992248062,11.51222222222222,258.64344444444447,11.255555555555556,8.044117647058824,272.95323529411763,6.6911764705882355,8.096153846153847,283.06673076923073,8.028846153846153,6.184810126582279,298.4777215189873,6.063291139240507,8.3,307.23758620689654,6.189655172413793,4.7215686274509805,309.68549019607843,5.901960784313726,9.057777777777778,315.7886666666667,6.133333333333334,11.286486486486487,315.82216216216216,6.513513513513513,3.771428571428572,320.53464285714284,6.642857142857143,12.416000000000002,329.7432,6.72,1.4857142857142858,335.1142857142857,5.857142857142857,5.626666666666667,335.81,6.733333333333333,3.1,338.62416666666667,6.75,10.266666666666667,339.2711111111111,6.0,-1.0,343.98375,5.75,8.64,341.178,5.8,-1.0,338.33000000000004,5.0,24.1,346.85,6.0,-1.0,351.15999999999997,6.5,-1.0,356.015,4.0,False,False,False,False,True,False,False,False,False,False,False,False,False,False,False,False
2,X,104.99,184,Y,110.9,280.0,,210.75846753246756,71.04545454545455,,216.6818641810919,87.4513981358189,11.362921348314606,219.41106741573032,77.95786516853933,12.028571428571428,222.8513210445469,66.27035330261137,12.041229656419528,226.86157323688968,52.7992766726944,12.037473233404711,230.39813704496785,41.95289079229122,10.877932960893855,238.12659217877098,30.310055865921786,10.177131782945736,246.79166666666666,17.75968992248062,11.51222222222222,258.64344444444447,11.255555555555556,8.044117647058824,272.95323529411763,6.6911764705882355,8.096153846153847,283.06673076923073,8.028846153846153,6.184810126582279,298.4777215189873,6.063291139240507,8.3,307.23758620689654,6.189655172413793,4.7215686274509805,309.68549019607843,5.901960784313726,9.057777777777778,315.7886666666667,6.133333333333334,11.286486486486487,315.82216216216216,6.513513513513513,3.771428571428572,320.53464285714284,6.642857142857143,12.416000000000002,329.7432,6.72,1.4857142857142858,335.1142857142857,5.857142857142857,5.626666666666667,335.81,6.733333333333333,3.1,338.62416666666667,6.75,10.266666666666667,339.2711111111111,6.0,-1.0,343.98375,5.75,8.64,341.178,5.8,-1.0,338.33000000000004,5.0,24.1,346.85,6.0,-1.0,351.15999999999997,6.5,-1.0,356.015,4.0,True,False,False,False,False,False,False,False,False,False,False,False,False,False,False,False
5,-1,141.15,4,10,144.78,21.0,11,148.92,336.0,12,152.99,105.0,-1.0,154.4,8.0,12.028571428571428,222.8513210445469,66.27035330261137,12.041229656419528,226.86157323688968,52.7992766726944,12.037473233404711,230.39813704496785,41.95289079229122,10.877932960893855,238.12659217877098,30.310055865921786,10.177131782945736,246.79166666666666,17.75968992248062,11.51222222222222,258.64344444444447,11.255555555555556,8.044117647058824,272.95323529411763,6.6911764705882355,8.096153846153847,283.06673076923073,8.028846153846153,6.184810126582279,298.4777215189873,6.063291139240507,8.3,307.23758620689654,6.189655172413793,4.7215686274509805,309.68549019607843,5.901960784313726,9.057777777777778,315.7886666666667,6.133333333333334,11.286486486486487,315.82216216216216,6.513513513513513,3.771428571428572,320.53464285714284,6.642857142857143,12.416000000000002,329.7432,6.72,1.4857142857142858,335.1142857142857,5.857142857142857,5.626666666666667,335.81,6.733333333333333,3.1,338.62416666666667,6.75,10.266666666666667,339.2711111111111,6.0,-1.0,343.98375,5.75,8.64,341.178,5.8,-1.0,338.33000000000004,5.0,24.1,346.85,6.0,-1.0,351.15999999999997,6.5,-1.0,356.015,4.0,False,False,False,False,False,False,False,False,False,True,False,False,False,False,False,False
14,-1,204.45,5,-1,209.34,7.0,20,225.13,18.0,20.2,227.15,5.0,21.0,229.09,144.0,23.0,237.29,98.0,24.0,241.4,132.0,25.0,245.58,71.0,-1.0,276.41,6.0,-1.0,287.04,4.0,-1.0,314.63,6.0,-1.0,318.72,4.0,-1.0,347.75,6.0,51.2,352.33,5.0,8.3,307.23758620689654,6.189655172413793,4.7215686274509805,309.68549019607843,5.901960784313726,9.057777777777778,315.7886666666667,6.133333333333334,11.286486486486487,315.82216216216216,6.513513513513513,3.771428571428572,320.53464285714284,6.642857142857143,12.416000000000002,329.7432,6.72,1.4857142857142858,335.1142857142857,5.857142857142857,5.626666666666667,335.81,6.733333333333333,3.1,338.62416666666667,6.75,10.266666666666667,339.2711111111111,6.0,-1.0,343.98375,5.75,8.64,341.178,5.8,-1.0,338.33000000000004,5.0,24.1,346.85,6.0,-1.0,351.15999999999997,6.5,-1.0,356.015,4.0,False,False,False,False,False,False,False,False,False,False,False,False,True,False,False,False
14,9,125.68,7,-1,127.96,2.0,10,129.69,70.0,-1,132.55,2.0,-1.0,135.02,3.0,-1.0,137.1,1.0,-1.0,139.68,2.0,13.0,142.13,6.0,14.0,146.16,112.0,15.0,150.37,75.0,-1.0,155.01,2.0,17.0,159.0,2.0,-1.0,160.65,2.0,-1.0,164.33,1.0,8.3,307.23758620689654,6.189655172413793,4.7215686274509805,309.68549019607843,5.901960784313726,9.057777777777778,315.7886666666667,6.133333333333334,11.286486486486487,315.82216216216216,6.513513513513513,3.771428571428572,320.53464285714284,6.642857142857143,12.416000000000002,329.7432,6.72,1.4857142857142858,335.1142857142857,5.857142857142857,5.626666666666667,335.81,6.733333333333333,3.1,338.62416666666667,6.75,10.266666666666667,339.2711111111111,6.0,-1.0,343.98375,5.75,8.64,341.178,5.8,-1.0,338.33000000000004,5.0,24.1,346.85,6.0,-1.0,351.15999999999997,6.5,-1.0,356.015,4.0,False,False,False,False,False,False,False,False,False,False,False,True,False,False,False,False
8,26,190.5,7,27,194.45,7.0,28,198.74,94.0,29,202.62,3.0,31.0,210.69,64.0,32.0,214.76,71.0,-1.0,217.46,2.0,33.0,218.81,2.0,10.877932960893855,238.12659217877098,30.310055865921786,10.177131782945736,246.79166666666666,17.75968992248062,11.51222222222222,258.64344444444447,11.255555555555556,8.044117647058824,272.95323529411763,6.6911764705882355,8.096153846153847,283.06673076923073,8.028846153846153,6.184810126582279,298.4777215189873,6.063291139240507,8.3,307.23758620689654,6.189655172413793,4.7215686274509805,309.68549019607843,5.901960784313726,9.057777777777778,315.7886666666667,6.133333333333334,11.286486486486487,315.82216216216216,6.513513513513513,3.771428571428572,320.53464285714284,6.642857142857143,12.416000000000002,329.7432,6.72,1.4857142857142858,335.1142857142857,5.857142857142857,5.626666666666667,335.81,6.733333333333333,3.1,338.62416666666667,6.75,10.266666666666667,339.2711111111111,6.0,-1.0,343.98375,5.75,8.64,341.178,5.8,-1.0,338.33000000000004,5.0,24.1,346.85,6.0,-1.0,351.15999999999997,6.5,-1.0,356.015,4.0,False,False,False,False,False,False,True,False,False,False,False,False,False,False,False,False
8,-1,259.26,2,8,262.02,42.0,9,266.07,35.0,10,270.13,113.0,-1.0,277.36,2.0,12.0,278.46,2.0,-1.0,289.12,2.0,-1.0,292.75,1.0,10.877932960893855,238.12659217877098,30.310055865921786,10.177131782945736,246.79166666666666,17.75968992248062,11.51222222222222,258.64344444444447,11.255555555555556,8.044117647058824,272.95323529411763,6.6911764705882355,8.096153846153847,283.06673076923073,8.028846153846153,6.184810126582279,298.4777215189873,6.063291139240507,8.3,307.23758620689654,6.189655172413793,4.7215686274509805,309.68549019607843,5.901960784313726,9.057777777777778,315.7886666666667,6.133333333333334,11.286486486486487,315.82216216216216,6.513513513513513,3.771428571428572,320.53464285714284,6.642857142857143,12.416000000000002,329.7432,6.72,1.4857142857142858,335.1142857142857,5.857142857142857,5.626666666666667,335.81,6.733333333333333,3.1,338.62416666666667,6.75,10.266666666666667,339.2711111111111,6.0,-1.0,343.98375,5.75,8.64,341.178,5.8,-1.0,338.33000000000004,5.0,24.1,346.85,6.0,-1.0,351.15999999999997,6.5,-1.0,356.015,4.0,False,False,False,False,False,False,False,False,False,False,True,False,False,False,False,False
6,-1,307.94,1,10,318.65,11.0,11,322.8,141.0,12,326.8,116.0,14.0,335.19,2.0,-1.0,336.22,2.0,12.041229656419528,226.86157323688968,52.7992766726944,12.037473233404711,230.39813704496785,41.95289079229122,10.877932960893855,238.12659217877098,30.310055865921786,10.177131782945736,246.79166666666666,17.75968992248062,11.51222222222222,258.64344444444447,11.255555555555556,8.044117647058824,272.95323529411763,6.6911764705882355,8.096153846153847,283.06673076923073,8.028846153846153,6.184810126582279,298.4777215189873,6.063291139240507,8.3,307.23758620689654,6.189655172413793,4.7215686274509805,309.68549019607843,5.901960784313726,9.057777777777778,315.7886666666667,6.133333333333334,11.286486486486487,315.82216216216216,6.513513513513513,3.771428571428572,320.53464285714284,6.642857142857143,12.416000000000002,329.7432,6.72,1.4857142857142858,335.1142857142857,5.857142857142857,5.626666666666667,335.81,6.733333333333333,3.1,338.62416666666667,6.75,10.266666666666667,339.2711111111111,6.0,-1.0,343.98375,5.75,8.64,341.178,5.8,-1.0,338.33000000000004,5.0,24.1,346.85,6.0,-1.0,351.15999999999997,6.5,-1.0,356.015,4.0,False,True,False,False,False,False,False,False,False,False,False,False,False,False,False,False
8,-1,96.0,2,-1,116.77,5.0,14,118.16,12.0,15,122.25,169.0,16.0,126.39,30.0,-1.0,127.64,2.0,17.0,130.17,81.0,-1.0,137.02,3.0,10.877932960893855,238.12659217877098,30.310055865921786,10.177131782945736,246.79166666666666,17.75968992248062,11.51222222222222,258.64344444444447,11.255555555555556,8.044117647058824,272.95323529411763,6.6911764705882355,8.096153846153847,283.06673076923073,8.028846153846153,6.184810126582279,298.4777215189873,6.063291139240507,8.3,307.23758620689654,6.189655172413793,4.7215686274509805,309.68549019607843,5.901960784313726,9.057777777777778,315.7886666666667,6.133333333333334,11.286486486486487,315.82216216216216,6.513513513513513,3.771428571428572,320.53464285714284,6.642857142857143,12.416000000000002,329.7432,6.72,1.4857142857142858,335.1142857142857,5.857142857142857,5.626666666666667,335.81,6.733333333333333,3.1,338.62416666666667,6.75,10.266666666666667,339.2711111111111,6.0,-1.0,343.98375,5.75,8.64,341.178,5.8,-1.0,338.33000000000004,5.0,24.1,346.85,6.0,-1.0,351.15999999999997,6.5,-1.0,356.015,4.0,False,False,False,False,False,False,False,False,True,False,False,False,False,False,False,False
12,4,160.73,3,-1,163.19,3.0,5,164.9,3.0,6,168.5,45.0,7.0,172.6,111.0,7.3,175.48,1.0,9.0,180.67,53.0,9.3,183.86,85.0,-1.0,186.47,3.0,-1.0,190.67,2.0,-1.0,192.35,1.0,-1.0,196.05,2.0,8.096153846153847,283.06673076923073,8.028846153846153,6.184810126582279,298.4777215189873,6.063291139240507,8.3,307.23758620689654,6.189655172413793,4.7215686274509805,309.68549019607843,5.901960784313726,9.057777777777778,315.7886666666667,6.133333333333334,11.286486486486487,315.82216216216216,6.513513513513513,3.771428571428572,320.53464285714284,6.642857142857143,12.416000000000002,329.7432,6.72,1.4857142857142858,335.1142857142857,5.857142857142857,5.626666666666667,335.81,6.733333333333333,3.1,338.62416666666667,6.75,10.266666666666667,339.2711111111111,6.0,-1.0,343.98375,5.75,8.64,341.178,5.8,-1.0,338.33000000000004,5.0,24.1,346.85,6.0,-1.0,351.15999999999997,6.5,-1.0,356.015,4.0,False,False,False,False,False,False,False,False,False,False,False,False,False,True,False,False
6,8,215.18,160,-1,221.67,3.0,11,227.28,4.0,12,231.23,78.0,13.0,235.36,86.0,-1.0,246.22,3.0,12.041229656419528,226.86157323688968,52.7992766726944,12.037473233404711,230.39813704496785,41.95289079229122,10.877932960893855,238.12659217877098,30.310055865921786,10.177131782945736,246.79166666666666,17.75968992248062,11.51222222222222,258.64344444444447,11.255555555555556,8.044117647058824,272.95323529411763,6.6911764705882355,8.096153846153847,283.06673076923073,8.028846153846153,6.184810126582279,298.4777215189873,6.063291139240507,8.3,307.23758620689654,6.189655172413793,4.7215686274509805,309.68549019607843,5.901960784313726,9.057777777777778,315.7886666666667,6.133333333333334,11.286486486486487,315.82216216216216,6.513513513513513,3.771428571428572,320.53464285714284,6.642857142857143,12.416000000000002,329.7432,6.72,1.4857142857142858,335.1142857142857,5.857142857142857,5.626666666666667,335.81,6.733333333333333,3.1,338.62416666666667,6.75,10.266666666666667,339.2711111111111,6.0,-1.0,343.98375,5.75,8.64,341.178,5.8,-1.0,338.33000000000004,5.0,24.1,346.85,6.0,-1.0,351.15999999999997,6.5,-1.0,356.015,4.0,False,False,True,False,False,False,False,False,False,False,False,False,False,False,False,False
6,-1,250.67,2,8,262.95,3.0,9,267.17,10.0,10,271.24,227.0,11.0,275.23,238.0,-1.0,284.65,3.0,12.041229656419528,226.86157323688968,52.7992766726944,12.037473233404711,230.39813704496785,41.95289079229122,10.877932960893855,238.12659217877098,30.310055865921786,10.177131782945736,246.79166666666666,17.75968992248062,11.51222222222222,258.64344444444447,11.255555555555556,8.044117647058824,272.95323529411763,6.6911764705882355,8.096153846153847,283.06673076923073,8.028846153846153,6.184810126582279,298.4777215189873,6.063291139240507,8.3,307.23758620689654,6.189655172413793,4.7215686274509805,309.68549019607843,5.901960784313726,9.057777777777778,315.7886666666667,6.133333333333334,11.286486486486487,315.82216216216216,6.513513513513513,3.771428571428572,320.53464285714284,6.642857142857143,12.416000000000002,329.7432,6.72,1.4857142857142858,335.1142857142857,5.857142857142857,5.626666666666667,335.81,6.733333333333333,3.1,338.62416666666667,6.75,10.266666666666667,339.2711111111111,6.0,-1.0,343.98375,5.75,8.64,341.178,5.8,-1.0,338.33000000000004,5.0,24.1,346.85,6.0,-1.0,351.15999999999997,6.5,-1.0,356.015,4.0,False,False,False,True,False,False,False,False,False,False,False,False,False,False,False,False
9,15,304.91,11,16,308.79,256.0,18,316.77,9.0,19,321.05,121.0,-1.0,330.96,1.0,22.0,333.21,3.0,24.0,341.14,14.0,25.0,345.15,144.0,-1.0,346.99,4.0,10.177131782945736,246.79166666666666,17.75968992248062,11.51222222222222,258.64344444444447,11.255555555555556,8.044117647058824,272.95323529411763,6.6911764705882355,8.096153846153847,283.06673076923073,8.028846153846153,6.184810126582279,298.4777215189873,6.063291139240507,8.3,307.23758620689654,6.189655172413793,4.7215686274509805,309.68549019607843,5.901960784313726,9.057777777777778,315.7886666666667,6.133333333333334,11.286486486486487,315.82216216216216,6.513513513513513,3.771428571428572,320.53464285714284,6.642857142857143,12.416000000000002,329.7432,6.72,1.4857142857142858,335.1142857142857,5.857142857142857,5.626666666666667,335.81,6.733333333333333,3.1,338.62416666666667,6.75,10.266666666666667,339.2711111111111,6.0,-1.0,343.98375,5.75,8.64,341.178,5.8,-1.0,338.33000000000004,5.0,24.1,346.85,6.0,-1.0,351.15999999999997,6.5,-1.0,356.015,4.0,False,False,False,False,False,False,False,True,False,False,False,False,False,False,False,False
8,11,108.09,64,12,112.27,10.0,13,116.16,63.0,-1,117.23,4.0,14.0,120.15,109.0,-1.0,121.63,4.0,15.0,124.12,97.0,17.0,132.55,6.0,10.877932960893855,238.12659217877098,30.310055865921786,10.177131782945736,246.79166666666666,17.75968992248062,11.51222222222222,258.64344444444447,11.255555555555556,8.044117647058824,272.95323529411763,6.6911764705882355,8.096153846153847,283.06673076923073,8.028846153846153,6.184810126582279,298.4777215189873,6.063291139240507,8.3,307.23758620689654,6.189655172413793,4.7215686274509805,309.68549019607843,5.901960784313726,9.057777777777778,315.7886666666667,6.133333333333334,11.286486486486487,315.82216216216216,6.513513513513513,3.771428571428572,320.53464285714284,6.642857142857143,12.416000000000002,329.7432,6.72,1.4857142857142858,335.1142857142857,5.857142857142857,5.626666666666667,335.81,6.733333333333333,3.1,338.62416666666667,6.75,10.266666666666667,339.2711111111111,6.0,-1.0,343.98375,5.75,8.64,341.178,5.8,-1.0,338.33000000000004,5.0,24.1,346.85,6.0,-1.0,351.15999999999997,6.5,-1.0,356.015,4.0,False,False,False,False,False,True,False,False,False,False,False,False,False,False,False,False
11,-1,149.71,6,13,160.0,142.0,16,172.19,57.0,19,184.45,13.0,20.0,188.57,72.0,-1.0,190.25,6.0,-1.0,191.18,4.0,-1.0,195.04,6.0,-1.0,199.5,6.0,-1.0,201.72,5.0,25.0,208.63,3.0,8.044117647058824,272.95323529411763,6.6911764705882355,8.096153846153847,283.06673076923073,8.028846153846153,6.184810126582279,298.4777215189873,6.063291139240507,8.3,307.23758620689654,6.189655172413793,4.7215686274509805,309.68549019607843,5.901960784313726,9.057777777777778,315.7886666666667,6.133333333333334,11.286486486486487,315.82216216216216,6.513513513513513,3.771428571428572,320.53464285714284,6.642857142857143,12.416000000000002,329.7432,6.72,1.4857142857142858,335.1142857142857,5.857142857142857,5.626666666666667,335.81,6.733333333333333,3.1,338.62416666666667,6.75,10.266666666666667,339.2711111111111,6.0,-1.0,343.98375,5.75,8.64,341.178,5.8,-1.0,338.33000000000004,5.0,24.1,346.85,6.0,-1.0,351.15999999999997,6.5,-1.0,356.015,4.0,False,False,False,False,False,False,False,False,False,False,False,False,False,False,False,True
4,8,228.79,88,11,240.78,188.0,12,244.67,6.0,-1,254.23,4.0,11.362921348314606,219.41106741573032,77.95786516853933,12.028571428571428,222.8513210445469,66.27035330261137,12.041229656419528,226.86157323688968,52.7992766726944,12.037473233404711,230.39813704496785,41.95289079229122,10.877932960893855,238.12659217877098,30.310055865921786,10.177131782945736,246.79166666666666,17.75968992248062,11.51222222222222,258.64344444444447,11.255555555555556,8.044117647058824,272.95323529411763,6.6911764705882355,8.096153846153847,283.06673076923073,8.028846153846153,6.184810126582279,298.4777215189873,6.063291139240507,8.3,307.23758620689654,6.189655172413793,4.7215686274509805,309.68549019607843,5.901960784313726,9.057777777777778,315.7886666666667,6.133333333333334,11.286486486486487,315.82216216216216,6.513513513513513,3.771428571428572,320.53464285714284,6.642857142857143,12.416000000000002,329.7432,6.72,1.4857142857142858,335.1142857142857,5.857142857142857,5.626666666666667,335.81,6.733333333333333,3.1,338.62416666666667,6.75,10.266666666666667,339.2711111111111,6.0,-1.0,343.98375,5.75,8.64,341.178,5.8,-1.0,338.33000000000004,5.0,24.1,346.85,6.0,-1.0,351.15999999999997,6.5,-1.0,356.015,4.0,False,False,False,False,False,False,False,False,False,False,False,False,False,False,True,False
16,7,261.18,5,-1,268.19,3.0,-1,275.99,5.0,12,281.1,163.0,14.0,289.04,21.0,-1.0,290.55,6.0,15.2,295.36,6.0,16.0,297.13,58.0,17.0,301.16,91.0,20.0,313.48,5.0,-1.0,328.36,6.0,25.0,333.55,4.0,-1.0,336.31,6.0,-1.0,339.49,3.0,-1.0,341.31,6.0,-1.0,345.94,6.0,9.057777777777778,315.7886666666667,6.133333333333334,11.286486486486487,315.82216216216216,6.513513513513513,3.771428571428572,320.53464285714284,6.642857142857143,12.416000000000002,329.7432,6.72,1.4857142857142858,335.1142857142857,5.857142857142857,5.626666666666667,335.81,6.733333333333333,3.1,338.62416666666667,6.75,10.266666666666667,339.2711111111111,6.0,-1.0,343.98375,5.75,8.64,341.178,5.8,-1.0,338.33000000000004,5.0,24.1,346.85,6.0,-1.0,351.15999999999997,6.5,-1.0,356.015,4.0,False,False,False,False,True,False,False,False,False,False,False,False,False,False,False,False
2,X,104.92,178,Y,110.85,139.0,,210.75846753246756,71.04545454545455,,216.6818641810919,87.4513981358189,11.362921348314606,219.41106741573032,77.95786516853933,12.028571428571428,222.8513210445469,66.27035330261137,12.041229656419528,226.86157323688968,52.7992766726944,12.037473233404711,230.39813704496785,41.95289079229122,10.877932960893855,238.12659217877098,30.310055865921786,10.177131782945736,246.79166666666666,17.75968992248062,11.51222222222222,258.64344444444447,11.255555555555556,8.044117647058824,272.95323529411763,6.6911764705882355,8.096153846153847,283.06673076923073,8.028846153846153,6.184810126582279,298.4777215189873,6.063291139240507,8.3,307.23758620689654,6.189655172413793,4.7215686274509805,309.68549019607843,5.901960784313726,9.057777777777778,315.7886666666667,6.133333333333334,11.286486486486487,315.82216216216216,6.513513513513513,3.771428571428572,320.53464285714284,6.642857142857143,12.416000000000002,329.7432,6.72,1.4857142857142858,335.1142857142857,5.857142857142857,5.626666666666667,335.81,6.733333333333333,3.1,338.62416666666667,6.75,10.266666666666667,339.2711111111111,6.0,-1.0,343.98375,5.75,8.64,341.178,5.8,-1.0,338.33000000000004,5.0,24.1,346.85,6.0,-1.0,351.15999999999997,6.5,-1.0,356.015,4.0,True,False,False,False,False,False,False,False,False,False,False,False,False,False,False,False
8,-1,129.77,7,-1,133.5,4.0,-1,138.71,5.0,-1,143.12,6.0,10.0,144.93,9.0,11.0,148.88,146.0,12.0,153.02,69.0,15.0,165.72,6.0,10.877932960893855,238.12659217877098,30.310055865921786,10.177131782945736,246.79166666666666,17.75968992248062,11.51222222222222,258.64344444444447,11.255555555555556,8.044117647058824,272.95323529411763,6.6911764705882355,8.096153846153847,283.06673076923073,8.028846153846153,6.184810126582279,298.4777215189873,6.063291139240507,8.3,307.23758620689654,6.189655172413793,4.7215686274509805,309.68549019607843,5.901960784313726,9.057777777777778,315.7886666666667,6.133333333333334,11.286486486486487,315.82216216216216,6.513513513513513,3.771428571428572,320.53464285714284,6.642857142857143,12.416000000000002,329.7432,6.72,1.4857142857142858,335.1142857142857,5.857142857142857,5.626666666666667,335.81,6.733333333333333,3.1,338.62416666666667,6.75,10.266666666666667,339.2711111111111,6.0,-1.0,343.98375,5.75,8.64,341.178,5.8,-1.0,338.33000000000004,5.0,24.1,346.85,6.0,-1.0,351.15999999999997,6.5,-1.0,356.015,4.0,False,False,False,False,False,False,False,False,False,True,False,False,False,False,False,False
22,-1,207.56,3,-1,211.52,5.0,-1,214.0,7.0,21,229.04,55.0,22.0,233.16,7.0,22.2,235.61,6.0,23.0,237.3,62.0,24.0,241.39,53.0,25.0,245.53,49.0,27.2,255.55,4.0,29.0,261.77,6.0,30.0,265.23,7.0,-1.0,268.52,5.0,-1.0,290.22,6.0,-1.0,298.65,6.0,-1.0,318.29,6.0,43.2,319.82,8.0,-1.0,321.05,8.0,-1.0,322.8,9.0,-1.0,324.89,9.0,-1.0,334.33,3.0,-1.0,343.32,7.0,3.1,338.62416666666667,6.75,10.266666666666667,339.2711111111111,6.0,-1.0,343.98375,5.75,8.64,341.178,5.8,-1.0,338.33000000000004,5.0,24.1,346.85,6.0,-1.0,351.15999999999997,6.5,-1.0,356.015,4.0,False,False,False,False,False,False,False,False,False,False,False,False,True,False,False,False
14,-1,113.85,2,10,129.7,39.0,-1,131.89,3.0,11,133.79,4.0,12.0,137.92,2.0,13.0,142.19,7.0,14.0,146.26,92.0,15.0,150.35,37.0,-1.0,153.19,2.0,-1.0,155.8,2.0,-1.0,165.47,2.0,-1.0,174.1,2.0,-1.0,175.43,2.0,-1.0,177.56,2.0,8.3,307.23758620689654,6.189655172413793,4.7215686274509805,309.68549019607843,5.901960784313726,9.057777777777778,315.7886666666667,6.133333333333334,11.286486486486487,315.82216216216216,6.513513513513513,3.771428571428572,320.53464285714284,6.642857142857143,12.416000000000002,329.7432,6.72,1.4857142857142858,335.1142857142857,5.857142857142857,5.626666666666667,335.81,6.733333333333333,3.1,338.62416666666667,6.75,10.266666666666667,339.2711111111111,6.0,-1.0,343.98375,5.75,8.64,341.178,5.8,-1.0,338.33000000000004,5.0,24.1,346.85,6.0,-1.0,351.15999999999997,6.5,-1.0,356.015,4.0,False,False,False,False,False,False,False,False,False,False,False,True,False,False,False,False
12,26,190.84,2,27,194.37,3.0,28,198.63,46.0,-1,201.65,3.0,29.0,202.52,3.0,31.0,210.66,16.0,-1.0,211.62,3.0,32.0,214.73,27.0,32.2,216.59,2.0,36.0,231.21,3.0,-1.0,232.02,2.0,-1.0,233.48,2.0,8.096153846153847,283.06673076923073,8.028846153846153,6.184810126582279,298.4777215189873,6.063291139240507,8.3,307.23758620689654,6.189655172413793,4.7215686274509805,309.68549019607843,5.901960784313726,9.057777777777778,315.7886666666667,6.133333333333334,11.286486486486487,315.82216216216216,6.513513513513513,3.771428571428572,320.53464285714284,6.642857142857143,12.416000000000002,329.7432,6.72,1.4857142857142858,335.1142857142857,5.857142857142857,5.626666666666667,335.81,6.733333333333333,3.1,338.62416666666667,6.75,10.266666666666667,339.2711111111111,6.0,-1.0,343.98375,5.75,8.64,341.178,5.8,-1.0,338.33000000000004,5.0,24.1,346.85,6.0,-1.0,351.15999999999997,6.5,-1.0,356.015,4.0,False,False,False,False,False,False,True,False,False,False,False,False,False,False,False,False
9,8,261.96,15,9,266.05,25.0,10,269.99,24.0,-1,273.29,3.0,-1.0,275.77,2.0,12.0,277.76,2.0,-1.0,279.92,3.0,-1.0,289.62,3.0,-1.0,291.51,2.0,10.177131782945736,246.79166666666666,17.75968992248062,11.51222222222222,258.64344444444447,11.255555555555556,8.044117647058824,272.95323529411763,6.6911764705882355,8.096153846153847,283.06673076923073,8.028846153846153,6.184810126582279,298.4777215189873,6.063291139240507,8.3,307.23758620689654,6.189655172413793,4.7215686274509805,309.68549019607843,5.901960784313726,9.057777777777778,315.7886666666667,6.133333333333334,11.286486486486487,315.82216216216216,6.513513513513513,3.771428571428572,320.53464285714284,6.642857142857143,12.416000000000002,329.7432,6.72,1.4857142857142858,335.1142857142857,5.857142857142857,5.626666666666667,335.81,6.733333333333333,3.1,338.62416666666667,6.75,10.266666666666667,339.2711111111111,6.0,-1.0,343.98375,5.75,8.64,341.178,5.8,-1.0,338.33000000000004,5.0,24.1,346.85,6.0,-1.0,351.15999999999997,6.5,-1.0,356.015,4.0,False,False,False,False,False,False,False,False,False,False,True,False,False,False,False,False
4,-1,303.99,2,11,322.76,11.0,12,326.88,38.0,15,338.56,4.0,11.362921348314606,219.41106741573032,77.95786516853933,12.028571428571428,222.8513210445469,66.27035330261137,12.041229656419528,226.86157323688968,52.7992766726944,12.037473233404711,230.39813704496785,41.95289079229122,10.877932960893855,238.12659217877098,30.310055865921786,10.177131782945736,246.79166666666666,17.75968992248062,11.51222222222222,258.64344444444447,11.255555555555556,8.044117647058824,272.95323529411763,6.6911764705882355,8.096153846153847,283.06673076923073,8.028846153846153,6.184810126582279,298.4777215189873,6.063291139240507,8.3,307.23758620689654,6.189655172413793,4.7215686274509805,309.68549019607843,5.901960784313726,9.057777777777778,315.7886666666667,6.133333333333334,11.286486486486487,315.82216216216216,6.513513513513513,3.771428571428572,320.53464285714284,6.642857142857143,12.416000000000002,329.7432,6.72,1.4857142857142858,335.1142857142857,5.857142857142857,5.626666666666667,335.81,6.733333333333333,3.1,338.62416666666667,6.75,10.266666666666667,339.2711111111111,6.0,-1.0,343.98375,5.75,8.64,341.178,5.8,-1.0,338.33000000000004,5.0,24.1,346.85,6.0,-1.0,351.15999999999997,6.5,-1.0,356.015,4.0,False,True,False,False,False,False,False,False,False,False,False,False,False,False,False,False
8,-1,101.22,3,-1,115.98,3.0,14,118.32,14.0,15,122.37,195.0,16.0,126.47,24.0,17.0,130.23,28.0,17.2,132.65,4.0,18.2,136.69,2.0,10.877932960893855,238.12659217877098,30.310055865921786,10.177131782945736,246.79166666666666,17.75968992248062,11.51222222222222,258.64344444444447,11.255555555555556,8.044117647058824,272.95323529411763,6.6911764705882355,8.096153846153847,283.06673076923073,8.028846153846153,6.184810126582279,298.4777215189873,6.063291139240507,8.3,307.23758620689654,6.189655172413793,4.7215686274509805,309.68549019607843,5.901960784313726,9.057777777777778,315.7886666666667,6.133333333333334,11.286486486486487,315.82216216216216,6.513513513513513,3.771428571428572,320.53464285714284,6.642857142857143,12.416000000000002,329.7432,6.72,1.4857142857142858,335.1142857142857,5.857142857142857,5.626666666666667,335.81,6.733333333333333,3.1,338.62416666666667,6.75,10.266666666666667,339.2711111111111,6.0,-1.0,343.98375,5.75,8.64,341.178,5.8,-1.0,338.33000000000004,5.0,24.1,346.85,6.0,-1.0,351.15999999999997,6.5,-1.0,356.015,4.0,False,False,False,False,False,False,False,False,True,False,False,False,False,False,False,False
8,6,168.6,15,-1,169.47,2.0,7,172.6,66.0,-1,178.19,2.0,9.0,180.72,15.0,9.3,183.93,28.0,-1.0,186.34,5.0,-1.0,199.6,3.0,10.877932960893855,238.12659217877098,30.310055865921786,10.177131782945736,246.79166666666666,17.75968992248062,11.51222222222222,258.64344444444447,11.255555555555556,8.044117647058824,272.95323529411763,6.6911764705882355,8.096153846153847,283.06673076923073,8.028846153846153,6.184810126582279,298.4777215189873,6.063291139240507,8.3,307.23758620689654,6.189655172413793,4.7215686274509805,309.68549019607843,5.901960784313726,9.057777777777778,315.7886666666667,6.133333333333334,11.286486486486487,315.82216216216216,6.513513513513513,3.771428571428572,320.53464285714284,6.642857142857143,12.416000000000002,329.7432,6.72,1.4857142857142858,335.1142857142857,5.857142857142857,5.626666666666667,335.81,6.733333333333333,3.1,338.62416666666667,6.75,10.266666666666667,339.2711111111111,6.0,-1.0,343.98375,5.75,8.64,341.178,5.8,-1.0,338.33000000000004,5.0,24.1,346.85,6.0,-1.0,351.15999999999997,6.5,-1.0,356.015,4.0,False,False,False,False,False,False,False,False,False,False,False,False,False,True,False,False
9,-1,208.44,3,8,215.13,52.0,-1,217.97,2.0,-1,226.68,3.0,-1.0,228.05,3.0,12.0,231.21,15.0,13.0,235.35,37.0,-1.0,237.8,4.0,14.0,239.26,3.0,10.177131782945736,246.79166666666666,17.75968992248062,11.51222222222222,258.64344444444447,11.255555555555556,8.044117647058824,272.95323529411763,6.6911764705882355,8.096153846153847,283.06673076923073,8.028846153846153,6.184810126582279,298.4777215189873,6.063291139240507,8.3,307.23758620689654,6.189655172413793,4.7215686274509805,309.68549019607843,5.901960784313726,9.057777777777778,315.7886666666667,6.133333333333334,11.286486486486487,315.82216216216216,6.513513513513513,3.771428571428572,320.53464285714284,6.642857142857143,12.416000000000002,329.7432,6.72,1.4857142857142858,335.1142857142857,5.857142857142857,5.626666666666667,335.81,6.733333333333333,3.1,338.62416666666667,6.75,10.266666666666667,339.2711111111111,6.0,-1.0,343.98375,5.75,8.64,341.178,5.8,-1.0,338.33000000000004,5.0,24.1,346.85,6.0,-1.0,351.15999999999997,6.5,-1.0,356.015,4.0,False,False,True,False,False,False,False,False,False,False,False,False,False,False,False,False
6,-1,254.73,3,7,259.6,3.0,10,271.15,5.0,11,275.27,13.0,-1.0,276.27,2.0,-1.0,278.75,1.0,12.041229656419528,226.86157323688968,52.7992766726944,12.037473233404711,230.39813704496785,41.95289079229122,10.877932960893855,238.12659217877098,30.310055865921786,10.177131782945736,246.79166666666666,17.75968992248062,11.51222222222222,258.64344444444447,11.255555555555556,8.044117647058824,272.95323529411763,6.6911764705882355,8.096153846153847,283.06673076923073,8.028846153846153,6.184810126582279,298.4777215189873,6.063291139240507,8.3,307.23758620689654,6.189655172413793,4.7215686274509805,309.68549019607843,5.901960784313726,9.057777777777778,315.7886666666667,6.133333333333334,11.286486486486487,315.82216216216216,6.513513513513513,3.771428571428572,320.53464285714284,6.642857142857143,12.416000000000002,329.7432,6.72,1.4857142857142858,335.1142857142857,5.857142857142857,5.626666666666667,335.81,6.733333333333333,3.1,338.62416666666667,6.75,10.266666666666667,339.2711111111111,6.0,-1.0,343.98375,5.75,8.64,341.178,5.8,-1.0,338.33000000000004,5.0,24.1,346.85,6.0,-1.0,351.15999999999997,6.5,-1.0,356.015,4.0,False,False,False,True,False,False,False,False,False,False,False,False,False,False,False,False
13,15,304.65,3,16,308.62,11.0,-1,310.96,2.0,18,317.08,4.0,19.0,321.04,41.0,-1.0,323.19,3.0,20.0,324.82,3.0,-1.0,326.28,3.0,-1.0,334.57,3.0,-1.0,338.22,4.0,25.0,345.07,7.0,27.0,353.18,3.0,-1.0,365.0,3.0,6.184810126582279,298.4777215189873,6.063291139240507,8.3,307.23758620689654,6.189655172413793,4.7215686274509805,309.68549019607843,5.901960784313726,9.057777777777778,315.7886666666667,6.133333333333334,11.286486486486487,315.82216216216216,6.513513513513513,3.771428571428572,320.53464285714284,6.642857142857143,12.416000000000002,329.7432,6.72,1.4857142857142858,335.1142857142857,5.857142857142857,5.626666666666667,335.81,6.733333333333333,3.1,338.62416666666667,6.75,10.266666666666667,339.2711111111111,6.0,-1.0,343.98375,5.75,8.64,341.178,5.8,-1.0,338.33000000000004,5.0,24.1,346.85,6.0,-1.0,351.15999999999997,6.5,-1.0,356.015,4.0,False,False,False,False,False,False,False,True,False,False,False,False,False,False,False,False
6,11,108.12,33,12.2,113.92,5.0,13,116.2,42.0,14,120.07,77.0,15.0,124.08,68.0,17.0,131.89,6.0,12.041229656419528,226.86157323688968,52.7992766726944,12.037473233404711,230.39813704496785,41.95289079229122,10.877932960893855,238.12659217877098,30.310055865921786,10.177131782945736,246.79166666666666,17.75968992248062,11.51222222222222,258.64344444444447,11.255555555555556,8.044117647058824,272.95323529411763,6.6911764705882355,8.096153846153847,283.06673076923073,8.028846153846153,6.184810126582279,298.4777215189873,6.063291139240507,8.3,307.23758620689654,6.189655172413793,4.7215686274509805,309.68549019607843,5.901960784313726,9.057777777777778,315.7886666666667,6.133333333333334,11.286486486486487,315.82216216216216,6.513513513513513,3.771428571428572,320.53464285714284,6.642857142857143,12.416000000000002,329.7432,6.72,1.4857142857142858,335.1142857142857,5.857142857142857,5.626666666666667,335.81,6.733333333333333,3.1,338.62416666666667,6.75,10.266666666666667,339.2711111111111,6.0,-1.0,343.98375,5.75,8.64,341.178,5.8,-1.0,338.33000000000004,5.0,24.1,346.85,6.0,-1.0,351.15999999999997,6.5,-1.0,356.015,4.0,False,False,False,False,False,True,False,False,False,False,False,False,False,False,False,False
8,-1,153.5,5,13,160.0,28.0,-1,163.67,4.0,16,172.21,19.0,-1.0,179.45,5.0,20.0,188.43,34.0,-1.0,194.29,6.0,-1.0,199.92,6.0,10.877932960893855,238.12659217877098,30.310055865921786,10.177131782945736,246.79166666666666,17.75968992248062,11.51222222222222,258.64344444444447,11.255555555555556,8.044117647058824,272.95323529411763,6.6911764705882355,8.096153846153847,283.06673076923073,8.028846153846153,6.184810126582279,298.4777215189873,6.063291139240507,8.3,307.23758620689654,6.189655172413793,4.7215686274509805,309.68549019607843,5.901960784313726,9.057777777777778,315.7886666666667,6.133333333333334,11.286486486486487,315.82216216216216,6.513513513513513,3.771428571428572,320.53464285714284,6.642857142857143,12.416000000000002,329.7432,6.72,1.4857142857142858,335.1142857142857,5.857142857142857,5.626666666666667,335.81,6.733333333333333,3.1,338.62416666666667,6.75,10.266666666666667,339.2711111111111,6.0,-1.0,343.98375,5.75,8.64,341.178,5.8,-1.0,338.33000000000004,5.0,24.1,346.85,6.0,-1.0,351.15999999999997,6.5,-1.0,356.015,4.0,False,False,False,False,False,False,False,False,False,False,False,False,False,False,False,True
8,-1,219.11,4,6,220.96,8.0,-1,221.61,9.0,8,228.7,22.0,-1.0,239.02,8.0,11.0,240.75,66.0,-1.0,242.43,7.0,13.0,249.17,5.0,10.877932960893855,238.12659217877098,30.310055865921786,10.177131782945736,246.79166666666666,17.75968992248062,11.51222222222222,258.64344444444447,11.255555555555556,8.044117647058824,272.95323529411763,6.6911764705882355,8.096153846153847,283.06673076923073,8.028846153846153,6.184810126582279,298.4777215189873,6.063291139240507,8.3,307.23758620689654,6.189655172413793,4.7215686274509805,309.68549019607843,5.901960784313726,9.057777777777778,315.7886666666667,6.133333333333334,11.286486486486487,315.82216216216216,6.513513513513513,3.771428571428572,320.53464285714284,6.642857142857143,12.416000000000002,329.7432,6.72,1.4857142857142858,335.1142857142857,5.857142857142857,5.626666666666667,335.81,6.733333333333333,3.1,338.62416666666667,6.75,10.266666666666667,339.2711111111111,6.0,-1.0,343.98375,5.75,8.64,341.178,5.8,-1.0,338.33000000000004,5.0,24.1,346.85,6.0,-1.0,351.15999999999997,6.5,-1.0,356.015,4.0,False,False,False,False,False,False,False,False,False,False,False,False,False,False,True,False
18,7,260.98,5,9,269.09,5.0,-1,272.05,6.0,-1,274.12,3.0,-1.0,276.18,7.0,11.0,277.01,6.0,12.0,281.07,26.0,14.0,289.13,26.0,16.0,297.11,42.0,17.0,300.97,14.0,-1.0,310.37,5.0,19.2,311.3,4.0,20.2,314.88,7.0,-1.0,320.17,12.0,-1.0,324.39,4.0,23.2,327.57,8.0,24.0,329.45,4.0,-1.0,339.15,7.0,3.771428571428572,320.53464285714284,6.642857142857143,12.416000000000002,329.7432,6.72,1.4857142857142858,335.1142857142857,5.857142857142857,5.626666666666667,335.81,6.733333333333333,3.1,338.62416666666667,6.75,10.266666666666667,339.2711111111111,6.0,-1.0,343.98375,5.75,8.64,341.178,5.8,-1.0,338.33000000000004,5.0,24.1,346.85,6.0,-1.0,351.15999999999997,6.5,-1.0,356.015,4.0,False,False,False,False,True,False,False,False,False,False,False,False,False,False,False,False
3,X,104.94,141,-1,108.8,4.0,Y,110.84,81.0,,216.6818641810919,87.4513981358189,11.362921348314606,219.41106741573032,77.95786516853933,12.028571428571428,222.8513210445469,66.27035330261137,12.041229656419528,226.86157323688968,52.7992766726944,12.037473233404711,230.39813704496785,41.95289079229122,10.877932960893855,238.12659217877098,30.310055865921786,10.177131782945736,246.79166666666666,17.75968992248062,11.51222222222222,258.64344444444447,11.255555555555556,8.044117647058824,272.95323529411763,6.6911764705882355,8.096153846153847,283.06673076923073,8.028846153846153,6.184810126582279,298.4777215189873,6.063291139240507,8.3,307.23758620689654,6.189655172413793,4.7215686274509805,309.68549019607843,5.901960784313726,9.057777777777778,315.7886666666667,6.133333333333334,11.286486486486487,315.82216216216216,6.513513513513513,3.771428571428572,320.53464285714284,6.642857142857143,12.416000000000002,329.7432,6.72,1.4857142857142858,335.1142857142857,5.857142857142857,5.626666666666667,335.81,6.733333333333333,3.1,338.62416666666667,6.75,10.266666666666667,339.2711111111111,6.0,-1.0,343.98375,5.75,8.64,341.178,5.8,-1.0,338.33000000000004,5.0,24.1,346.85,6.0,-1.0,351.15999999999997,6.5,-1.0,356.015,4.0,True,False,False,False,False,False,False,False,False,False,False,False,False,False,False,False
7,6,128.27,8,-1,131.59,6.0,7,132.35,5.0,11,148.93,140.0,12.0,152.95,16.0,-1.0,157.7,8.0,14.0,160.78,6.0,12.037473233404711,230.39813704496785,41.95289079229122,10.877932960893855,238.12659217877098,30.310055865921786,10.177131782945736,246.79166666666666,17.75968992248062,11.51222222222222,258.64344444444447,11.255555555555556,8.044117647058824,272.95323529411763,6.6911764705882355,8.096153846153847,283.06673076923073,8.028846153846153,6.184810126582279,298.4777215189873,6.063291139240507,8.3,307.23758620689654,6.189655172413793,4.7215686274509805,309.68549019607843,5.901960784313726,9.057777777777778,315.7886666666667,6.133333333333334,11.286486486486487,315.82216216216216,6.513513513513513,3.771428571428572,320.53464285714284,6.642857142857143,12.416000000000002,329.7432,6.72,1.4857142857142858,335.1142857142857,5.857142857142857,5.626666666666667,335.81,6.733333333333333,3.1,338.62416666666667,6.75,10.266666666666667,339.2711111111111,6.0,-1.0,343.98375,5.75,8.64,341.178,5.8,-1.0,338.33000000000004,5.0,24.1,346.85,6.0,-1.0,351.15999999999997,6.5,-1.0,356.015,4.0,False,False,False,False,False,False,False,False,False,True,False,False,False,False,False,False
21,-1,207.65,4,-1,209.47,6.0,-1,213.92,7.0,20,224.99,9.0,21.0,229.19,31.0,21.2,231.05,5.0,23.0,237.23,55.0,24.0,241.42,14.0,24.2,243.35,8.0,25.0,245.51,21.0,29.0,261.39,5.0,-1.0,278.26,6.0,-1.0,287.48,5.0,-1.0,287.89,5.0,-1.0,295.05,3.0,-1.0,303.5,6.0,-1.0,339.49,2.0,49.2,344.82,7.0,-1.0,350.16,6.0,-1.0,358.53,4.0,-1.0,359.39,2.0,5.626666666666667,335.81,6.733333333333333,3.1,338.62416666666667,6.75,10.266666666666667,339.2711111111111,6.0,-1.0,343.98375,5.75,8.64,341.178,5.8,-1.0,338.33000000000004,5.0,24.1,346.85,6.0,-1.0,351.15999999999997,6.5,-1.0,356.015,4.0,False,False,False,False,False,False,False,False,False,False,False,False,True,False,False,False
10,-1,127.49,3,10,129.68,24.0,-1,131.72,2.0,13,141.96,7.0,14.0,146.14,99.0,15.0,150.33,70.0,18.0,162.68,3.0,-1.0,171.29,3.0,-1.0,176.42,3.0,-1.0,177.48,3.0,11.51222222222222,258.64344444444447,11.255555555555556,8.044117647058824,272.95323529411763,6.6911764705882355,8.096153846153847,283.06673076923073,8.028846153846153,6.184810126582279,298.4777215189873,6.063291139240507,8.3,307.23758620689654,6.189655172413793,4.7215686274509805,309.68549019607843,5.901960784313726,9.057777777777778,315.7886666666667,6.133333333333334,11.286486486486487,315.82216216216216,6.513513513513513,3.771428571428572,320.53464285714284,6.642857142857143,12.416000000000002,329.7432,6.72,1.4857142857142858,335.1142857142857,5.857142857142857,5.626666666666667,335.81,6.733333333333333,3.1,338.62416666666667,6.75,10.266666666666667,339.2711111111111,6.0,-1.0,343.98375,5.75,8.64,341.178,5.8,-1.0,338.33000000000004,5.0,24.1,346.85,6.0,-1.0,351.15999999999997,6.5,-1.0,356.015,4.0,False,False,False,False,False,False,False,False,False,False,False,True,False,False,False,False
12,24.2,184.81,2,26,190.04,3.0,27,194.77,4.0,28,198.75,66.0,29.0,202.86,3.0,-1.0,203.84,3.0,-1.0,211.78,3.0,31.2,212.69,2.0,-1.0,225.89,2.0,35.0,227.06,2.0,36.0,230.47,1.0,-1.0,240.17,3.0,8.096153846153847,283.06673076923073,8.028846153846153,6.184810126582279,298.4777215189873,6.063291139240507,8.3,307.23758620689654,6.189655172413793,4.7215686274509805,309.68549019607843,5.901960784313726,9.057777777777778,315.7886666666667,6.133333333333334,11.286486486486487,315.82216216216216,6.513513513513513,3.771428571428572,320.53464285714284,6.642857142857143,12.416000000000002,329.7432,6.72,1.4857142857142858,335.1142857142857,5.857142857142857,5.626666666666667,335.81,6.733333333333333,3.1,338.62416666666667,6.75,10.266666666666667,339.2711111111111,6.0,-1.0,343.98375,5.75,8.64,341.178,5.8,-1.0,338.33000000000004,5.0,24.1,346.85,6.0,-1.0,351.15999999999997,6.5,-1.0,356.015,4.0,False,False,False,False,False,False,True,False,False,False,False,False,False,False,False,False
8,5.2,251.89,2,5.2,252.47,2.0,8,262.17,11.0,9,266.17,87.0,10.0,270.19,56.0,-1.0,285.31,2.0,-1.0,287.97,1.0,-1.0,293.2,2.0,10.877932960893855,238.12659217877098,30.310055865921786,10.177131782945736,246.79166666666666,17.75968992248062,11.51222222222222,258.64344444444447,11.255555555555556,8.044117647058824,272.95323529411763,6.6911764705882355,8.096153846153847,283.06673076923073,8.028846153846153,6.184810126582279,298.4777215189873,6.063291139240507,8.3,307.23758620689654,6.189655172413793,4.7215686274509805,309.68549019607843,5.901960784313726,9.057777777777778,315.7886666666667,6.133333333333334,11.286486486486487,315.82216216216216,6.513513513513513,3.771428571428572,320.53464285714284,6.642857142857143,12.416000000000002,329.7432,6.72,1.4857142857142858,335.1142857142857,5.857142857142857,5.626666666666667,335.81,6.733333333333333,3.1,338.62416666666667,6.75,10.266666666666667,339.2711111111111,6.0,-1.0,343.98375,5.75,8.64,341.178,5.8,-1.0,338.33000000000004,5.0,24.1,346.85,6.0,-1.0,351.15999999999997,6.5,-1.0,356.015,4.0,False,False,False,False,False,False,False,False,False,False,True,False,False,False,False,False
5,-1,312.98,2,10,318.85,4.0,11,322.85,27.0,12,326.89,67.0,15.0,339.32,3.0,12.028571428571428,222.8513210445469,66.27035330261137,12.041229656419528,226.86157323688968,52.7992766726944,12.037473233404711,230.39813704496785,41.95289079229122,10.877932960893855,238.12659217877098,30.310055865921786,10.177131782945736,246.79166666666666,17.75968992248062,11.51222222222222,258.64344444444447,11.255555555555556,8.044117647058824,272.95323529411763,6.6911764705882355,8.096153846153847,283.06673076923073,8.028846153846153,6.184810126582279,298.4777215189873,6.063291139240507,8.3,307.23758620689654,6.189655172413793,4.7215686274509805,309.68549019607843,5.901960784313726,9.057777777777778,315.7886666666667,6.133333333333334,11.286486486486487,315.82216216216216,6.513513513513513,3.771428571428572,320.53464285714284,6.642857142857143,12.416000000000002,329.7432,6.72,1.4857142857142858,335.1142857142857,5.857142857142857,5.626666666666667,335.81,6.733333333333333,3.1,338.62416666666667,6.75,10.266666666666667,339.2711111111111,6.0,-1.0,343.98375,5.75,8.64,341.178,5.8,-1.0,338.33000000000004,5.0,24.1,346.85,6.0,-1.0,351.15999999999997,6.5,-1.0,356.015,4.0,False,True,False,False,False,False,False,False,False,False,False,False,False,False,False,False
10,-1,94.76,3,-1,97.81,1.0,-1,100.88,3.0,-1,101.76,2.0,-1.0,111.57,2.0,14.0,118.33,6.0,15.0,122.38,65.0,16.0,126.4,29.0,-1.0,132.99,2.0,19.0,138.64,4.0,11.51222222222222,258.64344444444447,11.255555555555556,8.044117647058824,272.95323529411763,6.6911764705882355,8.096153846153847,283.06673076923073,8.028846153846153,6.184810126582279,298.4777215189873,6.063291139240507,8.3,307.23758620689654,6.189655172413793,4.7215686274509805,309.68549019607843,5.901960784313726,9.057777777777778,315.7886666666667,6.133333333333334,11.286486486486487,315.82216216216216,6.513513513513513,3.771428571428572,320.53464285714284,6.642857142857143,12.416000000000002,329.7432,6.72,1.4857142857142858,335.1142857142857,5.857142857142857,5.626666666666667,335.81,6.733333333333333,3.1,338.62416666666667,6.75,10.266666666666667,339.2711111111111,6.0,-1.0,343.98375,5.75,8.64,341.178,5.8,-1.0,338.33000000000004,5.0,24.1,346.85,6.0,-1.0,351.15999999999997,6.5,-1.0,356.015,4.0,False,False,False,False,False,False,False,False,True,False,False,False,False,False,False,False
6,-1,154.62,2,6,168.69,30.0,7,172.67,9.0,9,180.83,57.0,9.3,183.9,105.0,-1.0,196.18,2.0,12.041229656419528,226.86157323688968,52.7992766726944,12.037473233404711,230.39813704496785,41.95289079229122,10.877932960893855,238.12659217877098,30.310055865921786,10.177131782945736,246.79166666666666,17.75968992248062,11.51222222222222,258.64344444444447,11.255555555555556,8.044117647058824,272.95323529411763,6.6911764705882355,8.096153846153847,283.06673076923073,8.028846153846153,6.184810126582279,298.4777215189873,6.063291139240507,8.3,307.23758620689654,6.189655172413793,4.7215686274509805,309.68549019607843,5.901960784313726,9.057777777777778,315.7886666666667,6.133333333333334,11.286486486486487,315.82216216216216,6.513513513513513,3.771428571428572,320.53464285714284,6.642857142857143,12.416000000000002,329.7432,6.72,1.4857142857142858,335.1142857142857,5.857142857142857,5.626666666666667,335.81,6.733333333333333,3.1,338.62416666666667,6.75,10.266666666666667,339.2711111111111,6.0,-1.0,343.98375,5.75,8.64,341.178,5.8,-1.0,338.33000000000004,5.0,24.1,346.85,6.0,-1.0,351.15999999999997,6.5,-1.0,356.015,4.0,False,False,False,False,False,False,False,False,False,False,False,False,False,True,False,False
9,-1,209.57,2,7,210.88,5.0,8,215.16,129.0,-1,222.74,4.0,-1.0,228.31,3.0,12.0,231.31,37.0,13.0,235.4,108.0,14.0,239.41,3.0,15.0,243.32,3.0,10.177131782945736,246.79166666666666,17.75968992248062,11.51222222222222,258.64344444444447,11.255555555555556,8.044117647058824,272.95323529411763,6.6911764705882355,8.096153846153847,283.06673076923073,8.028846153846153,6.184810126582279,298.4777215189873,6.063291139240507,8.3,307.23758620689654,6.189655172413793,4.7215686274509805,309.68549019607843,5.901960784313726,9.057777777777778,315.7886666666667,6.133333333333334,11.286486486486487,315.82216216216216,6.513513513513513,3.771428571428572,320.53464285714284,6.642857142857143,12.416000000000002,329.7432,6.72,1.4857142857142858,335.1142857142857,5.857142857142857,5.626666666666667,335.81,6.733333333333333,3.1,338.62416666666667,6.75,10.266666666666667,339.2711111111111,6.0,-1.0,343.98375,5.75,8.64,341.178,5.8,-1.0,338.33000000000004,5.0,24.1,346.85,6.0,-1.0,351.15999999999997,6.5,-1.0,356.015,4.0,False,False,True,False,False,False,False,False,False,False,False,False,False,False,False,False
5,-1,257.39,2,-1,261.67,2.0,8,263.42,3.0,10,271.27,78.0,11.0,275.3,118.0,12.028571428571428,222.8513210445469,66.27035330261137,12.041229656419528,226.86157323688968,52.7992766726944,12.037473233404711,230.39813704496785,41.95289079229122,10.877932960893855,238.12659217877098,30.310055865921786,10.177131782945736,246.79166666666666,17.75968992248062,11.51222222222222,258.64344444444447,11.255555555555556,8.044117647058824,272.95323529411763,6.6911764705882355,8.096153846153847,283.06673076923073,8.028846153846153,6.184810126582279,298.4777215189873,6.063291139240507,8.3,307.23758620689654,6.189655172413793,4.7215686274509805,309.68549019607843,5.901960784313726,9.057777777777778,315.7886666666667,6.133333333333334,11.286486486486487,315.82216216216216,6.513513513513513,3.771428571428572,320.53464285714284,6.642857142857143,12.416000000000002,329.7432,6.72,1.4857142857142858,335.1142857142857,5.857142857142857,5.626666666666667,335.81,6.733333333333333,3.1,338.62416666666667,6.75,10.266666666666667,339.2711111111111,6.0,-1.0,343.98375,5.75,8.64,341.178,5.8,-1.0,338.33000000000004,5.0,24.1,346.85,6.0,-1.0,351.15999999999997,6.5,-1.0,356.015,4.0,False,False,False,True,False,False,False,False,False,False,False,False,False,False,False,False
9,-1,303.86,2,15,304.85,6.0,-1,306.18,1.0,16,308.85,104.0,18.0,316.82,7.0,19.0,321.04,80.0,24.0,341.12,6.0,25.0,345.33,40.0,29.0,361.36,4.0,10.177131782945736,246.79166666666666,17.75968992248062,11.51222222222222,258.64344444444447,11.255555555555556,8.044117647058824,272.95323529411763,6.6911764705882355,8.096153846153847,283.06673076923073,8.028846153846153,6.184810126582279,298.4777215189873,6.063291139240507,8.3,307.23758620689654,6.189655172413793,4.7215686274509805,309.68549019607843,5.901960784313726,9.057777777777778,315.7886666666667,6.133333333333334,11.286486486486487,315.82216216216216,6.513513513513513,3.771428571428572,320.53464285714284,6.642857142857143,12.416000000000002,329.7432,6.72,1.4857142857142858,335.1142857142857,5.857142857142857,5.626666666666667,335.81,6.733333333333333,3.1,338.62416666666667,6.75,10.266666666666667,339.2711111111111,6.0,-1.0,343.98375,5.75,8.64,341.178,5.8,-1.0,338.33000000000004,5.0,24.1,346.85,6.0,-1.0,351.15999999999997,6.5,-1.0,356.015,4.0,False,False,False,False,False,False,False,True,False,False,False,False,False,False,False,False
9,-1,95.31,7,10,104.22,6.0,11,108.18,42.0,13,116.28,55.0,14.0,120.23,30.0,15.0,124.15,74.0,16.2,130.39,9.0,18.0,136.24,8.0,-1.0,136.88,6.0,10.177131782945736,246.79166666666666,17.75968992248062,11.51222222222222,258.64344444444447,11.255555555555556,8.044117647058824,272.95323529411763,6.6911764705882355,8.096153846153847,283.06673076923073,8.028846153846153,6.184810126582279,298.4777215189873,6.063291139240507,8.3,307.23758620689654,6.189655172413793,4.7215686274509805,309.68549019607843,5.901960784313726,9.057777777777778,315.7886666666667,6.133333333333334,11.286486486486487,315.82216216216216,6.513513513513513,3.771428571428572,320.53464285714284,6.642857142857143,12.416000000000002,329.7432,6.72,1.4857142857142858,335.1142857142857,5.857142857142857,5.626666666666667,335.81,6.733333333333333,3.1,338.62416666666667,6.75,10.266666666666667,339.2711111111111,6.0,-1.0,343.98375,5.75,8.64,341.178,5.8,-1.0,338.33000000000004,5.0,24.1,346.85,6.0,-1.0,351.15999999999997,6.5,-1.0,356.015,4.0,False,False,False,False,False,True,False,False,False,False,False,False,False,False,False,False
10,-1,151.07,6,13,160.08,90.0,16,172.19,72.0,-1,173.89,6.0,-1.0,177.48,7.0,19.0,184.48,18.0,20.0,188.54,109.0,-1.0,193.6,6.0,-1.0,199.34,4.0,-1.0,202.12,5.0,11.51222222222222,258.64344444444447,11.255555555555556,8.044117647058824,272.95323529411763,6.6911764705882355,8.096153846153847,283.06673076923073,8.028846153846153,6.184810126582279,298.4777215189873,6.063291139240507,8.3,307.23758620689654,6.189655172413793,4.7215686274509805,309.68549019607843,5.901960784313726,9.057777777777778,315.7886666666667,6.133333333333334,11.286486486486487,315.82216216216216,6.513513513513513,3.771428571428572,320.53464285714284,6.642857142857143,12.416000000000002,329.7432,6.72,1.4857142857142858,335.1142857142857,5.857142857142857,5.626666666666667,335.81,6.733333333333333,3.1,338.62416666666667,6.75,10.266666666666667,339.2711111111111,6.0,-1.0,343.98375,5.75,8.64,341.178,5.8,-1.0,338.33000000000004,5.0,24.1,346.85,6.0,-1.0,351.15999999999997,6.5,-1.0,356.015,4.0,False,False,False,False,False,False,False,False,False,False,False,False,False,False,False,True
5,8,228.81,26,10,236.82,12.0,11,240.94,245.0,-1,254.36,8.0,-1.0,256.81,5.0,12.028571428571428,222.8513210445469,66.27035330261137,12.041229656419528,226.86157323688968,52.7992766726944,12.037473233404711,230.39813704496785,41.95289079229122,10.877932960893855,238.12659217877098,30.310055865921786,10.177131782945736,246.79166666666666,17.75968992248062,11.51222222222222,258.64344444444447,11.255555555555556,8.044117647058824,272.95323529411763,6.6911764705882355,8.096153846153847,283.06673076923073,8.028846153846153,6.184810126582279,298.4777215189873,6.063291139240507,8.3,307.23758620689654,6.189655172413793,4.7215686274509805,309.68549019607843,5.901960784313726,9.057777777777778,315.7886666666667,6.133333333333334,11.286486486486487,315.82216216216216,6.513513513513513,3.771428571428572,320.53464285714284,6.642857142857143,12.416000000000002,329.7432,6.72,1.4857142857142858,335.1142857142857,5.857142857142857,5.626666666666667,335.81,6.733333333333333,3.1,338.62416666666667,6.75,10.266666666666667,339.2711111111111,6.0,-1.0,343.98375,5.75,8.64,341.178,5.8,-1.0,338.33000000000004,5.0,24.1,346.85,6.0,-1.0,351.15999999999997,6.5,-1.0,356.015,4.0,False,False,False,False,False,False,False,False,False,False,False,False,False,False,True,False
7,11.2,279.08,2,12,281.08,39.0,-1,286.56,3.0,14,289.22,38.0,16.0,297.1,59.0,17.0,301.14,80.0,-1.0,335.42,4.0,12.037473233404711,230.39813704496785,41.95289079229122,10.877932960893855,238.12659217877098,30.310055865921786,10.177131782945736,246.79166666666666,17.75968992248062,11.51222222222222,258.64344444444447,11.255555555555556,8.044117647058824,272.95323529411763,6.6911764705882355,8.096153846153847,283.06673076923073,8.028846153846153,6.184810126582279,298.4777215189873,6.063291139240507,8.3,307.23758620689654,6.189655172413793,4.7215686274509805,309.68549019607843,5.901960784313726,9.057777777777778,315.7886666666667,6.133333333333334,11.286486486486487,315.82216216216216,6.513513513513513,3.771428571428572,320.53464285714284,6.642857142857143,12.416000000000002,329.7432,6.72,1.4857142857142858,335.1142857142857,5.857142857142857,5.626666666666667,335.81,6.733333333333333,3.1,338.62416666666667,6.75,10.266666666666667,339.2711111111111,6.0,-1.0,343.98375,5.75,8.64,341.178,5.8,-1.0,338.33000000000004,5.0,24.1,346.85,6.0,-1.0,351.15999999999997,6.5,-1.0,356.015,4.0,False,False,False,False,True,False,False,False,False,False,False,False,False,False,False,False
2,X,104.94,106,Y,110.86,75.0,,210.75846753246756,71.04545454545455,,216.6818641810919,87.4513981358189,11.362921348314606,219.41106741573032,77.95786516853933,12.028571428571428,222.8513210445469,66.27035330261137,12.041229656419528,226.86157323688968,52.7992766726944,12.037473233404711,230.39813704496785,41.95289079229122,10.877932960893855,238.12659217877098,30.310055865921786,10.177131782945736,246.79166666666666,17.75968992248062,11.51222222222222,258.64344444444447,11.255555555555556,8.044117647058824,272.95323529411763,6.6911764705882355,8.096153846153847,283.06673076923073,8.028846153846153,6.184810126582279,298.4777215189873,6.063291139240507,8.3,307.23758620689654,6.189655172413793,4.7215686274509805,309.68549019607843,5.901960784313726,9.057777777777778,315.7886666666667,6.133333333333334,11.286486486486487,315.82216216216216,6.513513513513513,3.771428571428572,320.53464285714284,6.642857142857143,12.416000000000002,329.7432,6.72,1.4857142857142858,335.1142857142857,5.857142857142857,5.626666666666667,335.81,6.733333333333333,3.1,338.62416666666667,6.75,10.266666666666667,339.2711111111111,6.0,-1.0,343.98375,5.75,8.64,341.178,5.8,-1.0,338.33000000000004,5.0,24.1,346.85,6.0,-1.0,351.15999999999997,6.5,-1.0,356.015,4.0,True,False,False,False,False,False,False,False,False,False,False,False,False,False,False,False
3,-1,137.52,4,11,148.93,120.0,-1,175.28,5.0,,216.6818641810919,87.4513981358189,11.362921348314606,219.41106741573032,77.95786516853933,12.028571428571428,222.8513210445469,66.27035330261137,12.041229656419528,226.86157323688968,52.7992766726944,12.037473233404711,230.39813704496785,41.95289079229122,10.877932960893855,238.12659217877098,30.310055865921786,10.177131782945736,246.79166666666666,17.75968992248062,11.51222222222222,258.64344444444447,11.255555555555556,8.044117647058824,272.95323529411763,6.6911764705882355,8.096153846153847,283.06673076923073,8.028846153846153,6.184810126582279,298.4777215189873,6.063291139240507,8.3,307.23758620689654,6.189655172413793,4.7215686274509805,309.68549019607843,5.901960784313726,9.057777777777778,315.7886666666667,6.133333333333334,11.286486486486487,315.82216216216216,6.513513513513513,3.771428571428572,320.53464285714284,6.642857142857143,12.416000000000002,329.7432,6.72,1.4857142857142858,335.1142857142857,5.857142857142857,5.626666666666667,335.81,6.733333333333333,3.1,338.62416666666667,6.75,10.266666666666667,339.2711111111111,6.0,-1.0,343.98375,5.75,8.64,341.178,5.8,-1.0,338.33000000000004,5.0,24.1,346.85,6.0,-1.0,351.15999999999997,6.5,-1.0,356.015,4.0,False,False,False,False,False,False,False,False,False,True,False,False,False,False,False,False
14,16.2,210.31,4,21,229.06,13.0,-1,236.32,6.0,23,237.4,24.0,-1.0,238.41,4.0,24.0,241.45,36.0,25.0,245.52,45.0,-1.0,301.8,5.0,-1.0,303.53,7.0,-1.0,305.26,5.0,-1.0,312.13,5.0,-1.0,333.55,5.0,48.2,340.95,4.0,-1.0,350.56,8.0,8.3,307.23758620689654,6.189655172413793,4.7215686274509805,309.68549019607843,5.901960784313726,9.057777777777778,315.7886666666667,6.133333333333334,11.286486486486487,315.82216216216216,6.513513513513513,3.771428571428572,320.53464285714284,6.642857142857143,12.416000000000002,329.7432,6.72,1.4857142857142858,335.1142857142857,5.857142857142857,5.626666666666667,335.81,6.733333333333333,3.1,338.62416666666667,6.75,10.266666666666667,339.2711111111111,6.0,-1.0,343.98375,5.75,8.64,341.178,5.8,-1.0,338.33000000000004,5.0,24.1,346.85,6.0,-1.0,351.15999999999997,6.5,-1.0,356.015,4.0,False,False,False,False,False,False,False,False,False,False,False,False,True,False,False,False
9,-1,114.15,3,-1,119.47,1.0,-1,122.94,5.0,-1,124.34,5.0,14.0,146.15,42.0,15.0,150.28,21.0,17.0,158.33,2.0,-1.0,168.32,4.0,-1.0,177.17,2.0,10.177131782945736,246.79166666666666,17.75968992248062,11.51222222222222,258.64344444444447,11.255555555555556,8.044117647058824,272.95323529411763,6.6911764705882355,8.096153846153847,283.06673076923073,8.028846153846153,6.184810126582279,298.4777215189873,6.063291139240507,8.3,307.23758620689654,6.189655172413793,4.7215686274509805,309.68549019607843,5.901960784313726,9.057777777777778,315.7886666666667,6.133333333333334,11.286486486486487,315.82216216216216,6.513513513513513,3.771428571428572,320.53464285714284,6.642857142857143,12.416000000000002,329.7432,6.72,1.4857142857142858,335.1142857142857,5.857142857142857,5.626666666666667,335.81,6.733333333333333,3.1,338.62416666666667,6.75,10.266666666666667,339.2711111111111,6.0,-1.0,343.98375,5.75,8.64,341.178,5.8,-1.0,338.33000000000004,5.0,24.1,346.85,6.0,-1.0,351.15999999999997,6.5,-1.0,356.015,4.0,False,False,False,False,False,False,False,False,False,False,False,True,False,False,False,False
9,28,198.56,8,-1,200.08,4.0,-1,204.09,2.0,30,206.6,3.0,31.0,210.63,21.0,32.0,214.77,5.0,34.0,223.23,3.0,-1.0,234.29,2.0,-1.0,241.86,3.0,10.177131782945736,246.79166666666666,17.75968992248062,11.51222222222222,258.64344444444447,11.255555555555556,8.044117647058824,272.95323529411763,6.6911764705882355,8.096153846153847,283.06673076923073,8.028846153846153,6.184810126582279,298.4777215189873,6.063291139240507,8.3,307.23758620689654,6.189655172413793,4.7215686274509805,309.68549019607843,5.901960784313726,9.057777777777778,315.7886666666667,6.133333333333334,11.286486486486487,315.82216216216216,6.513513513513513,3.771428571428572,320.53464285714284,6.642857142857143,12.416000000000002,329.7432,6.72,1.4857142857142858,335.1142857142857,5.857142857142857,5.626666666666667,335.81,6.733333333333333,3.1,338.62416666666667,6.75,10.266666666666667,339.2711111111111,6.0,-1.0,343.98375,5.75,8.64,341.178,5.8,-1.0,338.33000000000004,5.0,24.1,346.85,6.0,-1.0,351.15999999999997,6.5,-1.0,356.015,4.0,False,False,False,False,False,False,True,False,False,False,False,False,False,False,False,False
6,-1,256.08,3,-1,256.85,3.0,8,261.73,2.0,8.2,263.64,2.0,8.2,264.34,3.0,10.0,270.0,8.0,12.041229656419528,226.86157323688968,52.7992766726944,12.037473233404711,230.39813704496785,41.95289079229122,10.877932960893855,238.12659217877098,30.310055865921786,10.177131782945736,246.79166666666666,17.75968992248062,11.51222222222222,258.64344444444447,11.255555555555556,8.044117647058824,272.95323529411763,6.6911764705882355,8.096153846153847,283.06673076923073,8.028846153846153,6.184810126582279,298.4777215189873,6.063291139240507,8.3,307.23758620689654,6.189655172413793,4.7215686274509805,309.68549019607843,5.901960784313726,9.057777777777778,315.7886666666667,6.133333333333334,11.286486486486487,315.82216216216216,6.513513513513513,3.771428571428572,320.53464285714284,6.642857142857143,12.416000000000002,329.7432,6.72,1.4857142857142858,335.1142857142857,5.857142857142857,5.626666666666667,335.81,6.733333333333333,3.1,338.62416666666667,6.75,10.266666666666667,339.2711111111111,6.0,-1.0,343.98375,5.75,8.64,341.178,5.8,-1.0,338.33000000000004,5.0,24.1,346.85,6.0,-1.0,351.15999999999997,6.5,-1.0,356.015,4.0,False,False,False,False,False,False,False,False,False,False,True,False,False,False,False,False
7,-1,300.43,2,-1,315.4,2.0,11,322.84,32.0,12,326.95,13.0,-1.0,333.77,3.0,-1.0,335.49,2.0,-1.0,341.74,1.0,12.037473233404711,230.39813704496785,41.95289079229122,10.877932960893855,238.12659217877098,30.310055865921786,10.177131782945736,246.79166666666666,17.75968992248062,11.51222222222222,258.64344444444447,11.255555555555556,8.044117647058824,272.95323529411763,6.6911764705882355,8.096153846153847,283.06673076923073,8.028846153846153,6.184810126582279,298.4777215189873,6.063291139240507,8.3,307.23758620689654,6.189655172413793,4.7215686274509805,309.68549019607843,5.901960784313726,9.057777777777778,315.7886666666667,6.133333333333334,11.286486486486487,315.82216216216216,6.513513513513513,3.771428571428572,320.53464285714284,6.642857142857143,12.416000000000002,329.7432,6.72,1.4857142857142858,335.1142857142857,5.857142857142857,5.626666666666667,335.81,6.733333333333333,3.1,338.62416666666667,6.75,10.266666666666667,339.2711111111111,6.0,-1.0,343.98375,5.75,8.64,341.178,5.8,-1.0,338.33000000000004,5.0,24.1,346.85,6.0,-1.0,351.15999999999997,6.5,-1.0,356.015,4.0,False,True,False,False,False,False,False,False,False,False,False,False,False,False,False,False
3,16,126.52,24,17.2,132.37,1.0,-1,141.72,6.0,,216.6818641810919,87.4513981358189,11.362921348314606,219.41106741573032,77.95786516853933,12.028571428571428,222.8513210445469,66.27035330261137,12.041229656419528,226.86157323688968,52.7992766726944,12.037473233404711,230.39813704496785,41.95289079229122,10.877932960893855,238.12659217877098,30.310055865921786,10.177131782945736,246.79166666666666,17.75968992248062,11.51222222222222,258.64344444444447,11.255555555555556,8.044117647058824,272.95323529411763,6.6911764705882355,8.096153846153847,283.06673076923073,8.028846153846153,6.184810126582279,298.4777215189873,6.063291139240507,8.3,307.23758620689654,6.189655172413793,4.7215686274509805,309.68549019607843,5.901960784313726,9.057777777777778,315.7886666666667,6.133333333333334,11.286486486486487,315.82216216216216,6.513513513513513,3.771428571428572,320.53464285714284,6.642857142857143,12.416000000000002,329.7432,6.72,1.4857142857142858,335.1142857142857,5.857142857142857,5.626666666666667,335.81,6.733333333333333,3.1,338.62416666666667,6.75,10.266666666666667,339.2711111111111,6.0,-1.0,343.98375,5.75,8.64,341.178,5.8,-1.0,338.33000000000004,5.0,24.1,346.85,6.0,-1.0,351.15999999999997,6.5,-1.0,356.015,4.0,False,False,False,False,False,False,False,False,True,False,False,False,False,False,False,False
6,3,156.41,4,-1,159.67,2.0,5,164.94,2.0,7,172.53,31.0,9.0,180.68,49.0,9.3,183.8,61.0,12.041229656419528,226.86157323688968,52.7992766726944,12.037473233404711,230.39813704496785,41.95289079229122,10.877932960893855,238.12659217877098,30.310055865921786,10.177131782945736,246.79166666666666,17.75968992248062,11.51222222222222,258.64344444444447,11.255555555555556,8.044117647058824,272.95323529411763,6.6911764705882355,8.096153846153847,283.06673076923073,8.028846153846153,6.184810126582279,298.4777215189873,6.063291139240507,8.3,307.23758620689654,6.189655172413793,4.7215686274509805,309.68549019607843,5.901960784313726,9.057777777777778,315.7886666666667,6.133333333333334,11.286486486486487,315.82216216216216,6.513513513513513,3.771428571428572,320.53464285714284,6.642857142857143,12.416000000000002,329.7432,6.72,1.4857142857142858,335.1142857142857,5.857142857142857,5.626666666666667,335.81,6.733333333333333,3.1,338.62416666666667,6.75,10.266666666666667,339.2711111111111,6.0,-1.0,343.98375,5.75,8.64,341.178,5.8,-1.0,338.33000000000004,5.0,24.1,346.85,6.0,-1.0,351.15999999999997,6.5,-1.0,356.015,4.0,False,False,False,False,False,False,False,False,False,False,False,False,False,True,False,False
5,7,211.22,4,8,215.11,53.0,-1,225.54,3.0,-1,226.73,4.0,-1.0,235.93,2.0,12.028571428571428,222.8513210445469,66.27035330261137,12.041229656419528,226.86157323688968,52.7992766726944,12.037473233404711,230.39813704496785,41.95289079229122,10.877932960893855,238.12659217877098,30.310055865921786,10.177131782945736,246.79166666666666,17.75968992248062,11.51222222222222,258.64344444444447,11.255555555555556,8.044117647058824,272.95323529411763,6.6911764705882355,8.096153846153847,283.06673076923073,8.028846153846153,6.184810126582279,298.4777215189873,6.063291139240507,8.3,307.23758620689654,6.189655172413793,4.7215686274509805,309.68549019607843,5.901960784313726,9.057777777777778,315.7886666666667,6.133333333333334,11.286486486486487,315.82216216216216,6.513513513513513,3.771428571428572,320.53464285714284,6.642857142857143,12.416000000000002,329.7432,6.72,1.4857142857142858,335.1142857142857,5.857142857142857,5.626666666666667,335.81,6.733333333333333,3.1,338.62416666666667,6.75,10.266666666666667,339.2711111111111,6.0,-1.0,343.98375,5.75,8.64,341.178,5.8,-1.0,338.33000000000004,5.0,24.1,346.85,6.0,-1.0,351.15999999999997,6.5,-1.0,356.015,4.0,False,False,True,False,False,False,False,False,False,False,False,False,False,False,False,False
5,7,259.91,4,8,262.95,3.0,9,266.86,4.0,10,271.23,28.0,11.0,275.25,24.0,12.028571428571428,222.8513210445469,66.27035330261137,12.041229656419528,226.86157323688968,52.7992766726944,12.037473233404711,230.39813704496785,41.95289079229122,10.877932960893855,238.12659217877098,30.310055865921786,10.177131782945736,246.79166666666666,17.75968992248062,11.51222222222222,258.64344444444447,11.255555555555556,8.044117647058824,272.95323529411763,6.6911764705882355,8.096153846153847,283.06673076923073,8.028846153846153,6.184810126582279,298.4777215189873,6.063291139240507,8.3,307.23758620689654,6.189655172413793,4.7215686274509805,309.68549019607843,5.901960784313726,9.057777777777778,315.7886666666667,6.133333333333334,11.286486486486487,315.82216216216216,6.513513513513513,3.771428571428572,320.53464285714284,6.642857142857143,12.416000000000002,329.7432,6.72,1.4857142857142858,335.1142857142857,5.857142857142857,5.626666666666667,335.81,6.733333333333333,3.1,338.62416666666667,6.75,10.266666666666667,339.2711111111111,6.0,-1.0,343.98375,5.75,8.64,341.178,5.8,-1.0,338.33000000000004,5.0,24.1,346.85,6.0,-1.0,351.15999999999997,6.5,-1.0,356.015,4.0,False,False,False,True,False,False,False,False,False,False,False,False,False,False,False,False
8,14,300.69,2,15,305.03,5.0,-1,311.13,3.0,-1,318.02,2.0,-1.0,327.04,4.0,-1.0,334.13,3.0,26.0,349.25,2.0,-1.0,364.2,4.0,10.877932960893855,238.12659217877098,30.310055865921786,10.177131782945736,246.79166666666666,17.75968992248062,11.51222222222222,258.64344444444447,11.255555555555556,8.044117647058824,272.95323529411763,6.6911764705882355,8.096153846153847,283.06673076923073,8.028846153846153,6.184810126582279,298.4777215189873,6.063291139240507,8.3,307.23758620689654,6.189655172413793,4.7215686274509805,309.68549019607843,5.901960784313726,9.057777777777778,315.7886666666667,6.133333333333334,11.286486486486487,315.82216216216216,6.513513513513513,3.771428571428572,320.53464285714284,6.642857142857143,12.416000000000002,329.7432,6.72,1.4857142857142858,335.1142857142857,5.857142857142857,5.626666666666667,335.81,6.733333333333333,3.1,338.62416666666667,6.75,10.266666666666667,339.2711111111111,6.0,-1.0,343.98375,5.75,8.64,341.178,5.8,-1.0,338.33000000000004,5.0,24.1,346.85,6.0,-1.0,351.15999999999997,6.5,-1.0,356.015,4.0,False,False,False,False,False,False,False,True,False,False,False,False,False,False,False,False
8,-1,98.04,8,-1,100.4,5.0,-1,101.2,4.0,-1,103.27,6.0,11.0,107.86,12.0,13.0,116.05,15.0,15.0,124.02,57.0,16.0,127.78,6.0,10.877932960893855,238.12659217877098,30.310055865921786,10.177131782945736,246.79166666666666,17.75968992248062,11.51222222222222,258.64344444444447,11.255555555555556,8.044117647058824,272.95323529411763,6.6911764705882355,8.096153846153847,283.06673076923073,8.028846153846153,6.184810126582279,298.4777215189873,6.063291139240507,8.3,307.23758620689654,6.189655172413793,4.7215686274509805,309.68549019607843,5.901960784313726,9.057777777777778,315.7886666666667,6.133333333333334,11.286486486486487,315.82216216216216,6.513513513513513,3.771428571428572,320.53464285714284,6.642857142857143,12.416000000000002,329.7432,6.72,1.4857142857142858,335.1142857142857,5.857142857142857,5.626666666666667,335.81,6.733333333333333,3.1,338.62416666666667,6.75,10.266666666666667,339.2711111111111,6.0,-1.0,343.98375,5.75,8.64,341.178,5.8,-1.0,338.33000000000004,5.0,24.1,346.85,6.0,-1.0,351.15999999999997,6.5,-1.0,356.015,4.0,False,False,False,False,False,True,False,False,False,False,False,False,False,False,False,False
10,-1,155.33,6,-1,156.91,5.0,13,160.0,24.0,16,172.12,27.0,17.0,176.18,7.0,-1.0,185.16,5.0,20.0,188.46,32.0,-1.0,191.6,4.0,-1.0,206.44,4.0,25.0,209.2,4.0,11.51222222222222,258.64344444444447,11.255555555555556,8.044117647058824,272.95323529411763,6.6911764705882355,8.096153846153847,283.06673076923073,8.028846153846153,6.184810126582279,298.4777215189873,6.063291139240507,8.3,307.23758620689654,6.189655172413793,4.7215686274509805,309.68549019607843,5.901960784313726,9.057777777777778,315.7886666666667,6.133333333333334,11.286486486486487,315.82216216216216,6.513513513513513,3.771428571428572,320.53464285714284,6.642857142857143,12.416000000000002,329.7432,6.72,1.4857142857142858,335.1142857142857,5.857142857142857,5.626666666666667,335.81,6.733333333333333,3.1,338.62416666666667,6.75,10.266666666666667,339.2711111111111,6.0,-1.0,343.98375,5.75,8.64,341.178,5.8,-1.0,338.33000000000004,5.0,24.1,346.85,6.0,-1.0,351.15999999999997,6.5,-1.0,356.015,4.0,False,False,False,False,False,False,False,False,False,False,False,False,False,False,False,True
3,8,228.62,22,11,240.8,69.0,14,253.0,3.0,,216.6818641810919,87.4513981358189,11.362921348314606,219.41106741573032,77.95786516853933,12.028571428571428,222.8513210445469,66.27035330261137,12.041229656419528,226.86157323688968,52.7992766726944,12.037473233404711,230.39813704496785,41.95289079229122,10.877932960893855,238.12659217877098,30.310055865921786,10.177131782945736,246.79166666666666,17.75968992248062,11.51222222222222,258.64344444444447,11.255555555555556,8.044117647058824,272.95323529411763,6.6911764705882355,8.096153846153847,283.06673076923073,8.028846153846153,6.184810126582279,298.4777215189873,6.063291139240507,8.3,307.23758620689654,6.189655172413793,4.7215686274509805,309.68549019607843,5.901960784313726,9.057777777777778,315.7886666666667,6.133333333333334,11.286486486486487,315.82216216216216,6.513513513513513,3.771428571428572,320.53464285714284,6.642857142857143,12.416000000000002,329.7432,6.72,1.4857142857142858,335.1142857142857,5.857142857142857,5.626666666666667,335.81,6.733333333333333,3.1,338.62416666666667,6.75,10.266666666666667,339.2711111111111,6.0,-1.0,343.98375,5.75,8.64,341.178,5.8,-1.0,338.33000000000004,5.0,24.1,346.85,6.0,-1.0,351.15999999999997,6.5,-1.0,356.015,4.0,False,False,False,False,False,False,False,False,False,False,False,False,False,False,True,False
10,9,268.87,6,11.2,279.03,8.0,14,288.94,18.0,-1,298.15,3.0,17.0,301.12,16.0,-1.0,307.58,6.0,-1.0,312.11,7.0,-1.0,324.58,5.0,23.2,327.32,6.0,-1.0,340.64,4.0,11.51222222222222,258.64344444444447,11.255555555555556,8.044117647058824,272.95323529411763,6.6911764705882355,8.096153846153847,283.06673076923073,8.028846153846153,6.184810126582279,298.4777215189873,6.063291139240507,8.3,307.23758620689654,6.189655172413793,4.7215686274509805,309.68549019607843,5.901960784313726,9.057777777777778,315.7886666666667,6.133333333333334,11.286486486486487,315.82216216216216,6.513513513513513,3.771428571428572,320.53464285714284,6.642857142857143,12.416000000000002,329.7432,6.72,1.4857142857142858,335.1142857142857,5.857142857142857,5.626666666666667,335.81,6.733333333333333,3.1,338.62416666666667,6.75,10.266666666666667,339.2711111111111,6.0,-1.0,343.98375,5.75,8.64,341.178,5.8,-1.0,338.33000000000004,5.0,24.1,346.85,6.0,-1.0,351.15999999999997,6.5,-1.0,356.015,4.0,False,False,False,False,True,False,False,False,False,False,False,False,False,False,False,False
3,X,104.93,71,-1,107.31,7.0,Y,110.86,86.0,,216.6818641810919,87.4513981358189,11.362921348314606,219.41106741573032,77.95786516853933,12.028571428571428,222.8513210445469,66.27035330261137,12.041229656419528,226.86157323688968,52.7992766726944,12.037473233404711,230.39813704496785,41.95289079229122,10.877932960893855,238.12659217877098,30.310055865921786,10.177131782945736,246.79166666666666,17.75968992248062,11.51222222222222,258.64344444444447,11.255555555555556,8.044117647058824,272.95323529411763,6.6911764705882355,8.096153846153847,283.06673076923073,8.028846153846153,6.184810126582279,298.4777215189873,6.063291139240507,8.3,307.23758620689654,6.189655172413793,4.7215686274509805,309.68549019607843,5.901960784313726,9.057777777777778,315.7886666666667,6.133333333333334,11.286486486486487,315.82216216216216,6.513513513513513,3.771428571428572,320.53464285714284,6.642857142857143,12.416000000000002,329.7432,6.72,1.4857142857142858,335.1142857142857,5.857142857142857,5.626666666666667,335.81,6.733333333333333,3.1,338.62416666666667,6.75,10.266666666666667,339.2711111111111,6.0,-1.0,343.98375,5.75,8.64,341.178,5.8,-1.0,338.33000000000004,5.0,24.1,346.85,6.0,-1.0,351.15999999999997,6.5,-1.0,356.015,4.0,True,False,False,False,False,False,False,False,False,False,False,False,False,False,False,False
6,-1,129.12,5,-1,139.51,6.0,10,144.75,6.0,11,148.95,37.0,12.0,153.34,7.0,-1.0,157.91,6.0,12.041229656419528,226.86157323688968,52.7992766726944,12.037473233404711,230.39813704496785,41.95289079229122,10.877932960893855,238.12659217877098,30.310055865921786,10.177131782945736,246.79166666666666,17.75968992248062,11.51222222222222,258.64344444444447,11.255555555555556,8.044117647058824,272.95323529411763,6.6911764705882355,8.096153846153847,283.06673076923073,8.028846153846153,6.184810126582279,298.4777215189873,6.063291139240507,8.3,307.23758620689654,6.189655172413793,4.7215686274509805,309.68549019607843,5.901960784313726,9.057777777777778,315.7886666666667,6.133333333333334,11.286486486486487,315.82216216216216,6.513513513513513,3.771428571428572,320.53464285714284,6.642857142857143,12.416000000000002,329.7432,6.72,1.4857142857142858,335.1142857142857,5.857142857142857,5.626666666666667,335.81,6.733333333333333,3.1,338.62416666666667,6.75,10.266666666666667,339.2711111111111,6.0,-1.0,343.98375,5.75,8.64,341.178,5.8,-1.0,338.33000000000004,5.0,24.1,346.85,6.0,-1.0,351.15999999999997,6.5,-1.0,356.015,4.0,False,False,False,False,False,False,False,False,False,True,False,False,False,False,False,False
14,-1,209.71,7,-1,212.15,5.0,21,228.96,21.0,22,232.83,8.0,-1.0,235.84,5.0,25.2,247.79,8.0,-1.0,252.4,6.0,-1.0,258.64,5.0,-1.0,278.15,8.0,-1.0,281.93,4.0,-1.0,294.64,5.0,-1.0,327.77,6.0,-1.0,334.58,7.0,48.2,340.92,4.0,8.3,307.23758620689654,6.189655172413793,4.7215686274509805,309.68549019607843,5.901960784313726,9.057777777777778,315.7886666666667,6.133333333333334,11.286486486486487,315.82216216216216,6.513513513513513,3.771428571428572,320.53464285714284,6.642857142857143,12.416000000000002,329.7432,6.72,1.4857142857142858,335.1142857142857,5.857142857142857,5.626666666666667,335.81,6.733333333333333,3.1,338.62416666666667,6.75,10.266666666666667,339.2711111111111,6.0,-1.0,343.98375,5.75,8.64,341.178,5.8,-1.0,338.33000000000004,5.0,24.1,346.85,6.0,-1.0,351.15999999999997,6.5,-1.0,356.015,4.0,False,False,False,False,False,False,False,False,False,False,False,False,True,False,False,False
9,9,125.63,11,10,129.68,169.0,11,133.54,2.0,13,141.96,30.0,14.0,146.22,531.0,15.0,150.33,221.0,16.0,154.37,3.0,18.0,162.42,2.0,-1.0,174.65,3.0,10.177131782945736,246.79166666666666,17.75968992248062,11.51222222222222,258.64344444444447,11.255555555555556,8.044117647058824,272.95323529411763,6.6911764705882355,8.096153846153847,283.06673076923073,8.028846153846153,6.184810126582279,298.4777215189873,6.063291139240507,8.3,307.23758620689654,6.189655172413793,4.7215686274509805,309.68549019607843,5.901960784313726,9.057777777777778,315.7886666666667,6.133333333333334,11.286486486486487,315.82216216216216,6.513513513513513,3.771428571428572,320.53464285714284,6.642857142857143,12.416000000000002,329.7432,6.72,1.4857142857142858,335.1142857142857,5.857142857142857,5.626666666666667,335.81,6.733333333333333,3.1,338.62416666666667,6.75,10.266666666666667,339.2711111111111,6.0,-1.0,343.98375,5.75,8.64,341.178,5.8,-1.0,338.33000000000004,5.0,24.1,346.85,6.0,-1.0,351.15999999999997,6.5,-1.0,356.015,4.0,False,False,False,False,False,False,False,False,False,False,False,True,False,False,False,False
9,24,182.65,3,26.2,192.61,2.0,27,194.69,10.0,28,198.75,243.0,30.0,206.72,8.0,31.0,210.72,93.0,-1.0,211.95,2.0,32.0,214.76,84.0,-1.0,221.82,1.0,10.177131782945736,246.79166666666666,17.75968992248062,11.51222222222222,258.64344444444447,11.255555555555556,8.044117647058824,272.95323529411763,6.6911764705882355,8.096153846153847,283.06673076923073,8.028846153846153,6.184810126582279,298.4777215189873,6.063291139240507,8.3,307.23758620689654,6.189655172413793,4.7215686274509805,309.68549019607843,5.901960784313726,9.057777777777778,315.7886666666667,6.133333333333334,11.286486486486487,315.82216216216216,6.513513513513513,3.771428571428572,320.53464285714284,6.642857142857143,12.416000000000002,329.7432,6.72,1.4857142857142858,335.1142857142857,5.857142857142857,5.626666666666667,335.81,6.733333333333333,3.1,338.62416666666667,6.75,10.266666666666667,339.2711111111111,6.0,-1.0,343.98375,5.75,8.64,341.178,5.8,-1.0,338.33000000000004,5.0,24.1,346.85,6.0,-1.0,351.15999999999997,6.5,-1.0,356.015,4.0,False,False,False,False,False,False,True,False,False,False,False,False,False,False,False,False
6,-1,247.47,1,7,258.14,3.0,8,262.07,67.0,9,266.05,63.0,10.0,270.13,137.0,14.0,286.07,2.0,12.041229656419528,226.86157323688968,52.7992766726944,12.037473233404711,230.39813704496785,41.95289079229122,10.877932960893855,238.12659217877098,30.310055865921786,10.177131782945736,246.79166666666666,17.75968992248062,11.51222222222222,258.64344444444447,11.255555555555556,8.044117647058824,272.95323529411763,6.6911764705882355,8.096153846153847,283.06673076923073,8.028846153846153,6.184810126582279,298.4777215189873,6.063291139240507,8.3,307.23758620689654,6.189655172413793,4.7215686274509805,309.68549019607843,5.901960784313726,9.057777777777778,315.7886666666667,6.133333333333334,11.286486486486487,315.82216216216216,6.513513513513513,3.771428571428572,320.53464285714284,6.642857142857143,12.416000000000002,329.7432,6.72,1.4857142857142858,335.1142857142857,5.857142857142857,5.626666666666667,335.81,6.733333333333333,3.1,338.62416666666667,6.75,10.266666666666667,339.2711111111111,6.0,-1.0,343.98375,5.75,8.64,341.178,5.8,-1.0,338.33000000000004,5.0,24.1,346.85,6.0,-1.0,351.15999999999997,6.5,-1.0,356.015,4.0,False,False,False,False,False,False,False,False,False,False,True,False,False,False,False,False
7,7,306.26,2,-1,313.75,2.0,10,318.76,7.0,11,322.84,160.0,12.0,326.87,134.0,13.0,330.87,2.0,-1.0,340.17,3.0,12.037473233404711,230.39813704496785,41.95289079229122,10.877932960893855,238.12659217877098,30.310055865921786,10.177131782945736,246.79166666666666,17.75968992248062,11.51222222222222,258.64344444444447,11.255555555555556,8.044117647058824,272.95323529411763,6.6911764705882355,8.096153846153847,283.06673076923073,8.028846153846153,6.184810126582279,298.4777215189873,6.063291139240507,8.3,307.23758620689654,6.189655172413793,4.7215686274509805,309.68549019607843,5.901960784313726,9.057777777777778,315.7886666666667,6.133333333333334,11.286486486486487,315.82216216216216,6.513513513513513,3.771428571428572,320.53464285714284,6.642857142857143,12.416000000000002,329.7432,6.72,1.4857142857142858,335.1142857142857,5.857142857142857,5.626666666666667,335.81,6.733333333333333,3.1,338.62416666666667,6.75,10.266666666666667,339.2711111111111,6.0,-1.0,343.98375,5.75,8.64,341.178,5.8,-1.0,338.33000000000004,5.0,24.1,346.85,6.0,-1.0,351.15999999999997,6.5,-1.0,356.015,4.0,False,True,False,False,False,False,False,False,False,False,False,False,False,False,False,False
8,-1,94.45,5,-1,115.6,4.0,14,118.33,40.0,15,122.3,555.0,16.0,126.4,241.0,17.0,130.15,226.0,18.0,134.02,3.0,-1.0,143.19,3.0,10.877932960893855,238.12659217877098,30.310055865921786,10.177131782945736,246.79166666666666,17.75968992248062,11.51222222222222,258.64344444444447,11.255555555555556,8.044117647058824,272.95323529411763,6.6911764705882355,8.096153846153847,283.06673076923073,8.028846153846153,6.184810126582279,298.4777215189873,6.063291139240507,8.3,307.23758620689654,6.189655172413793,4.7215686274509805,309.68549019607843,5.901960784313726,9.057777777777778,315.7886666666667,6.133333333333334,11.286486486486487,315.82216216216216,6.513513513513513,3.771428571428572,320.53464285714284,6.642857142857143,12.416000000000002,329.7432,6.72,1.4857142857142858,335.1142857142857,5.857142857142857,5.626666666666667,335.81,6.733333333333333,3.1,338.62416666666667,6.75,10.266666666666667,339.2711111111111,6.0,-1.0,343.98375,5.75,8.64,341.178,5.8,-1.0,338.33000000000004,5.0,24.1,346.85,6.0,-1.0,351.15999999999997,6.5,-1.0,356.015,4.0,False,False,False,False,False,False,False,False,True,False,False,False,False,False,False,False
8,-1,155.61,4,6,168.65,222.0,7,172.7,209.0,8,176.67,9.0,9.0,180.75,456.0,9.3,183.9,180.0,-1.0,187.3,3.0,12.0,192.61,2.0,10.877932960893855,238.12659217877098,30.310055865921786,10.177131782945736,246.79166666666666,17.75968992248062,11.51222222222222,258.64344444444447,11.255555555555556,8.044117647058824,272.95323529411763,6.6911764705882355,8.096153846153847,283.06673076923073,8.028846153846153,6.184810126582279,298.4777215189873,6.063291139240507,8.3,307.23758620689654,6.189655172413793,4.7215686274509805,309.68549019607843,5.901960784313726,9.057777777777778,315.7886666666667,6.133333333333334,11.286486486486487,315.82216216216216,6.513513513513513,3.771428571428572,320.53464285714284,6.642857142857143,12.416000000000002,329.7432,6.72,1.4857142857142858,335.1142857142857,5.857142857142857,5.626666666666667,335.81,6.733333333333333,3.1,338.62416666666667,6.75,10.266666666666667,339.2711111111111,6.0,-1.0,343.98375,5.75,8.64,341.178,5.8,-1.0,338.33000000000004,5.0,24.1,346.85,6.0,-1.0,351.15999999999997,6.5,-1.0,356.015,4.0,False,False,False,False,False,False,False,False,False,False,False,False,False,True,False,False
7,-1,204.69,2,7,211.05,9.0,8,215.1,346.0,-1,222.73,4.0,11.0,227.36,17.0,12.0,231.32,214.0,13.0,235.45,163.0,12.037473233404711,230.39813704496785,41.95289079229122,10.877932960893855,238.12659217877098,30.310055865921786,10.177131782945736,246.79166666666666,17.75968992248062,11.51222222222222,258.64344444444447,11.255555555555556,8.044117647058824,272.95323529411763,6.6911764705882355,8.096153846153847,283.06673076923073,8.028846153846153,6.184810126582279,298.4777215189873,6.063291139240507,8.3,307.23758620689654,6.189655172413793,4.7215686274509805,309.68549019607843,5.901960784313726,9.057777777777778,315.7886666666667,6.133333333333334,11.286486486486487,315.82216216216216,6.513513513513513,3.771428571428572,320.53464285714284,6.642857142857143,12.416000000000002,329.7432,6.72,1.4857142857142858,335.1142857142857,5.857142857142857,5.626666666666667,335.81,6.733333333333333,3.1,338.62416666666667,6.75,10.266666666666667,339.2711111111111,6.0,-1.0,343.98375,5.75,8.64,341.178,5.8,-1.0,338.33000000000004,5.0,24.1,346.85,6.0,-1.0,351.15999999999997,6.5,-1.0,356.015,4.0,False,False,True,False,False,False,False,False,False,False,False,False,False,False,False,False
8,-1,254.73,1,6,255.63,3.0,-1,257.25,4.0,8,263.65,4.0,9.0,267.3,12.0,10.0,271.3,278.0,11.0,275.22,428.0,-1.0,284.74,3.0,10.877932960893855,238.12659217877098,30.310055865921786,10.177131782945736,246.79166666666666,17.75968992248062,11.51222222222222,258.64344444444447,11.255555555555556,8.044117647058824,272.95323529411763,6.6911764705882355,8.096153846153847,283.06673076923073,8.028846153846153,6.184810126582279,298.4777215189873,6.063291139240507,8.3,307.23758620689654,6.189655172413793,4.7215686274509805,309.68549019607843,5.901960784313726,9.057777777777778,315.7886666666667,6.133333333333334,11.286486486486487,315.82216216216216,6.513513513513513,3.771428571428572,320.53464285714284,6.642857142857143,12.416000000000002,329.7432,6.72,1.4857142857142858,335.1142857142857,5.857142857142857,5.626666666666667,335.81,6.733333333333333,3.1,338.62416666666667,6.75,10.266666666666667,339.2711111111111,6.0,-1.0,343.98375,5.75,8.64,341.178,5.8,-1.0,338.33000000000004,5.0,24.1,346.85,6.0,-1.0,351.15999999999997,6.5,-1.0,356.015,4.0,False,False,False,True,False,False,False,False,False,False,False,False,False,False,False,False
12,15,305.11,5,16,308.82,79.0,-1,314.26,2.0,18,316.81,10.0,19.0,321.12,169.0,20.0,325.16,20.0,-1.0,330.11,4.0,23.0,337.31,3.0,-1.0,338.23,2.0,24.0,341.03,8.0,25.0,345.22,73.0,-1.0,364.74,2.0,8.096153846153847,283.06673076923073,8.028846153846153,6.184810126582279,298.4777215189873,6.063291139240507,8.3,307.23758620689654,6.189655172413793,4.7215686274509805,309.68549019607843,5.901960784313726,9.057777777777778,315.7886666666667,6.133333333333334,11.286486486486487,315.82216216216216,6.513513513513513,3.771428571428572,320.53464285714284,6.642857142857143,12.416000000000002,329.7432,6.72,1.4857142857142858,335.1142857142857,5.857142857142857,5.626666666666667,335.81,6.733333333333333,3.1,338.62416666666667,6.75,10.266666666666667,339.2711111111111,6.0,-1.0,343.98375,5.75,8.64,341.178,5.8,-1.0,338.33000000000004,5.0,24.1,346.85,6.0,-1.0,351.15999999999997,6.5,-1.0,356.015,4.0,False,False,False,False,False,False,False,True,False,False,False,False,False,False,False,False
10,-1,97.26,9,-1,98.82,4.0,-1,101.12,4.0,11,108.18,215.0,12.0,112.27,20.0,-1.0,112.98,8.0,13.0,116.28,358.0,-1.0,117.35,8.0,14.0,120.23,239.0,15.0,124.15,189.0,11.51222222222222,258.64344444444447,11.255555555555556,8.044117647058824,272.95323529411763,6.6911764705882355,8.096153846153847,283.06673076923073,8.028846153846153,6.184810126582279,298.4777215189873,6.063291139240507,8.3,307.23758620689654,6.189655172413793,4.7215686274509805,309.68549019607843,5.901960784313726,9.057777777777778,315.7886666666667,6.133333333333334,11.286486486486487,315.82216216216216,6.513513513513513,3.771428571428572,320.53464285714284,6.642857142857143,12.416000000000002,329.7432,6.72,1.4857142857142858,335.1142857142857,5.857142857142857,5.626666666666667,335.81,6.733333333333333,3.1,338.62416666666667,6.75,10.266666666666667,339.2711111111111,6.0,-1.0,343.98375,5.75,8.64,341.178,5.8,-1.0,338.33000000000004,5.0,24.1,346.85,6.0,-1.0,351.15999999999997,6.5,-1.0,356.015,4.0,False,False,False,False,False,True,False,False,False,False,False,False,False,False,False,False
9,-1,149.67,6,11,151.81,4.0,13,160.08,270.0,14,164.37,5.0,-1.0,164.93,5.0,16.0,172.22,195.0,19.0,184.31,27.0,20.0,188.55,312.0,-1.0,208.27,5.0,10.177131782945736,246.79166666666666,17.75968992248062,11.51222222222222,258.64344444444447,11.255555555555556,8.044117647058824,272.95323529411763,6.6911764705882355,8.096153846153847,283.06673076923073,8.028846153846153,6.184810126582279,298.4777215189873,6.063291139240507,8.3,307.23758620689654,6.189655172413793,4.7215686274509805,309.68549019607843,5.901960784313726,9.057777777777778,315.7886666666667,6.133333333333334,11.286486486486487,315.82216216216216,6.513513513513513,3.771428571428572,320.53464285714284,6.642857142857143,12.416000000000002,329.7432,6.72,1.4857142857142858,335.1142857142857,5.857142857142857,5.626666666666667,335.81,6.733333333333333,3.1,338.62416666666667,6.75,10.266666666666667,339.2711111111111,6.0,-1.0,343.98375,5.75,8.64,341.178,5.8,-1.0,338.33000000000004,5.0,24.1,346.85,6.0,-1.0,351.15999999999997,6.5,-1.0,356.015,4.0,False,False,False,False,False,False,False,False,False,False,False,False,False,False,False,True
5,5,217.12,8,8,228.84,179.0,10,236.86,19.0,11,240.94,432.0,14.0,253.51,4.0,12.028571428571428,222.8513210445469,66.27035330261137,12.041229656419528,226.86157323688968,52.7992766726944,12.037473233404711,230.39813704496785,41.95289079229122,10.877932960893855,238.12659217877098,30.310055865921786,10.177131782945736,246.79166666666666,17.75968992248062,11.51222222222222,258.64344444444447,11.255555555555556,8.044117647058824,272.95323529411763,6.6911764705882355,8.096153846153847,283.06673076923073,8.028846153846153,6.184810126582279,298.4777215189873,6.063291139240507,8.3,307.23758620689654,6.189655172413793,4.7215686274509805,309.68549019607843,5.901960784313726,9.057777777777778,315.7886666666667,6.133333333333334,11.286486486486487,315.82216216216216,6.513513513513513,3.771428571428572,320.53464285714284,6.642857142857143,12.416000000000002,329.7432,6.72,1.4857142857142858,335.1142857142857,5.857142857142857,5.626666666666667,335.81,6.733333333333333,3.1,338.62416666666667,6.75,10.266666666666667,339.2711111111111,6.0,-1.0,343.98375,5.75,8.64,341.178,5.8,-1.0,338.33000000000004,5.0,24.1,346.85,6.0,-1.0,351.15999999999997,6.5,-1.0,356.015,4.0,False,False,False,False,False,False,False,False,False,False,False,False,False,False,True,False
12,-1,266.97,5,12,281.17,86.0,13,285.07,8.0,14,289.23,104.0,15.0,293.04,13.0,16.0,297.19,153.0,16.2,299.01,3.0,17.0,301.21,120.0,21.0,317.7,4.0,-1.0,322.15,4.0,-1.0,332.23,6.0,27.0,342.14,7.0,8.096153846153847,283.06673076923073,8.028846153846153,6.184810126582279,298.4777215189873,6.063291139240507,8.3,307.23758620689654,6.189655172413793,4.7215686274509805,309.68549019607843,5.901960784313726,9.057777777777778,315.7886666666667,6.133333333333334,11.286486486486487,315.82216216216216,6.513513513513513,3.771428571428572,320.53464285714284,6.642857142857143,12.416000000000002,329.7432,6.72,1.4857142857142858,335.1142857142857,5.857142857142857,5.626666666666667,335.81,6.733333333333333,3.1,338.62416666666667,6.75,10.266666666666667,339.2711111111111,6.0,-1.0,343.98375,5.75,8.64,341.178,5.8,-1.0,338.33000000000004,5.0,24.1,346.85,6.0,-1.0,351.15999999999997,6.5,-1.0,356.015,4.0,False,False,False,False,True,False,False,False,False,False,False,False,False,False,False,False
2,X,104.94,377,Y,110.86,500.0,,210.75846753246756,71.04545454545455,,216.6818641810919,87.4513981358189,11.362921348314606,219.41106741573032,77.95786516853933,12.028571428571428,222.8513210445469,66.27035330261137,12.041229656419528,226.86157323688968,52.7992766726944,12.037473233404711,230.39813704496785,41.95289079229122,10.877932960893855,238.12659217877098,30.310055865921786,10.177131782945736,246.79166666666666,17.75968992248062,11.51222222222222,258.64344444444447,11.255555555555556,8.044117647058824,272.95323529411763,6.6911764705882355,8.096153846153847,283.06673076923073,8.028846153846153,6.184810126582279,298.4777215189873,6.063291139240507,8.3,307.23758620689654,6.189655172413793,4.7215686274509805,309.68549019607843,5.901960784313726,9.057777777777778,315.7886666666667,6.133333333333334,11.286486486486487,315.82216216216216,6.513513513513513,3.771428571428572,320.53464285714284,6.642857142857143,12.416000000000002,329.7432,6.72,1.4857142857142858,335.1142857142857,5.857142857142857,5.626666666666667,335.81,6.733333333333333,3.1,338.62416666666667,6.75,10.266666666666667,339.2711111111111,6.0,-1.0,343.98375,5.75,8.64,341.178,5.8,-1.0,338.33000000000004,5.0,24.1,346.85,6.0,-1.0,351.15999999999997,6.5,-1.0,356.015,4.0,True,False,False,False,False,False,False,False,False,False,False,False,False,False,False,False
6,9,140.49,6,-1,141.88,5.0,10,144.83,31.0,11,148.93,529.0,12.0,153.05,148.0,13.0,157.27,5.0,12.041229656419528,226.86157323688968,52.7992766726944,12.037473233404711,230.39813704496785,41.95289079229122,10.877932960893855,238.12659217877098,30.310055865921786,10.177131782945736,246.79166666666666,17.75968992248062,11.51222222222222,258.64344444444447,11.255555555555556,8.044117647058824,272.95323529411763,6.6911764705882355,8.096153846153847,283.06673076923073,8.028846153846153,6.184810126582279,298.4777215189873,6.063291139240507,8.3,307.23758620689654,6.189655172413793,4.7215686274509805,309.68549019607843,5.901960784313726,9.057777777777778,315.7886666666667,6.133333333333334,11.286486486486487,315.82216216216216,6.513513513513513,3.771428571428572,320.53464285714284,6.642857142857143,12.416000000000002,329.7432,6.72,1.4857142857142858,335.1142857142857,5.857142857142857,5.626666666666667,335.81,6.733333333333333,3.1,338.62416666666667,6.75,10.266666666666667,339.2711111111111,6.0,-1.0,343.98375,5.75,8.64,341.178,5.8,-1.0,338.33000000000004,5.0,24.1,346.85,6.0,-1.0,351.15999999999997,6.5,-1.0,356.015,4.0,False,False,False,False,False,False,False,False,False,True,False,False,False,False,False,False
16,-1,207.86,7,-1,209.5,5.0,19,220.99,8.0,19.2,222.89,7.0,20.0,224.96,20.0,21.0,229.17,245.0,22.0,233.14,14.0,23.0,237.27,161.0,24.0,241.36,156.0,25.0,245.52,155.0,28.2,259.19,6.0,-1.0,286.32,7.0,-1.0,291.97,5.0,-1.0,302.67,6.0,50.2,348.55,4.0,-1.0,353.42,5.0,9.057777777777778,315.7886666666667,6.133333333333334,11.286486486486487,315.82216216216216,6.513513513513513,3.771428571428572,320.53464285714284,6.642857142857143,12.416000000000002,329.7432,6.72,1.4857142857142858,335.1142857142857,5.857142857142857,5.626666666666667,335.81,6.733333333333333,3.1,338.62416666666667,6.75,10.266666666666667,339.2711111111111,6.0,-1.0,343.98375,5.75,8.64,341.178,5.8,-1.0,338.33000000000004,5.0,24.1,346.85,6.0,-1.0,351.15999999999997,6.5,-1.0,356.015,4.0,False,False,False,False,False,False,False,False,False,False,False,False,True,False,False,False
9,10,129.69,127,-1,130.94,3.0,-1,135.45,3.0,-1,136.24,3.0,13.0,142.03,9.0,-1.0,143.09,3.0,14.0,146.19,152.0,15.0,150.37,119.0,17.0,158.1,2.0,10.177131782945736,246.79166666666666,17.75968992248062,11.51222222222222,258.64344444444447,11.255555555555556,8.044117647058824,272.95323529411763,6.6911764705882355,8.096153846153847,283.06673076923073,8.028846153846153,6.184810126582279,298.4777215189873,6.063291139240507,8.3,307.23758620689654,6.189655172413793,4.7215686274509805,309.68549019607843,5.901960784313726,9.057777777777778,315.7886666666667,6.133333333333334,11.286486486486487,315.82216216216216,6.513513513513513,3.771428571428572,320.53464285714284,6.642857142857143,12.416000000000002,329.7432,6.72,1.4857142857142858,335.1142857142857,5.857142857142857,5.626666666666667,335.81,6.733333333333333,3.1,338.62416666666667,6.75,10.266666666666667,339.2711111111111,6.0,-1.0,343.98375,5.75,8.64,341.178,5.8,-1.0,338.33000000000004,5.0,24.1,346.85,6.0,-1.0,351.15999999999997,6.5,-1.0,356.015,4.0,False,False,False,False,False,False,False,False,False,False,False,True,False,False,False,False
7,26,190.66,2,27,194.55,8.0,28,198.76,192.0,31,210.73,33.0,32.0,214.83,37.0,-1.0,236.25,1.0,39.0,242.47,1.0,12.037473233404711,230.39813704496785,41.95289079229122,10.877932960893855,238.12659217877098,30.310055865921786,10.177131782945736,246.79166666666666,17.75968992248062,11.51222222222222,258.64344444444447,11.255555555555556,8.044117647058824,272.95323529411763,6.6911764705882355,8.096153846153847,283.06673076923073,8.028846153846153,6.184810126582279,298.4777215189873,6.063291139240507,8.3,307.23758620689654,6.189655172413793,4.7215686274509805,309.68549019607843,5.901960784313726,9.057777777777778,315.7886666666667,6.133333333333334,11.286486486486487,315.82216216216216,6.513513513513513,3.771428571428572,320.53464285714284,6.642857142857143,12.416000000000002,329.7432,6.72,1.4857142857142858,335.1142857142857,5.857142857142857,5.626666666666667,335.81,6.733333333333333,3.1,338.62416666666667,6.75,10.266666666666667,339.2711111111111,6.0,-1.0,343.98375,5.75,8.64,341.178,5.8,-1.0,338.33000000000004,5.0,24.1,346.85,6.0,-1.0,351.15999999999997,6.5,-1.0,356.015,4.0,False,False,False,False,False,False,True,False,False,False,False,False,False,False,False,False
9,5,250.33,2,-1,253.59,2.0,7,258.3,4.0,8,262.15,48.0,9.0,266.14,43.0,10.0,270.14,73.0,-1.0,283.65,2.0,-1.0,293.32,3.0,16.0,294.15,2.0,10.177131782945736,246.79166666666666,17.75968992248062,11.51222222222222,258.64344444444447,11.255555555555556,8.044117647058824,272.95323529411763,6.6911764705882355,8.096153846153847,283.06673076923073,8.028846153846153,6.184810126582279,298.4777215189873,6.063291139240507,8.3,307.23758620689654,6.189655172413793,4.7215686274509805,309.68549019607843,5.901960784313726,9.057777777777778,315.7886666666667,6.133333333333334,11.286486486486487,315.82216216216216,6.513513513513513,3.771428571428572,320.53464285714284,6.642857142857143,12.416000000000002,329.7432,6.72,1.4857142857142858,335.1142857142857,5.857142857142857,5.626666666666667,335.81,6.733333333333333,3.1,338.62416666666667,6.75,10.266666666666667,339.2711111111111,6.0,-1.0,343.98375,5.75,8.64,341.178,5.8,-1.0,338.33000000000004,5.0,24.1,346.85,6.0,-1.0,351.15999999999997,6.5,-1.0,356.015,4.0,False,False,False,False,False,False,False,False,False,False,True,False,False,False,False,False
13,-1,301.69,2,8,310.9,2.0,-1,311.82,2.0,-1,313.49,3.0,9.0,314.79,2.0,10.0,318.85,3.0,11.0,322.83,44.0,12.0,326.93,95.0,13.0,331.42,2.0,-1.0,332.52,2.0,-1.0,333.53,2.0,-1.0,334.21,1.0,-1.0,338.33,2.0,6.184810126582279,298.4777215189873,6.063291139240507,8.3,307.23758620689654,6.189655172413793,4.7215686274509805,309.68549019607843,5.901960784313726,9.057777777777778,315.7886666666667,6.133333333333334,11.286486486486487,315.82216216216216,6.513513513513513,3.771428571428572,320.53464285714284,6.642857142857143,12.416000000000002,329.7432,6.72,1.4857142857142858,335.1142857142857,5.857142857142857,5.626666666666667,335.81,6.733333333333333,3.1,338.62416666666667,6.75,10.266666666666667,339.2711111111111,6.0,-1.0,343.98375,5.75,8.64,341.178,5.8,-1.0,338.33000000000004,5.0,24.1,346.85,6.0,-1.0,351.15999999999997,6.5,-1.0,356.015,4.0,False,True,False,False,False,False,False,False,False,False,False,False,False,False,False,False
6,-1,96.4,4,-1,99.76,3.0,14,118.33,25.0,15,122.3,292.0,16.0,126.41,158.0,17.0,130.16,309.0,12.041229656419528,226.86157323688968,52.7992766726944,12.037473233404711,230.39813704496785,41.95289079229122,10.877932960893855,238.12659217877098,30.310055865921786,10.177131782945736,246.79166666666666,17.75968992248062,11.51222222222222,258.64344444444447,11.255555555555556,8.044117647058824,272.95323529411763,6.6911764705882355,8.096153846153847,283.06673076923073,8.028846153846153,6.184810126582279,298.4777215189873,6.063291139240507,8.3,307.23758620689654,6.189655172413793,4.7215686274509805,309.68549019607843,5.901960784313726,9.057777777777778,315.7886666666667,6.133333333333334,11.286486486486487,315.82216216216216,6.513513513513513,3.771428571428572,320.53464285714284,6.642857142857143,12.416000000000002,329.7432,6.72,1.4857142857142858,335.1142857142857,5.857142857142857,5.626666666666667,335.81,6.733333333333333,3.1,338.62416666666667,6.75,10.266666666666667,339.2711111111111,6.0,-1.0,343.98375,5.75,8.64,341.178,5.8,-1.0,338.33000000000004,5.0,24.1,346.85,6.0,-1.0,351.15999999999997,6.5,-1.0,356.015,4.0,False,False,False,False,False,False,False,False,True,False,False,False,False,False,False,False
7,4,160.73,2,-1,163.41,2.0,6,168.69,65.0,7,172.75,150.0,8.0,176.74,11.0,9.0,180.83,282.0,9.3,183.97,136.0,12.037473233404711,230.39813704496785,41.95289079229122,10.877932960893855,238.12659217877098,30.310055865921786,10.177131782945736,246.79166666666666,17.75968992248062,11.51222222222222,258.64344444444447,11.255555555555556,8.044117647058824,272.95323529411763,6.6911764705882355,8.096153846153847,283.06673076923073,8.028846153846153,6.184810126582279,298.4777215189873,6.063291139240507,8.3,307.23758620689654,6.189655172413793,4.7215686274509805,309.68549019607843,5.901960784313726,9.057777777777778,315.7886666666667,6.133333333333334,11.286486486486487,315.82216216216216,6.513513513513513,3.771428571428572,320.53464285714284,6.642857142857143,12.416000000000002,329.7432,6.72,1.4857142857142858,335.1142857142857,5.857142857142857,5.626666666666667,335.81,6.733333333333333,3.1,338.62416666666667,6.75,10.266666666666667,339.2711111111111,6.0,-1.0,343.98375,5.75,8.64,341.178,5.8,-1.0,338.33000000000004,5.0,24.1,346.85,6.0,-1.0,351.15999999999997,6.5,-1.0,356.015,4.0,False,False,False,False,False,False,False,False,False,False,False,False,False,True,False,False
7,8,215.16,201,-1,222.64,2.0,11,227.11,16.0,12,231.26,110.0,13.0,235.42,90.0,-1.0,239.83,3.0,16.0,246.96,3.0,12.037473233404711,230.39813704496785,41.95289079229122,10.877932960893855,238.12659217877098,30.310055865921786,10.177131782945736,246.79166666666666,17.75968992248062,11.51222222222222,258.64344444444447,11.255555555555556,8.044117647058824,272.95323529411763,6.6911764705882355,8.096153846153847,283.06673076923073,8.028846153846153,6.184810126582279,298.4777215189873,6.063291139240507,8.3,307.23758620689654,6.189655172413793,4.7215686274509805,309.68549019607843,5.901960784313726,9.057777777777778,315.7886666666667,6.133333333333334,11.286486486486487,315.82216216216216,6.513513513513513,3.771428571428572,320.53464285714284,6.642857142857143,12.416000000000002,329.7432,6.72,1.4857142857142858,335.1142857142857,5.857142857142857,5.626666666666667,335.81,6.733333333333333,3.1,338.62416666666667,6.75,10.266666666666667,339.2711111111111,6.0,-1.0,343.98375,5.75,8.64,341.178,5.8,-1.0,338.33000000000004,5.0,24.1,346.85,6.0,-1.0,351.15999999999997,6.5,-1.0,356.015,4.0,False,False,True,False,False,False,False,False,False,False,False,False,False,False,False,False
4,7,259.35,2,10,271.3,125.0,11,275.31,262.0,16,294.81,2.0,11.362921348314606,219.41106741573032,77.95786516853933,12.028571428571428,222.8513210445469,66.27035330261137,12.041229656419528,226.86157323688968,52.7992766726944,12.037473233404711,230.39813704496785,41.95289079229122,10.877932960893855,238.12659217877098,30.310055865921786,10.177131782945736,246.79166666666666,17.75968992248062,11.51222222222222,258.64344444444447,11.255555555555556,8.044117647058824,272.95323529411763,6.6911764705882355,8.096153846153847,283.06673076923073,8.028846153846153,6.184810126582279,298.4777215189873,6.063291139240507,8.3,307.23758620689654,6.189655172413793,4.7215686274509805,309.68549019607843,5.901960784313726,9.057777777777778,315.7886666666667,6.133333333333334,11.286486486486487,315.82216216216216,6.513513513513513,3.771428571428572,320.53464285714284,6.642857142857143,12.416000000000002,329.7432,6.72,1.4857142857142858,335.1142857142857,5.857142857142857,5.626666666666667,335.81,6.733333333333333,3.1,338.62416666666667,6.75,10.266666666666667,339.2711111111111,6.0,-1.0,343.98375,5.75,8.64,341.178,5.8,-1.0,338.33000000000004,5.0,24.1,346.85,6.0,-1.0,351.15999999999997,6.5,-1.0,356.015,4.0,False,False,False,True,False,False,False,False,False,False,False,False,False,False,False,False
8,16,308.82,14,17,312.4,3.0,18,316.9,15.0,19,321.12,149.0,24.0,341.11,9.0,-1.0,342.4,3.0,25.0,345.22,88.0,26.0,349.15,2.0,10.877932960893855,238.12659217877098,30.310055865921786,10.177131782945736,246.79166666666666,17.75968992248062,11.51222222222222,258.64344444444447,11.255555555555556,8.044117647058824,272.95323529411763,6.6911764705882355,8.096153846153847,283.06673076923073,8.028846153846153,6.184810126582279,298.4777215189873,6.063291139240507,8.3,307.23758620689654,6.189655172413793,4.7215686274509805,309.68549019607843,5.901960784313726,9.057777777777778,315.7886666666667,6.133333333333334,11.286486486486487,315.82216216216216,6.513513513513513,3.771428571428572,320.53464285714284,6.642857142857143,12.416000000000002,329.7432,6.72,1.4857142857142858,335.1142857142857,5.857142857142857,5.626666666666667,335.81,6.733333333333333,3.1,338.62416666666667,6.75,10.266666666666667,339.2711111111111,6.0,-1.0,343.98375,5.75,8.64,341.178,5.8,-1.0,338.33000000000004,5.0,24.1,346.85,6.0,-1.0,351.15999999999997,6.5,-1.0,356.015,4.0,False,False,False,False,False,False,False,True,False,False,False,False,False,False,False,False
6,11,108.18,78,13,116.28,137.0,14,120.15,184.0,15,124.16,124.0,-1.0,133.39,5.0,-1.0,134.89,6.0,12.041229656419528,226.86157323688968,52.7992766726944,12.037473233404711,230.39813704496785,41.95289079229122,10.877932960893855,238.12659217877098,30.310055865921786,10.177131782945736,246.79166666666666,17.75968992248062,11.51222222222222,258.64344444444447,11.255555555555556,8.044117647058824,272.95323529411763,6.6911764705882355,8.096153846153847,283.06673076923073,8.028846153846153,6.184810126582279,298.4777215189873,6.063291139240507,8.3,307.23758620689654,6.189655172413793,4.7215686274509805,309.68549019607843,5.901960784313726,9.057777777777778,315.7886666666667,6.133333333333334,11.286486486486487,315.82216216216216,6.513513513513513,3.771428571428572,320.53464285714284,6.642857142857143,12.416000000000002,329.7432,6.72,1.4857142857142858,335.1142857142857,5.857142857142857,5.626666666666667,335.81,6.733333333333333,3.1,338.62416666666667,6.75,10.266666666666667,339.2711111111111,6.0,-1.0,343.98375,5.75,8.64,341.178,5.8,-1.0,338.33000000000004,5.0,24.1,346.85,6.0,-1.0,351.15999999999997,6.5,-1.0,356.015,4.0,False,False,False,False,False,True,False,False,False,False,False,False,False,False,False,False
10,12,155.95,6,13,160.08,160.0,-1,163.25,6.0,16,172.27,153.0,-1.0,178.94,2.0,-1.0,181.65,6.0,19.0,184.46,25.0,20.0,188.51,215.0,-1.0,193.8,4.0,22.0,197.03,3.0,11.51222222222222,258.64344444444447,11.255555555555556,8.044117647058824,272.95323529411763,6.6911764705882355,8.096153846153847,283.06673076923073,8.028846153846153,6.184810126582279,298.4777215189873,6.063291139240507,8.3,307.23758620689654,6.189655172413793,4.7215686274509805,309.68549019607843,5.901960784313726,9.057777777777778,315.7886666666667,6.133333333333334,11.286486486486487,315.82216216216216,6.513513513513513,3.771428571428572,320.53464285714284,6.642857142857143,12.416000000000002,329.7432,6.72,1.4857142857142858,335.1142857142857,5.857142857142857,5.626666666666667,335.81,6.733333333333333,3.1,338.62416666666667,6.75,10.266666666666667,339.2711111111111,6.0,-1.0,343.98375,5.75,8.64,341.178,5.8,-1.0,338.33000000000004,5.0,24.1,346.85,6.0,-1.0,351.15999999999997,6.5,-1.0,356.015,4.0,False,False,False,False,False,False,False,False,False,False,False,False,False,False,False,True
4,6,220.91,4,8,228.77,66.0,-1,234.33,6.0,11,240.94,118.0,11.362921348314606,219.41106741573032,77.95786516853933,12.028571428571428,222.8513210445469,66.27035330261137,12.041229656419528,226.86157323688968,52.7992766726944,12.037473233404711,230.39813704496785,41.95289079229122,10.877932960893855,238.12659217877098,30.310055865921786,10.177131782945736,246.79166666666666,17.75968992248062,11.51222222222222,258.64344444444447,11.255555555555556,8.044117647058824,272.95323529411763,6.6911764705882355,8.096153846153847,283.06673076923073,8.028846153846153,6.184810126582279,298.4777215189873,6.063291139240507,8.3,307.23758620689654,6.189655172413793,4.7215686274509805,309.68549019607843,5.901960784313726,9.057777777777778,315.7886666666667,6.133333333333334,11.286486486486487,315.82216216216216,6.513513513513513,3.771428571428572,320.53464285714284,6.642857142857143,12.416000000000002,329.7432,6.72,1.4857142857142858,335.1142857142857,5.857142857142857,5.626666666666667,335.81,6.733333333333333,3.1,338.62416666666667,6.75,10.266666666666667,339.2711111111111,6.0,-1.0,343.98375,5.75,8.64,341.178,5.8,-1.0,338.33000000000004,5.0,24.1,346.85,6.0,-1.0,351.15999999999997,6.5,-1.0,356.015,4.0,False,False,False,False,False,False,False,False,False,False,False,False,False,False,True,False
12,-1,266.31,3,-1,267.72,5.0,-1,278.49,6.0,12,281.16,54.0,-1.0,283.81,5.0,14.0,289.19,53.0,15.0,292.99,9.0,16.0,297.2,88.0,17.0,301.13,32.0,20.0,313.41,4.0,-1.0,316.55,3.0,21.0,317.26,3.0,8.096153846153847,283.06673076923073,8.028846153846153,6.184810126582279,298.4777215189873,6.063291139240507,8.3,307.23758620689654,6.189655172413793,4.7215686274509805,309.68549019607843,5.901960784313726,9.057777777777778,315.7886666666667,6.133333333333334,11.286486486486487,315.82216216216216,6.513513513513513,3.771428571428572,320.53464285714284,6.642857142857143,12.416000000000002,329.7432,6.72,1.4857142857142858,335.1142857142857,5.857142857142857,5.626666666666667,335.81,6.733333333333333,3.1,338.62416666666667,6.75,10.266666666666667,339.2711111111111,6.0,-1.0,343.98375,5.75,8.64,341.178,5.8,-1.0,338.33000000000004,5.0,24.1,346.85,6.0,-1.0,351.15999999999997,6.5,-1.0,356.015,4.0,False,False,False,False,True,False,False,False,False,False,False,False,False,False,False,False
2,X,104.94,249,Y,110.86,202.0,,210.75846753246756,71.04545454545455,,216.6818641810919,87.4513981358189,11.362921348314606,219.41106741573032,77.95786516853933,12.028571428571428,222.8513210445469,66.27035330261137,12.041229656419528,226.86157323688968,52.7992766726944,12.037473233404711,230.39813704496785,41.95289079229122,10.877932960893855,238.12659217877098,30.310055865921786,10.177131782945736,246.79166666666666,17.75968992248062,11.51222222222222,258.64344444444447,11.255555555555556,8.044117647058824,272.95323529411763,6.6911764705882355,8.096153846153847,283.06673076923073,8.028846153846153,6.184810126582279,298.4777215189873,6.063291139240507,8.3,307.23758620689654,6.189655172413793,4.7215686274509805,309.68549019607843,5.901960784313726,9.057777777777778,315.7886666666667,6.133333333333334,11.286486486486487,315.82216216216216,6.513513513513513,3.771428571428572,320.53464285714284,6.642857142857143,12.416000000000002,329.7432,6.72,1.4857142857142858,335.1142857142857,5.857142857142857,5.626666666666667,335.81,6.733333333333333,3.1,338.62416666666667,6.75,10.266666666666667,339.2711111111111,6.0,-1.0,343.98375,5.75,8.64,341.178,5.8,-1.0,338.33000000000004,5.0,24.1,346.85,6.0,-1.0,351.15999999999997,6.5,-1.0,356.015,4.0,True,False,False,False,False,False,False,False,False,False,False,False,False,False,False,False
12,7,132.36,4,9,140.98,7.0,10,144.72,13.0,11,148.89,326.0,12.0,152.99,105.0,-1.0,156.12,4.0,15.0,165.6,4.0,-1.0,166.41,5.0,16.0,168.85,5.0,17.0,173.57,4.0,-1.0,176.09,5.0,-1.0,177.56,7.0,8.096153846153847,283.06673076923073,8.028846153846153,6.184810126582279,298.4777215189873,6.063291139240507,8.3,307.23758620689654,6.189655172413793,4.7215686274509805,309.68549019607843,5.901960784313726,9.057777777777778,315.7886666666667,6.133333333333334,11.286486486486487,315.82216216216216,6.513513513513513,3.771428571428572,320.53464285714284,6.642857142857143,12.416000000000002,329.7432,6.72,1.4857142857142858,335.1142857142857,5.857142857142857,5.626666666666667,335.81,6.733333333333333,3.1,338.62416666666667,6.75,10.266666666666667,339.2711111111111,6.0,-1.0,343.98375,5.75,8.64,341.178,5.8,-1.0,338.33000000000004,5.0,24.1,346.85,6.0,-1.0,351.15999999999997,6.5,-1.0,356.015,4.0,False,False,False,False,False,False,False,False,False,True,False,False,False,False,False,False
15,-1,216.08,6,-1,220.25,2.0,21,229.18,92.0,22,233.17,15.0,23.0,237.25,103.0,24.0,241.45,48.0,25.0,245.53,97.0,27.2,255.3,2.0,28.0,257.65,5.0,-1.0,258.38,4.0,29.2,263.07,4.0,30.0,266.06,4.0,-1.0,285.14,5.0,-1.0,298.52,6.0,-1.0,319.11,4.0,4.7215686274509805,309.68549019607843,5.901960784313726,9.057777777777778,315.7886666666667,6.133333333333334,11.286486486486487,315.82216216216216,6.513513513513513,3.771428571428572,320.53464285714284,6.642857142857143,12.416000000000002,329.7432,6.72,1.4857142857142858,335.1142857142857,5.857142857142857,5.626666666666667,335.81,6.733333333333333,3.1,338.62416666666667,6.75,10.266666666666667,339.2711111111111,6.0,-1.0,343.98375,5.75,8.64,341.178,5.8,-1.0,338.33000000000004,5.0,24.1,346.85,6.0,-1.0,351.15999999999997,6.5,-1.0,356.015,4.0,False,False,False,False,False,False,False,False,False,False,False,False,True,False,False,False
9,-1,114.0,3,10,129.76,46.0,-1,131.24,2.0,-1,132.89,2.0,12.0,137.7,1.0,13.0,142.02,7.0,14.0,146.25,116.0,15.0,150.32,35.0,-1.0,173.51,2.0,10.177131782945736,246.79166666666666,17.75968992248062,11.51222222222222,258.64344444444447,11.255555555555556,8.044117647058824,272.95323529411763,6.6911764705882355,8.096153846153847,283.06673076923073,8.028846153846153,6.184810126582279,298.4777215189873,6.063291139240507,8.3,307.23758620689654,6.189655172413793,4.7215686274509805,309.68549019607843,5.901960784313726,9.057777777777778,315.7886666666667,6.133333333333334,11.286486486486487,315.82216216216216,6.513513513513513,3.771428571428572,320.53464285714284,6.642857142857143,12.416000000000002,329.7432,6.72,1.4857142857142858,335.1142857142857,5.857142857142857,5.626666666666667,335.81,6.733333333333333,3.1,338.62416666666667,6.75,10.266666666666667,339.2711111111111,6.0,-1.0,343.98375,5.75,8.64,341.178,5.8,-1.0,338.33000000000004,5.0,24.1,346.85,6.0,-1.0,351.15999999999997,6.5,-1.0,356.015,4.0,False,False,False,False,False,False,False,False,False,False,False,True,False,False,False,False
5,27,194.65,5,28,198.68,100.0,31,210.65,34.0,32,214.76,33.0,37.0,234.49,2.0,12.028571428571428,222.8513210445469,66.27035330261137,12.041229656419528,226.86157323688968,52.7992766726944,12.037473233404711,230.39813704496785,41.95289079229122,10.877932960893855,238.12659217877098,30.310055865921786,10.177131782945736,246.79166666666666,17.75968992248062,11.51222222222222,258.64344444444447,11.255555555555556,8.044117647058824,272.95323529411763,6.6911764705882355,8.096153846153847,283.06673076923073,8.028846153846153,6.184810126582279,298.4777215189873,6.063291139240507,8.3,307.23758620689654,6.189655172413793,4.7215686274509805,309.68549019607843,5.901960784313726,9.057777777777778,315.7886666666667,6.133333333333334,11.286486486486487,315.82216216216216,6.513513513513513,3.771428571428572,320.53464285714284,6.642857142857143,12.416000000000002,329.7432,6.72,1.4857142857142858,335.1142857142857,5.857142857142857,5.626666666666667,335.81,6.733333333333333,3.1,338.62416666666667,6.75,10.266666666666667,339.2711111111111,6.0,-1.0,343.98375,5.75,8.64,341.178,5.8,-1.0,338.33000000000004,5.0,24.1,346.85,6.0,-1.0,351.15999999999997,6.5,-1.0,356.015,4.0,False,False,False,False,False,False,True,False,False,False,False,False,False,False,False,False
7,-1,257.58,2,8,262.14,26.0,9,266.1,29.0,10,270.14,66.0,-1.0,279.92,1.0,15.0,289.88,2.0,-1.0,293.34,1.0,12.037473233404711,230.39813704496785,41.95289079229122,10.877932960893855,238.12659217877098,30.310055865921786,10.177131782945736,246.79166666666666,17.75968992248062,11.51222222222222,258.64344444444447,11.255555555555556,8.044117647058824,272.95323529411763,6.6911764705882355,8.096153846153847,283.06673076923073,8.028846153846153,6.184810126582279,298.4777215189873,6.063291139240507,8.3,307.23758620689654,6.189655172413793,4.7215686274509805,309.68549019607843,5.901960784313726,9.057777777777778,315.7886666666667,6.133333333333334,11.286486486486487,315.82216216216216,6.513513513513513,3.771428571428572,320.53464285714284,6.642857142857143,12.416000000000002,329.7432,6.72,1.4857142857142858,335.1142857142857,5.857142857142857,5.626666666666667,335.81,6.733333333333333,3.1,338.62416666666667,6.75,10.266666666666667,339.2711111111111,6.0,-1.0,343.98375,5.75,8.64,341.178,5.8,-1.0,338.33000000000004,5.0,24.1,346.85,6.0,-1.0,351.15999999999997,6.5,-1.0,356.015,4.0,False,False,False,False,False,False,False,False,False,False,True,False,False,False,False,False
6,5,298.93,2,-1,311.73,2.0,-1,313.92,1.0,11,322.91,48.0,12.0,327.08,7.0,-1.0,338.0,1.0,12.041229656419528,226.86157323688968,52.7992766726944,12.037473233404711,230.39813704496785,41.95289079229122,10.877932960893855,238.12659217877098,30.310055865921786,10.177131782945736,246.79166666666666,17.75968992248062,11.51222222222222,258.64344444444447,11.255555555555556,8.044117647058824,272.95323529411763,6.6911764705882355,8.096153846153847,283.06673076923073,8.028846153846153,6.184810126582279,298.4777215189873,6.063291139240507,8.3,307.23758620689654,6.189655172413793,4.7215686274509805,309.68549019607843,5.901960784313726,9.057777777777778,315.7886666666667,6.133333333333334,11.286486486486487,315.82216216216216,6.513513513513513,3.771428571428572,320.53464285714284,6.642857142857143,12.416000000000002,329.7432,6.72,1.4857142857142858,335.1142857142857,5.857142857142857,5.626666666666667,335.81,6.733333333333333,3.1,338.62416666666667,6.75,10.266666666666667,339.2711111111111,6.0,-1.0,343.98375,5.75,8.64,341.178,5.8,-1.0,338.33000000000004,5.0,24.1,346.85,6.0,-1.0,351.15999999999997,6.5,-1.0,356.015,4.0,False,True,False,False,False,False,False,False,False,False,False,False,False,False,False,False
6,-1,97.19,4,-1,100.32,3.0,14,118.23,11.0,15,122.31,168.0,16.0,126.49,85.0,17.0,130.23,27.0,12.041229656419528,226.86157323688968,52.7992766726944,12.037473233404711,230.39813704496785,41.95289079229122,10.877932960893855,238.12659217877098,30.310055865921786,10.177131782945736,246.79166666666666,17.75968992248062,11.51222222222222,258.64344444444447,11.255555555555556,8.044117647058824,272.95323529411763,6.6911764705882355,8.096153846153847,283.06673076923073,8.028846153846153,6.184810126582279,298.4777215189873,6.063291139240507,8.3,307.23758620689654,6.189655172413793,4.7215686274509805,309.68549019607843,5.901960784313726,9.057777777777778,315.7886666666667,6.133333333333334,11.286486486486487,315.82216216216216,6.513513513513513,3.771428571428572,320.53464285714284,6.642857142857143,12.416000000000002,329.7432,6.72,1.4857142857142858,335.1142857142857,5.857142857142857,5.626666666666667,335.81,6.733333333333333,3.1,338.62416666666667,6.75,10.266666666666667,339.2711111111111,6.0,-1.0,343.98375,5.75,8.64,341.178,5.8,-1.0,338.33000000000004,5.0,24.1,346.85,6.0,-1.0,351.15999999999997,6.5,-1.0,356.015,4.0,False,False,False,False,False,False,False,False,True,False,False,False,False,False,False,False
8,6,168.73,77,7,172.7,41.0,9,180.82,46.0,9.3,183.95,34.0,-1.0,185.6,3.0,-1.0,186.67,4.0,10.3,187.41,3.0,13.3,200.4,2.0,10.877932960893855,238.12659217877098,30.310055865921786,10.177131782945736,246.79166666666666,17.75968992248062,11.51222222222222,258.64344444444447,11.255555555555556,8.044117647058824,272.95323529411763,6.6911764705882355,8.096153846153847,283.06673076923073,8.028846153846153,6.184810126582279,298.4777215189873,6.063291139240507,8.3,307.23758620689654,6.189655172413793,4.7215686274509805,309.68549019607843,5.901960784313726,9.057777777777778,315.7886666666667,6.133333333333334,11.286486486486487,315.82216216216216,6.513513513513513,3.771428571428572,320.53464285714284,6.642857142857143,12.416000000000002,329.7432,6.72,1.4857142857142858,335.1142857142857,5.857142857142857,5.626666666666667,335.81,6.733333333333333,3.1,338.62416666666667,6.75,10.266666666666667,339.2711111111111,6.0,-1.0,343.98375,5.75,8.64,341.178,5.8,-1.0,338.33000000000004,5.0,24.1,346.85,6.0,-1.0,351.15999999999997,6.5,-1.0,356.015,4.0,False,False,False,False,False,False,False,False,False,False,False,False,False,True,False,False
10,-1,206.51,2,7,210.81,3.0,7,211.55,2.0,8,215.1,126.0,9.0,219.07,2.0,-1.0,225.43,3.0,12.0,231.28,18.0,-1.0,233.5,3.0,13.0,235.39,43.0,-1.0,246.88,3.0,11.51222222222222,258.64344444444447,11.255555555555556,8.044117647058824,272.95323529411763,6.6911764705882355,8.096153846153847,283.06673076923073,8.028846153846153,6.184810126582279,298.4777215189873,6.063291139240507,8.3,307.23758620689654,6.189655172413793,4.7215686274509805,309.68549019607843,5.901960784313726,9.057777777777778,315.7886666666667,6.133333333333334,11.286486486486487,315.82216216216216,6.513513513513513,3.771428571428572,320.53464285714284,6.642857142857143,12.416000000000002,329.7432,6.72,1.4857142857142858,335.1142857142857,5.857142857142857,5.626666666666667,335.81,6.733333333333333,3.1,338.62416666666667,6.75,10.266666666666667,339.2711111111111,6.0,-1.0,343.98375,5.75,8.64,341.178,5.8,-1.0,338.33000000000004,5.0,24.1,346.85,6.0,-1.0,351.15999999999997,6.5,-1.0,356.015,4.0,False,False,True,False,False,False,False,False,False,False,False,False,False,False,False,False
4,-1,266.26,2,10,271.3,109.0,11,275.27,64.0,-1,285.19,2.0,11.362921348314606,219.41106741573032,77.95786516853933,12.028571428571428,222.8513210445469,66.27035330261137,12.041229656419528,226.86157323688968,52.7992766726944,12.037473233404711,230.39813704496785,41.95289079229122,10.877932960893855,238.12659217877098,30.310055865921786,10.177131782945736,246.79166666666666,17.75968992248062,11.51222222222222,258.64344444444447,11.255555555555556,8.044117647058824,272.95323529411763,6.6911764705882355,8.096153846153847,283.06673076923073,8.028846153846153,6.184810126582279,298.4777215189873,6.063291139240507,8.3,307.23758620689654,6.189655172413793,4.7215686274509805,309.68549019607843,5.901960784313726,9.057777777777778,315.7886666666667,6.133333333333334,11.286486486486487,315.82216216216216,6.513513513513513,3.771428571428572,320.53464285714284,6.642857142857143,12.416000000000002,329.7432,6.72,1.4857142857142858,335.1142857142857,5.857142857142857,5.626666666666667,335.81,6.733333333333333,3.1,338.62416666666667,6.75,10.266666666666667,339.2711111111111,6.0,-1.0,343.98375,5.75,8.64,341.178,5.8,-1.0,338.33000000000004,5.0,24.1,346.85,6.0,-1.0,351.15999999999997,6.5,-1.0,356.015,4.0,False,False,False,True,False,False,False,False,False,False,False,False,False,False,False,False
10,15,305.27,2,16,308.81,13.0,-1,313.41,2.0,18,316.9,8.0,19.0,321.11,114.0,-1.0,324.1,2.0,-1.0,325.89,3.0,24.0,341.19,4.0,25.0,345.25,39.0,-1.0,353.9,2.0,11.51222222222222,258.64344444444447,11.255555555555556,8.044117647058824,272.95323529411763,6.6911764705882355,8.096153846153847,283.06673076923073,8.028846153846153,6.184810126582279,298.4777215189873,6.063291139240507,8.3,307.23758620689654,6.189655172413793,4.7215686274509805,309.68549019607843,5.901960784313726,9.057777777777778,315.7886666666667,6.133333333333334,11.286486486486487,315.82216216216216,6.513513513513513,3.771428571428572,320.53464285714284,6.642857142857143,12.416000000000002,329.7432,6.72,1.4857142857142858,335.1142857142857,5.857142857142857,5.626666666666667,335.81,6.733333333333333,3.1,338.62416666666667,6.75,10.266666666666667,339.2711111111111,6.0,-1.0,343.98375,5.75,8.64,341.178,5.8,-1.0,338.33000000000004,5.0,24.1,346.85,6.0,-1.0,351.15999999999997,6.5,-1.0,356.015,4.0,False,False,False,False,False,False,False,True,False,False,False,False,False,False,False,False
6,10,103.63,8,11,108.11,100.0,13,116.31,84.0,14,120.23,101.0,15.0,124.16,65.0,-1.0,136.99,6.0,12.041229656419528,226.86157323688968,52.7992766726944,12.037473233404711,230.39813704496785,41.95289079229122,10.877932960893855,238.12659217877098,30.310055865921786,10.177131782945736,246.79166666666666,17.75968992248062,11.51222222222222,258.64344444444447,11.255555555555556,8.044117647058824,272.95323529411763,6.6911764705882355,8.096153846153847,283.06673076923073,8.028846153846153,6.184810126582279,298.4777215189873,6.063291139240507,8.3,307.23758620689654,6.189655172413793,4.7215686274509805,309.68549019607843,5.901960784313726,9.057777777777778,315.7886666666667,6.133333333333334,11.286486486486487,315.82216216216216,6.513513513513513,3.771428571428572,320.53464285714284,6.642857142857143,12.416000000000002,329.7432,6.72,1.4857142857142858,335.1142857142857,5.857142857142857,5.626666666666667,335.81,6.733333333333333,3.1,338.62416666666667,6.75,10.266666666666667,339.2711111111111,6.0,-1.0,343.98375,5.75,8.64,341.178,5.8,-1.0,338.33000000000004,5.0,24.1,346.85,6.0,-1.0,351.15999999999997,6.5,-1.0,356.015,4.0,False,False,False,False,False,True,False,False,False,False,False,False,False,False,False,False
9,-1,151.06,5,13,160.08,65.0,-1,167.52,5.0,16,172.22,34.0,-1.0,173.68,4.0,-1.0,179.43,8.0,19.0,184.37,10.0,20.0,188.56,67.0,-1.0,198.27,7.0,10.177131782945736,246.79166666666666,17.75968992248062,11.51222222222222,258.64344444444447,11.255555555555556,8.044117647058824,272.95323529411763,6.6911764705882355,8.096153846153847,283.06673076923073,8.028846153846153,6.184810126582279,298.4777215189873,6.063291139240507,8.3,307.23758620689654,6.189655172413793,4.7215686274509805,309.68549019607843,5.901960784313726,9.057777777777778,315.7886666666667,6.133333333333334,11.286486486486487,315.82216216216216,6.513513513513513,3.771428571428572,320.53464285714284,6.642857142857143,12.416000000000002,329.7432,6.72,1.4857142857142858,335.1142857142857,5.857142857142857,5.626666666666667,335.81,6.733333333333333,3.1,338.62416666666667,6.75,10.266666666666667,339.2711111111111,6.0,-1.0,343.98375,5.75,8.64,341.178,5.8,-1.0,338.33000000000004,5.0,24.1,346.85,6.0,-1.0,351.15999999999997,6.5,-1.0,356.015,4.0,False,False,False,False,False,False,False,False,False,False,False,False,False,False,False,True
9,-1,214.0,6,7,224.94,6.0,8,228.73,9.0,-1,229.55,5.0,9.0,232.76,5.0,-1.0,235.31,5.0,10.0,236.79,11.0,11.0,240.85,113.0,14.0,253.02,6.0,10.177131782945736,246.79166666666666,17.75968992248062,11.51222222222222,258.64344444444447,11.255555555555556,8.044117647058824,272.95323529411763,6.6911764705882355,8.096153846153847,283.06673076923073,8.028846153846153,6.184810126582279,298.4777215189873,6.063291139240507,8.3,307.23758620689654,6.189655172413793,4.7215686274509805,309.68549019607843,5.901960784313726,9.057777777777778,315.7886666666667,6.133333333333334,11.286486486486487,315.82216216216216,6.513513513513513,3.771428571428572,320.53464285714284,6.642857142857143,12.416000000000002,329.7432,6.72,1.4857142857142858,335.1142857142857,5.857142857142857,5.626666666666667,335.81,6.733333333333333,3.1,338.62416666666667,6.75,10.266666666666667,339.2711111111111,6.0,-1.0,343.98375,5.75,8.64,341.178,5.8,-1.0,338.33000000000004,5.0,24.1,346.85,6.0,-1.0,351.15999999999997,6.5,-1.0,356.015,4.0,False,False,False,False,False,False,False,False,False,False,False,False,False,False,True,False
8,14,289.14,12,16,297.12,39.0,17,301.13,26.0,18.2,306.91,4.0,-1.0,308.57,5.0,20.2,314.7,3.0,23.0,325.47,5.0,-1.0,343.31,6.0,10.877932960893855,238.12659217877098,30.310055865921786,10.177131782945736,246.79166666666666,17.75968992248062,11.51222222222222,258.64344444444447,11.255555555555556,8.044117647058824,272.95323529411763,6.6911764705882355,8.096153846153847,283.06673076923073,8.028846153846153,6.184810126582279,298.4777215189873,6.063291139240507,8.3,307.23758620689654,6.189655172413793,4.7215686274509805,309.68549019607843,5.901960784313726,9.057777777777778,315.7886666666667,6.133333333333334,11.286486486486487,315.82216216216216,6.513513513513513,3.771428571428572,320.53464285714284,6.642857142857143,12.416000000000002,329.7432,6.72,1.4857142857142858,335.1142857142857,5.857142857142857,5.626666666666667,335.81,6.733333333333333,3.1,338.62416666666667,6.75,10.266666666666667,339.2711111111111,6.0,-1.0,343.98375,5.75,8.64,341.178,5.8,-1.0,338.33000000000004,5.0,24.1,346.85,6.0,-1.0,351.15999999999997,6.5,-1.0,356.015,4.0,False,False,False,False,True,False,False,False,False,False,False,False,False,False,False,False
2,X,104.97,138,Y,110.86,137.0,,210.75846753246756,71.04545454545455,,216.6818641810919,87.4513981358189,11.362921348314606,219.41106741573032,77.95786516853933,12.028571428571428,222.8513210445469,66.27035330261137,12.041229656419528,226.86157323688968,52.7992766726944,12.037473233404711,230.39813704496785,41.95289079229122,10.877932960893855,238.12659217877098,30.310055865921786,10.177131782945736,246.79166666666666,17.75968992248062,11.51222222222222,258.64344444444447,11.255555555555556,8.044117647058824,272.95323529411763,6.6911764705882355,8.096153846153847,283.06673076923073,8.028846153846153,6.184810126582279,298.4777215189873,6.063291139240507,8.3,307.23758620689654,6.189655172413793,4.7215686274509805,309.68549019607843,5.901960784313726,9.057777777777778,315.7886666666667,6.133333333333334,11.286486486486487,315.82216216216216,6.513513513513513,3.771428571428572,320.53464285714284,6.642857142857143,12.416000000000002,329.7432,6.72,1.4857142857142858,335.1142857142857,5.857142857142857,5.626666666666667,335.81,6.733333333333333,3.1,338.62416666666667,6.75,10.266666666666667,339.2711111111111,6.0,-1.0,343.98375,5.75,8.64,341.178,5.8,-1.0,338.33000000000004,5.0,24.1,346.85,6.0,-1.0,351.15999999999997,6.5,-1.0,356.015,4.0,True,False,False,False,False,False,False,False,False,False,False,False,False,False,False,False
5,11,148.94,173,12,153.1,45.0,14,161.05,4.0,-1,167.12,4.0,-1.0,168.25,5.0,12.028571428571428,222.8513210445469,66.27035330261137,12.041229656419528,226.86157323688968,52.7992766726944,12.037473233404711,230.39813704496785,41.95289079229122,10.877932960893855,238.12659217877098,30.310055865921786,10.177131782945736,246.79166666666666,17.75968992248062,11.51222222222222,258.64344444444447,11.255555555555556,8.044117647058824,272.95323529411763,6.6911764705882355,8.096153846153847,283.06673076923073,8.028846153846153,6.184810126582279,298.4777215189873,6.063291139240507,8.3,307.23758620689654,6.189655172413793,4.7215686274509805,309.68549019607843,5.901960784313726,9.057777777777778,315.7886666666667,6.133333333333334,11.286486486486487,315.82216216216216,6.513513513513513,3.771428571428572,320.53464285714284,6.642857142857143,12.416000000000002,329.7432,6.72,1.4857142857142858,335.1142857142857,5.857142857142857,5.626666666666667,335.81,6.733333333333333,3.1,338.62416666666667,6.75,10.266666666666667,339.2711111111111,6.0,-1.0,343.98375,5.75,8.64,341.178,5.8,-1.0,338.33000000000004,5.0,24.1,346.85,6.0,-1.0,351.15999999999997,6.5,-1.0,356.015,4.0,False,False,False,False,False,False,False,False,False,True,False,False,False,False,False,False
25,-1,207.81,7,17,212.69,6.0,19,220.91,6.0,19.2,223.38,4.0,20.0,225.19,8.0,21.0,229.06,54.0,23.0,237.37,26.0,24.0,241.36,72.0,25.0,245.52,47.0,-1.0,246.96,5.0,28.0,257.33,4.0,-1.0,258.95,7.0,29.0,261.48,6.0,30.0,265.35,6.0,-1.0,272.46,5.0,32.0,273.12,5.0,-1.0,277.18,7.0,-1.0,282.14,7.0,-1.0,282.8,7.0,-1.0,300.72,4.0,-1.0,302.83,5.0,-1.0,304.29,5.0,-1.0,312.82,4.0,-1.0,334.24,4.0,-1.0,345.76,5.0,8.64,341.178,5.8,-1.0,338.33000000000004,5.0,24.1,346.85,6.0,-1.0,351.15999999999997,6.5,-1.0,356.015,4.0,False,False,False,False,False,False,False,False,False,False,False,False,True,False,False,False
7,-1,122.38,4,-1,123.98,3.0,11,133.76,51.0,13,142.01,35.0,14.0,146.14,43.0,20.0,170.49,2.0,-1.0,171.33,3.0,12.037473233404711,230.39813704496785,41.95289079229122,10.877932960893855,238.12659217877098,30.310055865921786,10.177131782945736,246.79166666666666,17.75968992248062,11.51222222222222,258.64344444444447,11.255555555555556,8.044117647058824,272.95323529411763,6.6911764705882355,8.096153846153847,283.06673076923073,8.028846153846153,6.184810126582279,298.4777215189873,6.063291139240507,8.3,307.23758620689654,6.189655172413793,4.7215686274509805,309.68549019607843,5.901960784313726,9.057777777777778,315.7886666666667,6.133333333333334,11.286486486486487,315.82216216216216,6.513513513513513,3.771428571428572,320.53464285714284,6.642857142857143,12.416000000000002,329.7432,6.72,1.4857142857142858,335.1142857142857,5.857142857142857,5.626666666666667,335.81,6.733333333333333,3.1,338.62416666666667,6.75,10.266666666666667,339.2711111111111,6.0,-1.0,343.98375,5.75,8.64,341.178,5.8,-1.0,338.33000000000004,5.0,24.1,346.85,6.0,-1.0,351.15999999999997,6.5,-1.0,356.015,4.0,False,False,False,False,False,False,False,False,False,False,False,True,False,False,False,False
12,-1,183.19,2,26,190.86,3.0,26.2,192.67,2.0,27,194.65,19.0,-1.0,196.03,2.0,28.0,198.62,3.0,29.0,202.81,8.0,30.0,206.64,9.0,-1.0,214.0,3.0,32.0,214.69,4.0,32.2,216.52,3.0,-1.0,240.36,2.0,8.096153846153847,283.06673076923073,8.028846153846153,6.184810126582279,298.4777215189873,6.063291139240507,8.3,307.23758620689654,6.189655172413793,4.7215686274509805,309.68549019607843,5.901960784313726,9.057777777777778,315.7886666666667,6.133333333333334,11.286486486486487,315.82216216216216,6.513513513513513,3.771428571428572,320.53464285714284,6.642857142857143,12.416000000000002,329.7432,6.72,1.4857142857142858,335.1142857142857,5.857142857142857,5.626666666666667,335.81,6.733333333333333,3.1,338.62416666666667,6.75,10.266666666666667,339.2711111111111,6.0,-1.0,343.98375,5.75,8.64,341.178,5.8,-1.0,338.33000000000004,5.0,24.1,346.85,6.0,-1.0,351.15999999999997,6.5,-1.0,356.015,4.0,False,False,False,False,False,False,True,False,False,False,False,False,False,False,False,False
6,7,257.94,1,-1,263.33,4.0,-1,267.55,2.0,-1,269.4,2.0,-1.0,272.39,3.0,12.0,278.32,8.0,12.041229656419528,226.86157323688968,52.7992766726944,12.037473233404711,230.39813704496785,41.95289079229122,10.877932960893855,238.12659217877098,30.310055865921786,10.177131782945736,246.79166666666666,17.75968992248062,11.51222222222222,258.64344444444447,11.255555555555556,8.044117647058824,272.95323529411763,6.6911764705882355,8.096153846153847,283.06673076923073,8.028846153846153,6.184810126582279,298.4777215189873,6.063291139240507,8.3,307.23758620689654,6.189655172413793,4.7215686274509805,309.68549019607843,5.901960784313726,9.057777777777778,315.7886666666667,6.133333333333334,11.286486486486487,315.82216216216216,6.513513513513513,3.771428571428572,320.53464285714284,6.642857142857143,12.416000000000002,329.7432,6.72,1.4857142857142858,335.1142857142857,5.857142857142857,5.626666666666667,335.81,6.733333333333333,3.1,338.62416666666667,6.75,10.266666666666667,339.2711111111111,6.0,-1.0,343.98375,5.75,8.64,341.178,5.8,-1.0,338.33000000000004,5.0,24.1,346.85,6.0,-1.0,351.15999999999997,6.5,-1.0,356.015,4.0,False,False,False,False,False,False,False,False,False,False,True,False,False,False,False,False
6,7,306.44,2,-1,315.77,3.0,10,318.68,11.0,12,327.01,12.0,-1.0,332.81,3.0,-1.0,343.85,2.0,12.041229656419528,226.86157323688968,52.7992766726944,12.037473233404711,230.39813704496785,41.95289079229122,10.877932960893855,238.12659217877098,30.310055865921786,10.177131782945736,246.79166666666666,17.75968992248062,11.51222222222222,258.64344444444447,11.255555555555556,8.044117647058824,272.95323529411763,6.6911764705882355,8.096153846153847,283.06673076923073,8.028846153846153,6.184810126582279,298.4777215189873,6.063291139240507,8.3,307.23758620689654,6.189655172413793,4.7215686274509805,309.68549019607843,5.901960784313726,9.057777777777778,315.7886666666667,6.133333333333334,11.286486486486487,315.82216216216216,6.513513513513513,3.771428571428572,320.53464285714284,6.642857142857143,12.416000000000002,329.7432,6.72,1.4857142857142858,335.1142857142857,5.857142857142857,5.626666666666667,335.81,6.733333333333333,3.1,338.62416666666667,6.75,10.266666666666667,339.2711111111111,6.0,-1.0,343.98375,5.75,8.64,341.178,5.8,-1.0,338.33000000000004,5.0,24.1,346.85,6.0,-1.0,351.15999999999997,6.5,-1.0,356.015,4.0,False,True,False,False,False,False,False,False,False,False,False,False,False,False,False,False
5,-1,104.17,3,-1,107.35,7.0,14,118.42,110.0,15,122.38,52.0,18.0,134.49,36.0,12.028571428571428,222.8513210445469,66.27035330261137,12.041229656419528,226.86157323688968,52.7992766726944,12.037473233404711,230.39813704496785,41.95289079229122,10.877932960893855,238.12659217877098,30.310055865921786,10.177131782945736,246.79166666666666,17.75968992248062,11.51222222222222,258.64344444444447,11.255555555555556,8.044117647058824,272.95323529411763,6.6911764705882355,8.096153846153847,283.06673076923073,8.028846153846153,6.184810126582279,298.4777215189873,6.063291139240507,8.3,307.23758620689654,6.189655172413793,4.7215686274509805,309.68549019607843,5.901960784313726,9.057777777777778,315.7886666666667,6.133333333333334,11.286486486486487,315.82216216216216,6.513513513513513,3.771428571428572,320.53464285714284,6.642857142857143,12.416000000000002,329.7432,6.72,1.4857142857142858,335.1142857142857,5.857142857142857,5.626666666666667,335.81,6.733333333333333,3.1,338.62416666666667,6.75,10.266666666666667,339.2711111111111,6.0,-1.0,343.98375,5.75,8.64,341.178,5.8,-1.0,338.33000000000004,5.0,24.1,346.85,6.0,-1.0,351.15999999999997,6.5,-1.0,356.015,4.0,False,False,False,False,False,False,False,False,True,False,False,False,False,False,False,False
5,-1,163.29,3,6,168.62,44.0,7,172.61,13.0,8,176.43,5.0,9.0,180.86,31.0,12.028571428571428,222.8513210445469,66.27035330261137,12.041229656419528,226.86157323688968,52.7992766726944,12.037473233404711,230.39813704496785,41.95289079229122,10.877932960893855,238.12659217877098,30.310055865921786,10.177131782945736,246.79166666666666,17.75968992248062,11.51222222222222,258.64344444444447,11.255555555555556,8.044117647058824,272.95323529411763,6.6911764705882355,8.096153846153847,283.06673076923073,8.028846153846153,6.184810126582279,298.4777215189873,6.063291139240507,8.3,307.23758620689654,6.189655172413793,4.7215686274509805,309.68549019607843,5.901960784313726,9.057777777777778,315.7886666666667,6.133333333333334,11.286486486486487,315.82216216216216,6.513513513513513,3.771428571428572,320.53464285714284,6.642857142857143,12.416000000000002,329.7432,6.72,1.4857142857142858,335.1142857142857,5.857142857142857,5.626666666666667,335.81,6.733333333333333,3.1,338.62416666666667,6.75,10.266666666666667,339.2711111111111,6.0,-1.0,343.98375,5.75,8.64,341.178,5.8,-1.0,338.33000000000004,5.0,24.1,346.85,6.0,-1.0,351.15999999999997,6.5,-1.0,356.015,4.0,False,False,False,False,False,False,False,False,False,False,False,False,False,True,False,False
6,-1,210.32,3,7,211.09,4.0,-1,216.17,4.0,11,227.21,30.0,-1.0,228.86,4.0,12.0,231.31,50.0,12.041229656419528,226.86157323688968,52.7992766726944,12.037473233404711,230.39813704496785,41.95289079229122,10.877932960893855,238.12659217877098,30.310055865921786,10.177131782945736,246.79166666666666,17.75968992248062,11.51222222222222,258.64344444444447,11.255555555555556,8.044117647058824,272.95323529411763,6.6911764705882355,8.096153846153847,283.06673076923073,8.028846153846153,6.184810126582279,298.4777215189873,6.063291139240507,8.3,307.23758620689654,6.189655172413793,4.7215686274509805,309.68549019607843,5.901960784313726,9.057777777777778,315.7886666666667,6.133333333333334,11.286486486486487,315.82216216216216,6.513513513513513,3.771428571428572,320.53464285714284,6.642857142857143,12.416000000000002,329.7432,6.72,1.4857142857142858,335.1142857142857,5.857142857142857,5.626666666666667,335.81,6.733333333333333,3.1,338.62416666666667,6.75,10.266666666666667,339.2711111111111,6.0,-1.0,343.98375,5.75,8.64,341.178,5.8,-1.0,338.33000000000004,5.0,24.1,346.85,6.0,-1.0,351.15999999999997,6.5,-1.0,356.015,4.0,False,False,True,False,False,False,False,False,False,False,False,False,False,False,False,False
7,-1,249.64,2,-1,257.68,3.0,7,259.91,2.0,-1,264.21,3.0,11.0,275.22,12.0,12.0,279.29,12.0,-1.0,293.51,2.0,12.037473233404711,230.39813704496785,41.95289079229122,10.877932960893855,238.12659217877098,30.310055865921786,10.177131782945736,246.79166666666666,17.75968992248062,11.51222222222222,258.64344444444447,11.255555555555556,8.044117647058824,272.95323529411763,6.6911764705882355,8.096153846153847,283.06673076923073,8.028846153846153,6.184810126582279,298.4777215189873,6.063291139240507,8.3,307.23758620689654,6.189655172413793,4.7215686274509805,309.68549019607843,5.901960784313726,9.057777777777778,315.7886666666667,6.133333333333334,11.286486486486487,315.82216216216216,6.513513513513513,3.771428571428572,320.53464285714284,6.642857142857143,12.416000000000002,329.7432,6.72,1.4857142857142858,335.1142857142857,5.857142857142857,5.626666666666667,335.81,6.733333333333333,3.1,338.62416666666667,6.75,10.266666666666667,339.2711111111111,6.0,-1.0,343.98375,5.75,8.64,341.178,5.8,-1.0,338.33000000000004,5.0,24.1,346.85,6.0,-1.0,351.15999999999997,6.5,-1.0,356.015,4.0,False,False,False,True,False,False,False,False,False,False,False,False,False,False,False,False
9,-1,303.9,3,20,325.2,3.0,22,332.99,3.0,-1,337.94,3.0,-1.0,339.73,3.0,25.0,345.41,12.0,-1.0,347.98,2.0,27.0,353.66,3.0,-1.0,355.04,4.0,10.177131782945736,246.79166666666666,17.75968992248062,11.51222222222222,258.64344444444447,11.255555555555556,8.044117647058824,272.95323529411763,6.6911764705882355,8.096153846153847,283.06673076923073,8.028846153846153,6.184810126582279,298.4777215189873,6.063291139240507,8.3,307.23758620689654,6.189655172413793,4.7215686274509805,309.68549019607843,5.901960784313726,9.057777777777778,315.7886666666667,6.133333333333334,11.286486486486487,315.82216216216216,6.513513513513513,3.771428571428572,320.53464285714284,6.642857142857143,12.416000000000002,329.7432,6.72,1.4857142857142858,335.1142857142857,5.857142857142857,5.626666666666667,335.81,6.733333333333333,3.1,338.62416666666667,6.75,10.266666666666667,339.2711111111111,6.0,-1.0,343.98375,5.75,8.64,341.178,5.8,-1.0,338.33000000000004,5.0,24.1,346.85,6.0,-1.0,351.15999999999997,6.5,-1.0,356.015,4.0,False,False,False,False,False,False,False,True,False,False,False,False,False,False,False,False
6,-1,98.15,4,9.2,102.29,3.0,10,104.01,26.0,-1,110.84,7.0,13.0,116.29,48.0,14.0,120.32,21.0,12.041229656419528,226.86157323688968,52.7992766726944,12.037473233404711,230.39813704496785,41.95289079229122,10.877932960893855,238.12659217877098,30.310055865921786,10.177131782945736,246.79166666666666,17.75968992248062,11.51222222222222,258.64344444444447,11.255555555555556,8.044117647058824,272.95323529411763,6.6911764705882355,8.096153846153847,283.06673076923073,8.028846153846153,6.184810126582279,298.4777215189873,6.063291139240507,8.3,307.23758620689654,6.189655172413793,4.7215686274509805,309.68549019607843,5.901960784313726,9.057777777777778,315.7886666666667,6.133333333333334,11.286486486486487,315.82216216216216,6.513513513513513,3.771428571428572,320.53464285714284,6.642857142857143,12.416000000000002,329.7432,6.72,1.4857142857142858,335.1142857142857,5.857142857142857,5.626666666666667,335.81,6.733333333333333,3.1,338.62416666666667,6.75,10.266666666666667,339.2711111111111,6.0,-1.0,343.98375,5.75,8.64,341.178,5.8,-1.0,338.33000000000004,5.0,24.1,346.85,6.0,-1.0,351.15999999999997,6.5,-1.0,356.015,4.0,False,False,False,False,False,True,False,False,False,False,False,False,False,False,False,False
11,12,156.15,6,14,164.31,7.0,-1,165.41,5.0,15,168.28,8.0,16.0,172.27,66.0,18.0,180.43,27.0,-1.0,187.92,6.0,-1.0,189.73,8.0,-1.0,194.22,10.0,-1.0,195.17,7.0,25.0,208.52,9.0,8.044117647058824,272.95323529411763,6.6911764705882355,8.096153846153847,283.06673076923073,8.028846153846153,6.184810126582279,298.4777215189873,6.063291139240507,8.3,307.23758620689654,6.189655172413793,4.7215686274509805,309.68549019607843,5.901960784313726,9.057777777777778,315.7886666666667,6.133333333333334,11.286486486486487,315.82216216216216,6.513513513513513,3.771428571428572,320.53464285714284,6.642857142857143,12.416000000000002,329.7432,6.72,1.4857142857142858,335.1142857142857,5.857142857142857,5.626666666666667,335.81,6.733333333333333,3.1,338.62416666666667,6.75,10.266666666666667,339.2711111111111,6.0,-1.0,343.98375,5.75,8.64,341.178,5.8,-1.0,338.33000000000004,5.0,24.1,346.85,6.0,-1.0,351.15999999999997,6.5,-1.0,356.015,4.0,False,False,False,False,False,False,False,False,False,False,False,False,False,False,False,True
2,-1,215.91,5,8,228.78,66.0,,210.75846753246756,71.04545454545455,,216.6818641810919,87.4513981358189,11.362921348314606,219.41106741573032,77.95786516853933,12.028571428571428,222.8513210445469,66.27035330261137,12.041229656419528,226.86157323688968,52.7992766726944,12.037473233404711,230.39813704496785,41.95289079229122,10.877932960893855,238.12659217877098,30.310055865921786,10.177131782945736,246.79166666666666,17.75968992248062,11.51222222222222,258.64344444444447,11.255555555555556,8.044117647058824,272.95323529411763,6.6911764705882355,8.096153846153847,283.06673076923073,8.028846153846153,6.184810126582279,298.4777215189873,6.063291139240507,8.3,307.23758620689654,6.189655172413793,4.7215686274509805,309.68549019607843,5.901960784313726,9.057777777777778,315.7886666666667,6.133333333333334,11.286486486486487,315.82216216216216,6.513513513513513,3.771428571428572,320.53464285714284,6.642857142857143,12.416000000000002,329.7432,6.72,1.4857142857142858,335.1142857142857,5.857142857142857,5.626666666666667,335.81,6.733333333333333,3.1,338.62416666666667,6.75,10.266666666666667,339.2711111111111,6.0,-1.0,343.98375,5.75,8.64,341.178,5.8,-1.0,338.33000000000004,5.0,24.1,346.85,6.0,-1.0,351.15999999999997,6.5,-1.0,356.015,4.0,False,False,False,False,False,False,False,False,False,False,False,False,False,False,True,False
5,-1,261.66,5,15,293.07,16.0,19,308.64,7.0,-1,330.46,5.0,-1.0,331.72,5.0,12.028571428571428,222.8513210445469,66.27035330261137,12.041229656419528,226.86157323688968,52.7992766726944,12.037473233404711,230.39813704496785,41.95289079229122,10.877932960893855,238.12659217877098,30.310055865921786,10.177131782945736,246.79166666666666,17.75968992248062,11.51222222222222,258.64344444444447,11.255555555555556,8.044117647058824,272.95323529411763,6.6911764705882355,8.096153846153847,283.06673076923073,8.028846153846153,6.184810126582279,298.4777215189873,6.063291139240507,8.3,307.23758620689654,6.189655172413793,4.7215686274509805,309.68549019607843,5.901960784313726,9.057777777777778,315.7886666666667,6.133333333333334,11.286486486486487,315.82216216216216,6.513513513513513,3.771428571428572,320.53464285714284,6.642857142857143,12.416000000000002,329.7432,6.72,1.4857142857142858,335.1142857142857,5.857142857142857,5.626666666666667,335.81,6.733333333333333,3.1,338.62416666666667,6.75,10.266666666666667,339.2711111111111,6.0,-1.0,343.98375,5.75,8.64,341.178,5.8,-1.0,338.33000000000004,5.0,24.1,346.85,6.0,-1.0,351.15999999999997,6.5,-1.0,356.015,4.0,False,False,False,False,True,False,False,False,False,False,False,False,False,False,False,False
3,X,104.99,52,-1,109.54,8.0,Y,110.92,26.0,,216.6818641810919,87.4513981358189,11.362921348314606,219.41106741573032,77.95786516853933,12.028571428571428,222.8513210445469,66.27035330261137,12.041229656419528,226.86157323688968,52.7992766726944,12.037473233404711,230.39813704496785,41.95289079229122,10.877932960893855,238.12659217877098,30.310055865921786,10.177131782945736,246.79166666666666,17.75968992248062,11.51222222222222,258.64344444444447,11.255555555555556,8.044117647058824,272.95323529411763,6.6911764705882355,8.096153846153847,283.06673076923073,8.028846153846153,6.184810126582279,298.4777215189873,6.063291139240507,8.3,307.23758620689654,6.189655172413793,4.7215686274509805,309.68549019607843,5.901960784313726,9.057777777777778,315.7886666666667,6.133333333333334,11.286486486486487,315.82216216216216,6.513513513513513,3.771428571428572,320.53464285714284,6.642857142857143,12.416000000000002,329.7432,6.72,1.4857142857142858,335.1142857142857,5.857142857142857,5.626666666666667,335.81,6.733333333333333,3.1,338.62416666666667,6.75,10.266666666666667,339.2711111111111,6.0,-1.0,343.98375,5.75,8.64,341.178,5.8,-1.0,338.33000000000004,5.0,24.1,346.85,6.0,-1.0,351.15999999999997,6.5,-1.0,356.015,4.0,True,False,False,False,False,False,False,False,False,False,False,False,False,False,False,False
10,-1,130.18,10,-1,131.07,5.0,-1,147.07,4.0,11,149.01,24.0,12.0,152.91,18.0,13.0,157.09,18.0,14.0,161.27,26.0,-1.0,170.74,4.0,-1.0,171.25,4.0,-1.0,177.11,4.0,11.51222222222222,258.64344444444447,11.255555555555556,8.044117647058824,272.95323529411763,6.6911764705882355,8.096153846153847,283.06673076923073,8.028846153846153,6.184810126582279,298.4777215189873,6.063291139240507,8.3,307.23758620689654,6.189655172413793,4.7215686274509805,309.68549019607843,5.901960784313726,9.057777777777778,315.7886666666667,6.133333333333334,11.286486486486487,315.82216216216216,6.513513513513513,3.771428571428572,320.53464285714284,6.642857142857143,12.416000000000002,329.7432,6.72,1.4857142857142858,335.1142857142857,5.857142857142857,5.626666666666667,335.81,6.733333333333333,3.1,338.62416666666667,6.75,10.266666666666667,339.2711111111111,6.0,-1.0,343.98375,5.75,8.64,341.178,5.8,-1.0,338.33000000000004,5.0,24.1,346.85,6.0,-1.0,351.15999999999997,6.5,-1.0,356.015,4.0,False,False,False,False,False,False,False,False,False,True,False,False,False,False,False,False
12,-1,216.34,7,19,221.04,14.0,21,228.95,7.0,-1,232.01,6.0,22.0,233.32,24.0,26.0,249.64,23.0,28.0,257.94,5.0,29.2,263.59,5.0,-1.0,276.63,6.0,-1.0,307.32,7.0,49.2,344.49,5.0,-1.0,351.19,6.0,8.096153846153847,283.06673076923073,8.028846153846153,6.184810126582279,298.4777215189873,6.063291139240507,8.3,307.23758620689654,6.189655172413793,4.7215686274509805,309.68549019607843,5.901960784313726,9.057777777777778,315.7886666666667,6.133333333333334,11.286486486486487,315.82216216216216,6.513513513513513,3.771428571428572,320.53464285714284,6.642857142857143,12.416000000000002,329.7432,6.72,1.4857142857142858,335.1142857142857,5.857142857142857,5.626666666666667,335.81,6.733333333333333,3.1,338.62416666666667,6.75,10.266666666666667,339.2711111111111,6.0,-1.0,343.98375,5.75,8.64,341.178,5.8,-1.0,338.33000000000004,5.0,24.1,346.85,6.0,-1.0,351.15999999999997,6.5,-1.0,356.015,4.0,False,False,False,False,False,False,False,False,False,False,False,False,True,False,False,False
9,-1,114.16,3,9,125.71,4.0,-1,127.15,1.0,10,129.72,11.0,11.0,133.77,121.0,12.0,137.94,23.0,13.0,142.08,387.0,14.0,146.09,374.0,-1.0,177.89,4.0,10.177131782945736,246.79166666666666,17.75968992248062,11.51222222222222,258.64344444444447,11.255555555555556,8.044117647058824,272.95323529411763,6.6911764705882355,8.096153846153847,283.06673076923073,8.028846153846153,6.184810126582279,298.4777215189873,6.063291139240507,8.3,307.23758620689654,6.189655172413793,4.7215686274509805,309.68549019607843,5.901960784313726,9.057777777777778,315.7886666666667,6.133333333333334,11.286486486486487,315.82216216216216,6.513513513513513,3.771428571428572,320.53464285714284,6.642857142857143,12.416000000000002,329.7432,6.72,1.4857142857142858,335.1142857142857,5.857142857142857,5.626666666666667,335.81,6.733333333333333,3.1,338.62416666666667,6.75,10.266666666666667,339.2711111111111,6.0,-1.0,343.98375,5.75,8.64,341.178,5.8,-1.0,338.33000000000004,5.0,24.1,346.85,6.0,-1.0,351.15999999999997,6.5,-1.0,356.015,4.0,False,False,False,False,False,False,False,False,False,False,False,True,False,False,False,False
14,24,181.97,3,27,194.71,46.0,28,198.81,6.0,29,202.75,68.0,-1.0,203.83,2.0,30.0,206.76,68.0,30.2,208.44,4.0,31.0,210.71,67.0,31.2,212.65,38.0,32.2,216.78,59.0,33.0,218.69,2.0,-1.0,233.87,4.0,38.0,238.88,4.0,39.0,243.43,1.0,8.3,307.23758620689654,6.189655172413793,4.7215686274509805,309.68549019607843,5.901960784313726,9.057777777777778,315.7886666666667,6.133333333333334,11.286486486486487,315.82216216216216,6.513513513513513,3.771428571428572,320.53464285714284,6.642857142857143,12.416000000000002,329.7432,6.72,1.4857142857142858,335.1142857142857,5.857142857142857,5.626666666666667,335.81,6.733333333333333,3.1,338.62416666666667,6.75,10.266666666666667,339.2711111111111,6.0,-1.0,343.98375,5.75,8.64,341.178,5.8,-1.0,338.33000000000004,5.0,24.1,346.85,6.0,-1.0,351.15999999999997,6.5,-1.0,356.015,4.0,False,False,False,False,False,False,True,False,False,False,False,False,False,False,False,False
5,8,261.99,15,9,266.06,55.0,10,270.14,73.0,11,274.32,3.0,12.0,278.25,26.0,12.028571428571428,222.8513210445469,66.27035330261137,12.041229656419528,226.86157323688968,52.7992766726944,12.037473233404711,230.39813704496785,41.95289079229122,10.877932960893855,238.12659217877098,30.310055865921786,10.177131782945736,246.79166666666666,17.75968992248062,11.51222222222222,258.64344444444447,11.255555555555556,8.044117647058824,272.95323529411763,6.6911764705882355,8.096153846153847,283.06673076923073,8.028846153846153,6.184810126582279,298.4777215189873,6.063291139240507,8.3,307.23758620689654,6.189655172413793,4.7215686274509805,309.68549019607843,5.901960784313726,9.057777777777778,315.7886666666667,6.133333333333334,11.286486486486487,315.82216216216216,6.513513513513513,3.771428571428572,320.53464285714284,6.642857142857143,12.416000000000002,329.7432,6.72,1.4857142857142858,335.1142857142857,5.857142857142857,5.626666666666667,335.81,6.733333333333333,3.1,338.62416666666667,6.75,10.266666666666667,339.2711111111111,6.0,-1.0,343.98375,5.75,8.64,341.178,5.8,-1.0,338.33000000000004,5.0,24.1,346.85,6.0,-1.0,351.15999999999997,6.5,-1.0,356.015,4.0,False,False,False,False,False,False,False,False,False,False,True,False,False,False,False,False
5,-1,307.85,1,9,314.09,2.0,10,318.87,81.0,11,322.89,11.0,12.0,327.02,58.0,12.028571428571428,222.8513210445469,66.27035330261137,12.041229656419528,226.86157323688968,52.7992766726944,12.037473233404711,230.39813704496785,41.95289079229122,10.877932960893855,238.12659217877098,30.310055865921786,10.177131782945736,246.79166666666666,17.75968992248062,11.51222222222222,258.64344444444447,11.255555555555556,8.044117647058824,272.95323529411763,6.6911764705882355,8.096153846153847,283.06673076923073,8.028846153846153,6.184810126582279,298.4777215189873,6.063291139240507,8.3,307.23758620689654,6.189655172413793,4.7215686274509805,309.68549019607843,5.901960784313726,9.057777777777778,315.7886666666667,6.133333333333334,11.286486486486487,315.82216216216216,6.513513513513513,3.771428571428572,320.53464285714284,6.642857142857143,12.416000000000002,329.7432,6.72,1.4857142857142858,335.1142857142857,5.857142857142857,5.626666666666667,335.81,6.733333333333333,3.1,338.62416666666667,6.75,10.266666666666667,339.2711111111111,6.0,-1.0,343.98375,5.75,8.64,341.178,5.8,-1.0,338.33000000000004,5.0,24.1,346.85,6.0,-1.0,351.15999999999997,6.5,-1.0,356.015,4.0,False,True,False,False,False,False,False,False,False,False,False,False,False,False,False,False
5,-1,98.48,3,14,118.37,625.0,15,122.29,378.0,17,130.45,14.0,18.0,134.5,150.0,12.028571428571428,222.8513210445469,66.27035330261137,12.041229656419528,226.86157323688968,52.7992766726944,12.037473233404711,230.39813704496785,41.95289079229122,10.877932960893855,238.12659217877098,30.310055865921786,10.177131782945736,246.79166666666666,17.75968992248062,11.51222222222222,258.64344444444447,11.255555555555556,8.044117647058824,272.95323529411763,6.6911764705882355,8.096153846153847,283.06673076923073,8.028846153846153,6.184810126582279,298.4777215189873,6.063291139240507,8.3,307.23758620689654,6.189655172413793,4.7215686274509805,309.68549019607843,5.901960784313726,9.057777777777778,315.7886666666667,6.133333333333334,11.286486486486487,315.82216216216216,6.513513513513513,3.771428571428572,320.53464285714284,6.642857142857143,12.416000000000002,329.7432,6.72,1.4857142857142858,335.1142857142857,5.857142857142857,5.626666666666667,335.81,6.733333333333333,3.1,338.62416666666667,6.75,10.266666666666667,339.2711111111111,6.0,-1.0,343.98375,5.75,8.64,341.178,5.8,-1.0,338.33000000000004,5.0,24.1,346.85,6.0,-1.0,351.15999999999997,6.5,-1.0,356.015,4.0,False,False,False,False,False,False,False,False,True,False,False,False,False,False,False,False
6,6,168.63,158,7,172.75,266.0,8,176.71,13.0,9,180.86,414.0,-1.0,186.16,4.0,-1.0,201.08,3.0,12.041229656419528,226.86157323688968,52.7992766726944,12.037473233404711,230.39813704496785,41.95289079229122,10.877932960893855,238.12659217877098,30.310055865921786,10.177131782945736,246.79166666666666,17.75968992248062,11.51222222222222,258.64344444444447,11.255555555555556,8.044117647058824,272.95323529411763,6.6911764705882355,8.096153846153847,283.06673076923073,8.028846153846153,6.184810126582279,298.4777215189873,6.063291139240507,8.3,307.23758620689654,6.189655172413793,4.7215686274509805,309.68549019607843,5.901960784313726,9.057777777777778,315.7886666666667,6.133333333333334,11.286486486486487,315.82216216216216,6.513513513513513,3.771428571428572,320.53464285714284,6.642857142857143,12.416000000000002,329.7432,6.72,1.4857142857142858,335.1142857142857,5.857142857142857,5.626666666666667,335.81,6.733333333333333,3.1,338.62416666666667,6.75,10.266666666666667,339.2711111111111,6.0,-1.0,343.98375,5.75,8.64,341.178,5.8,-1.0,338.33000000000004,5.0,24.1,346.85,6.0,-1.0,351.15999999999997,6.5,-1.0,356.015,4.0,False,False,False,False,False,False,False,False,False,False,False,False,False,True,False,False
5,-1,218.43,3,10,223.1,7.0,11,227.23,91.0,12,231.28,355.0,-1.0,236.29,4.0,12.028571428571428,222.8513210445469,66.27035330261137,12.041229656419528,226.86157323688968,52.7992766726944,12.037473233404711,230.39813704496785,41.95289079229122,10.877932960893855,238.12659217877098,30.310055865921786,10.177131782945736,246.79166666666666,17.75968992248062,11.51222222222222,258.64344444444447,11.255555555555556,8.044117647058824,272.95323529411763,6.6911764705882355,8.096153846153847,283.06673076923073,8.028846153846153,6.184810126582279,298.4777215189873,6.063291139240507,8.3,307.23758620689654,6.189655172413793,4.7215686274509805,309.68549019607843,5.901960784313726,9.057777777777778,315.7886666666667,6.133333333333334,11.286486486486487,315.82216216216216,6.513513513513513,3.771428571428572,320.53464285714284,6.642857142857143,12.416000000000002,329.7432,6.72,1.4857142857142858,335.1142857142857,5.857142857142857,5.626666666666667,335.81,6.733333333333333,3.1,338.62416666666667,6.75,10.266666666666667,339.2711111111111,6.0,-1.0,343.98375,5.75,8.64,341.178,5.8,-1.0,338.33000000000004,5.0,24.1,346.85,6.0,-1.0,351.15999999999997,6.5,-1.0,356.015,4.0,False,False,True,False,False,False,False,False,False,False,False,False,False,False,False,False
5,-1,257.72,6,9,267.27,41.0,11,275.37,79.0,12,279.3,150.0,13.0,283.28,56.0,12.028571428571428,222.8513210445469,66.27035330261137,12.041229656419528,226.86157323688968,52.7992766726944,12.037473233404711,230.39813704496785,41.95289079229122,10.877932960893855,238.12659217877098,30.310055865921786,10.177131782945736,246.79166666666666,17.75968992248062,11.51222222222222,258.64344444444447,11.255555555555556,8.044117647058824,272.95323529411763,6.6911764705882355,8.096153846153847,283.06673076923073,8.028846153846153,6.184810126582279,298.4777215189873,6.063291139240507,8.3,307.23758620689654,6.189655172413793,4.7215686274509805,309.68549019607843,5.901960784313726,9.057777777777778,315.7886666666667,6.133333333333334,11.286486486486487,315.82216216216216,6.513513513513513,3.771428571428572,320.53464285714284,6.642857142857143,12.416000000000002,329.7432,6.72,1.4857142857142858,335.1142857142857,5.857142857142857,5.626666666666667,335.81,6.733333333333333,3.1,338.62416666666667,6.75,10.266666666666667,339.2711111111111,6.0,-1.0,343.98375,5.75,8.64,341.178,5.8,-1.0,338.33000000000004,5.0,24.1,346.85,6.0,-1.0,351.15999999999997,6.5,-1.0,356.015,4.0,False,False,False,True,False,False,False,False,False,False,False,False,False,False,False,False
9,-1,308.02,4,17,312.76,21.0,-1,320.27,3.0,-1,324.15,2.0,22.0,333.33,4.0,23.0,337.29,14.0,24.0,341.26,48.0,25.0,345.29,118.0,-1.0,350.49,3.0,10.177131782945736,246.79166666666666,17.75968992248062,11.51222222222222,258.64344444444447,11.255555555555556,8.044117647058824,272.95323529411763,6.6911764705882355,8.096153846153847,283.06673076923073,8.028846153846153,6.184810126582279,298.4777215189873,6.063291139240507,8.3,307.23758620689654,6.189655172413793,4.7215686274509805,309.68549019607843,5.901960784313726,9.057777777777778,315.7886666666667,6.133333333333334,11.286486486486487,315.82216216216216,6.513513513513513,3.771428571428572,320.53464285714284,6.642857142857143,12.416000000000002,329.7432,6.72,1.4857142857142858,335.1142857142857,5.857142857142857,5.626666666666667,335.81,6.733333333333333,3.1,338.62416666666667,6.75,10.266666666666667,339.2711111111111,6.0,-1.0,343.98375,5.75,8.64,341.178,5.8,-1.0,338.33000000000004,5.0,24.1,346.85,6.0,-1.0,351.15999999999997,6.5,-1.0,356.015,4.0,False,False,False,False,False,False,False,True,False,False,False,False,False,False,False,False
9,9,99.68,10,10,104.07,130.0,12,112.23,20.0,-1,113.44,6.0,13.0,116.26,294.0,14.0,120.16,102.0,14.2,122.21,217.0,15.0,124.12,104.0,-1.0,131.42,4.0,10.177131782945736,246.79166666666666,17.75968992248062,11.51222222222222,258.64344444444447,11.255555555555556,8.044117647058824,272.95323529411763,6.6911764705882355,8.096153846153847,283.06673076923073,8.028846153846153,6.184810126582279,298.4777215189873,6.063291139240507,8.3,307.23758620689654,6.189655172413793,4.7215686274509805,309.68549019607843,5.901960784313726,9.057777777777778,315.7886666666667,6.133333333333334,11.286486486486487,315.82216216216216,6.513513513513513,3.771428571428572,320.53464285714284,6.642857142857143,12.416000000000002,329.7432,6.72,1.4857142857142858,335.1142857142857,5.857142857142857,5.626666666666667,335.81,6.733333333333333,3.1,338.62416666666667,6.75,10.266666666666667,339.2711111111111,6.0,-1.0,343.98375,5.75,8.64,341.178,5.8,-1.0,338.33000000000004,5.0,24.1,346.85,6.0,-1.0,351.15999999999997,6.5,-1.0,356.015,4.0,False,False,False,False,False,True,False,False,False,False,False,False,False,False,False,False
9,-1,165.36,4,-1,166.28,6.0,15,168.13,29.0,16,172.25,399.0,17.0,176.29,39.0,18.0,180.34,62.0,18.2,182.31,6.0,-1.0,185.73,6.0,-1.0,199.32,6.0,10.177131782945736,246.79166666666666,17.75968992248062,11.51222222222222,258.64344444444447,11.255555555555556,8.044117647058824,272.95323529411763,6.6911764705882355,8.096153846153847,283.06673076923073,8.028846153846153,6.184810126582279,298.4777215189873,6.063291139240507,8.3,307.23758620689654,6.189655172413793,4.7215686274509805,309.68549019607843,5.901960784313726,9.057777777777778,315.7886666666667,6.133333333333334,11.286486486486487,315.82216216216216,6.513513513513513,3.771428571428572,320.53464285714284,6.642857142857143,12.416000000000002,329.7432,6.72,1.4857142857142858,335.1142857142857,5.857142857142857,5.626666666666667,335.81,6.733333333333333,3.1,338.62416666666667,6.75,10.266666666666667,339.2711111111111,6.0,-1.0,343.98375,5.75,8.64,341.178,5.8,-1.0,338.33000000000004,5.0,24.1,346.85,6.0,-1.0,351.15999999999997,6.5,-1.0,356.015,4.0,False,False,False,False,False,False,False,False,False,False,False,False,False,False,False,True
5,-1,221.38,4,8,228.87,189.0,9,232.83,61.0,10,236.98,48.0,-1.0,238.27,8.0,12.028571428571428,222.8513210445469,66.27035330261137,12.041229656419528,226.86157323688968,52.7992766726944,12.037473233404711,230.39813704496785,41.95289079229122,10.877932960893855,238.12659217877098,30.310055865921786,10.177131782945736,246.79166666666666,17.75968992248062,11.51222222222222,258.64344444444447,11.255555555555556,8.044117647058824,272.95323529411763,6.6911764705882355,8.096153846153847,283.06673076923073,8.028846153846153,6.184810126582279,298.4777215189873,6.063291139240507,8.3,307.23758620689654,6.189655172413793,4.7215686274509805,309.68549019607843,5.901960784313726,9.057777777777778,315.7886666666667,6.133333333333334,11.286486486486487,315.82216216216216,6.513513513513513,3.771428571428572,320.53464285714284,6.642857142857143,12.416000000000002,329.7432,6.72,1.4857142857142858,335.1142857142857,5.857142857142857,5.626666666666667,335.81,6.733333333333333,3.1,338.62416666666667,6.75,10.266666666666667,339.2711111111111,6.0,-1.0,343.98375,5.75,8.64,341.178,5.8,-1.0,338.33000000000004,5.0,24.1,346.85,6.0,-1.0,351.15999999999997,6.5,-1.0,356.015,4.0,False,False,False,False,False,False,False,False,False,False,False,False,False,False,True,False
11,7,260.6,4,-1,272.4,4.0,-1,274.23,6.0,12,280.86,11.0,13.0,285.09,45.0,15.0,293.11,23.0,17.0,301.09,24.0,18.0,305.18,16.0,19.0,309.42,7.0,21.2,319.43,6.0,26.0,337.46,6.0,8.044117647058824,272.95323529411763,6.6911764705882355,8.096153846153847,283.06673076923073,8.028846153846153,6.184810126582279,298.4777215189873,6.063291139240507,8.3,307.23758620689654,6.189655172413793,4.7215686274509805,309.68549019607843,5.901960784313726,9.057777777777778,315.7886666666667,6.133333333333334,11.286486486486487,315.82216216216216,6.513513513513513,3.771428571428572,320.53464285714284,6.642857142857143,12.416000000000002,329.7432,6.72,1.4857142857142858,335.1142857142857,5.857142857142857,5.626666666666667,335.81,6.733333333333333,3.1,338.62416666666667,6.75,10.266666666666667,339.2711111111111,6.0,-1.0,343.98375,5.75,8.64,341.178,5.8,-1.0,338.33000000000004,5.0,24.1,346.85,6.0,-1.0,351.15999999999997,6.5,-1.0,356.015,4.0,False,False,False,False,True,False,False,False,False,False,False,False,False,False,False,False
2,X,104.96,480,Y,110.86,419.0,,210.75846753246756,71.04545454545455,,216.6818641810919,87.4513981358189,11.362921348314606,219.41106741573032,77.95786516853933,12.028571428571428,222.8513210445469,66.27035330261137,12.041229656419528,226.86157323688968,52.7992766726944,12.037473233404711,230.39813704496785,41.95289079229122,10.877932960893855,238.12659217877098,30.310055865921786,10.177131782945736,246.79166666666666,17.75968992248062,11.51222222222222,258.64344444444447,11.255555555555556,8.044117647058824,272.95323529411763,6.6911764705882355,8.096153846153847,283.06673076923073,8.028846153846153,6.184810126582279,298.4777215189873,6.063291139240507,8.3,307.23758620689654,6.189655172413793,4.7215686274509805,309.68549019607843,5.901960784313726,9.057777777777778,315.7886666666667,6.133333333333334,11.286486486486487,315.82216216216216,6.513513513513513,3.771428571428572,320.53464285714284,6.642857142857143,12.416000000000002,329.7432,6.72,1.4857142857142858,335.1142857142857,5.857142857142857,5.626666666666667,335.81,6.733333333333333,3.1,338.62416666666667,6.75,10.266666666666667,339.2711111111111,6.0,-1.0,343.98375,5.75,8.64,341.178,5.8,-1.0,338.33000000000004,5.0,24.1,346.85,6.0,-1.0,351.15999999999997,6.5,-1.0,356.015,4.0,True,False,False,False,False,False,False,False,False,False,False,False,False,False,False,False
10,-1,125.79,6,-1,126.27,5.0,-1,131.74,8.0,8,136.38,5.0,11.0,148.94,156.0,12.0,153.06,212.0,13.0,157.12,87.0,-1.0,158.81,5.0,14.0,161.26,76.0,16.0,169.05,10.0,11.51222222222222,258.64344444444447,11.255555555555556,8.044117647058824,272.95323529411763,6.6911764705882355,8.096153846153847,283.06673076923073,8.028846153846153,6.184810126582279,298.4777215189873,6.063291139240507,8.3,307.23758620689654,6.189655172413793,4.7215686274509805,309.68549019607843,5.901960784313726,9.057777777777778,315.7886666666667,6.133333333333334,11.286486486486487,315.82216216216216,6.513513513513513,3.771428571428572,320.53464285714284,6.642857142857143,12.416000000000002,329.7432,6.72,1.4857142857142858,335.1142857142857,5.857142857142857,5.626666666666667,335.81,6.733333333333333,3.1,338.62416666666667,6.75,10.266666666666667,339.2711111111111,6.0,-1.0,343.98375,5.75,8.64,341.178,5.8,-1.0,338.33000000000004,5.0,24.1,346.85,6.0,-1.0,351.15999999999997,6.5,-1.0,356.015,4.0,False,False,False,False,False,False,False,False,False,True,False,False,False,False,False,False
21,-1,212.23,3,19,220.95,42.0,20,225.25,9.0,-1,225.94,9.0,21.0,229.13,42.0,22.0,233.18,62.0,25.0,245.45,39.0,25.2,247.29,4.0,26.0,249.65,40.0,27.0,253.57,26.0,29.2,263.2,9.0,-1.0,264.76,3.0,30.0,265.71,6.0,-1.0,276.5,6.0,-1.0,288.28,2.0,-1.0,290.35,5.0,-1.0,295.44,8.0,-1.0,308.11,6.0,-1.0,317.27,5.0,46.2,332.18,3.0,-1.0,356.86,4.0,5.626666666666667,335.81,6.733333333333333,3.1,338.62416666666667,6.75,10.266666666666667,339.2711111111111,6.0,-1.0,343.98375,5.75,8.64,341.178,5.8,-1.0,338.33000000000004,5.0,24.1,346.85,6.0,-1.0,351.15999999999997,6.5,-1.0,356.015,4.0,False,False,False,False,False,False,False,False,False,False,False,False,True,False,False,False
12,-1,114.94,2,7,117.51,3.0,-1,123.8,9.0,10,129.8,7.0,-1.0,131.58,2.0,11.0,133.77,119.0,12.0,137.94,14.0,-1.0,139.34,2.0,13.0,142.08,259.0,14.0,146.26,139.0,-1.0,147.6,3.0,-1.0,174.3,2.0,8.096153846153847,283.06673076923073,8.028846153846153,6.184810126582279,298.4777215189873,6.063291139240507,8.3,307.23758620689654,6.189655172413793,4.7215686274509805,309.68549019607843,5.901960784313726,9.057777777777778,315.7886666666667,6.133333333333334,11.286486486486487,315.82216216216216,6.513513513513513,3.771428571428572,320.53464285714284,6.642857142857143,12.416000000000002,329.7432,6.72,1.4857142857142858,335.1142857142857,5.857142857142857,5.626666666666667,335.81,6.733333333333333,3.1,338.62416666666667,6.75,10.266666666666667,339.2711111111111,6.0,-1.0,343.98375,5.75,8.64,341.178,5.8,-1.0,338.33000000000004,5.0,24.1,346.85,6.0,-1.0,351.15999999999997,6.5,-1.0,356.015,4.0,False,False,False,False,False,False,False,False,False,False,False,True,False,False,False,False
12,27,194.72,13,27.2,196.76,1.0,-1,199.91,1.0,29,202.69,23.0,30.0,206.82,47.0,31.0,210.7,16.0,31.2,212.82,37.0,32.0,214.86,2.0,32.2,216.74,20.0,37.0,234.73,3.0,38.0,238.7,2.0,-1.0,242.2,3.0,8.096153846153847,283.06673076923073,8.028846153846153,6.184810126582279,298.4777215189873,6.063291139240507,8.3,307.23758620689654,6.189655172413793,4.7215686274509805,309.68549019607843,5.901960784313726,9.057777777777778,315.7886666666667,6.133333333333334,11.286486486486487,315.82216216216216,6.513513513513513,3.771428571428572,320.53464285714284,6.642857142857143,12.416000000000002,329.7432,6.72,1.4857142857142858,335.1142857142857,5.857142857142857,5.626666666666667,335.81,6.733333333333333,3.1,338.62416666666667,6.75,10.266666666666667,339.2711111111111,6.0,-1.0,343.98375,5.75,8.64,341.178,5.8,-1.0,338.33000000000004,5.0,24.1,346.85,6.0,-1.0,351.15999999999997,6.5,-1.0,356.015,4.0,False,False,False,False,False,False,True,False,False,False,False,False,False,False,False,False
4,8,261.98,9,9,266.12,36.0,10,270.19,56.0,12,278.17,22.0,11.362921348314606,219.41106741573032,77.95786516853933,12.028571428571428,222.8513210445469,66.27035330261137,12.041229656419528,226.86157323688968,52.7992766726944,12.037473233404711,230.39813704496785,41.95289079229122,10.877932960893855,238.12659217877098,30.310055865921786,10.177131782945736,246.79166666666666,17.75968992248062,11.51222222222222,258.64344444444447,11.255555555555556,8.044117647058824,272.95323529411763,6.6911764705882355,8.096153846153847,283.06673076923073,8.028846153846153,6.184810126582279,298.4777215189873,6.063291139240507,8.3,307.23758620689654,6.189655172413793,4.7215686274509805,309.68549019607843,5.901960784313726,9.057777777777778,315.7886666666667,6.133333333333334,11.286486486486487,315.82216216216216,6.513513513513513,3.771428571428572,320.53464285714284,6.642857142857143,12.416000000000002,329.7432,6.72,1.4857142857142858,335.1142857142857,5.857142857142857,5.626666666666667,335.81,6.733333333333333,3.1,338.62416666666667,6.75,10.266666666666667,339.2711111111111,6.0,-1.0,343.98375,5.75,8.64,341.178,5.8,-1.0,338.33000000000004,5.0,24.1,346.85,6.0,-1.0,351.15999999999997,6.5,-1.0,356.015,4.0,False,False,False,False,False,False,False,False,False,False,True,False,False,False,False,False
5,-1,300.76,1,9,314.74,5.0,10,318.8,34.0,11,322.42,2.0,12.0,326.87,52.0,12.028571428571428,222.8513210445469,66.27035330261137,12.041229656419528,226.86157323688968,52.7992766726944,12.037473233404711,230.39813704496785,41.95289079229122,10.877932960893855,238.12659217877098,30.310055865921786,10.177131782945736,246.79166666666666,17.75968992248062,11.51222222222222,258.64344444444447,11.255555555555556,8.044117647058824,272.95323529411763,6.6911764705882355,8.096153846153847,283.06673076923073,8.028846153846153,6.184810126582279,298.4777215189873,6.063291139240507,8.3,307.23758620689654,6.189655172413793,4.7215686274509805,309.68549019607843,5.901960784313726,9.057777777777778,315.7886666666667,6.133333333333334,11.286486486486487,315.82216216216216,6.513513513513513,3.771428571428572,320.53464285714284,6.642857142857143,12.416000000000002,329.7432,6.72,1.4857142857142858,335.1142857142857,5.857142857142857,5.626666666666667,335.81,6.733333333333333,3.1,338.62416666666667,6.75,10.266666666666667,339.2711111111111,6.0,-1.0,343.98375,5.75,8.64,341.178,5.8,-1.0,338.33000000000004,5.0,24.1,346.85,6.0,-1.0,351.15999999999997,6.5,-1.0,356.015,4.0,False,True,False,False,False,False,False,False,False,False,False,False,False,False,False,False
9,-1,101.3,4,14,118.36,373.0,15,122.29,174.0,-1,127.79,4.0,17.0,130.53,15.0,18.0,134.5,166.0,18.2,136.38,2.0,-1.0,137.78,4.0,-1.0,139.92,4.0,10.177131782945736,246.79166666666666,17.75968992248062,11.51222222222222,258.64344444444447,11.255555555555556,8.044117647058824,272.95323529411763,6.6911764705882355,8.096153846153847,283.06673076923073,8.028846153846153,6.184810126582279,298.4777215189873,6.063291139240507,8.3,307.23758620689654,6.189655172413793,4.7215686274509805,309.68549019607843,5.901960784313726,9.057777777777778,315.7886666666667,6.133333333333334,11.286486486486487,315.82216216216216,6.513513513513513,3.771428571428572,320.53464285714284,6.642857142857143,12.416000000000002,329.7432,6.72,1.4857142857142858,335.1142857142857,5.857142857142857,5.626666666666667,335.81,6.733333333333333,3.1,338.62416666666667,6.75,10.266666666666667,339.2711111111111,6.0,-1.0,343.98375,5.75,8.64,341.178,5.8,-1.0,338.33000000000004,5.0,24.1,346.85,6.0,-1.0,351.15999999999997,6.5,-1.0,356.015,4.0,False,False,False,False,False,False,False,False,True,False,False,False,False,False,False,False
9,-1,163.17,3,6,168.69,192.0,7,172.79,177.0,8,176.73,6.0,9.0,180.85,278.0,10.0,184.51,7.0,-1.0,186.29,6.0,-1.0,191.82,4.0,-1.0,199.57,3.0,10.177131782945736,246.79166666666666,17.75968992248062,11.51222222222222,258.64344444444447,11.255555555555556,8.044117647058824,272.95323529411763,6.6911764705882355,8.096153846153847,283.06673076923073,8.028846153846153,6.184810126582279,298.4777215189873,6.063291139240507,8.3,307.23758620689654,6.189655172413793,4.7215686274509805,309.68549019607843,5.901960784313726,9.057777777777778,315.7886666666667,6.133333333333334,11.286486486486487,315.82216216216216,6.513513513513513,3.771428571428572,320.53464285714284,6.642857142857143,12.416000000000002,329.7432,6.72,1.4857142857142858,335.1142857142857,5.857142857142857,5.626666666666667,335.81,6.733333333333333,3.1,338.62416666666667,6.75,10.266666666666667,339.2711111111111,6.0,-1.0,343.98375,5.75,8.64,341.178,5.8,-1.0,338.33000000000004,5.0,24.1,346.85,6.0,-1.0,351.15999999999997,6.5,-1.0,356.015,4.0,False,False,False,False,False,False,False,False,False,False,False,False,False,True,False,False
7,-1,205.38,2,-1,212.14,2.0,-1,216.57,3.0,-1,217.51,3.0,11.0,227.17,35.0,12.0,231.21,287.0,-1.0,241.5,3.0,12.037473233404711,230.39813704496785,41.95289079229122,10.877932960893855,238.12659217877098,30.310055865921786,10.177131782945736,246.79166666666666,17.75968992248062,11.51222222222222,258.64344444444447,11.255555555555556,8.044117647058824,272.95323529411763,6.6911764705882355,8.096153846153847,283.06673076923073,8.028846153846153,6.184810126582279,298.4777215189873,6.063291139240507,8.3,307.23758620689654,6.189655172413793,4.7215686274509805,309.68549019607843,5.901960784313726,9.057777777777778,315.7886666666667,6.133333333333334,11.286486486486487,315.82216216216216,6.513513513513513,3.771428571428572,320.53464285714284,6.642857142857143,12.416000000000002,329.7432,6.72,1.4857142857142858,335.1142857142857,5.857142857142857,5.626666666666667,335.81,6.733333333333333,3.1,338.62416666666667,6.75,10.266666666666667,339.2711111111111,6.0,-1.0,343.98375,5.75,8.64,341.178,5.8,-1.0,338.33000000000004,5.0,24.1,346.85,6.0,-1.0,351.15999999999997,6.5,-1.0,356.015,4.0,False,False,True,False,False,False,False,False,False,False,False,False,False,False,False,False
7,-1,264.48,3,-1,265.95,4.0,9,267.42,11.0,10,271.49,3.0,11.0,275.3,33.0,12.0,279.3,109.0,13.0,283.28,38.0,12.037473233404711,230.39813704496785,41.95289079229122,10.877932960893855,238.12659217877098,30.310055865921786,10.177131782945736,246.79166666666666,17.75968992248062,11.51222222222222,258.64344444444447,11.255555555555556,8.044117647058824,272.95323529411763,6.6911764705882355,8.096153846153847,283.06673076923073,8.028846153846153,6.184810126582279,298.4777215189873,6.063291139240507,8.3,307.23758620689654,6.189655172413793,4.7215686274509805,309.68549019607843,5.901960784313726,9.057777777777778,315.7886666666667,6.133333333333334,11.286486486486487,315.82216216216216,6.513513513513513,3.771428571428572,320.53464285714284,6.642857142857143,12.416000000000002,329.7432,6.72,1.4857142857142858,335.1142857142857,5.857142857142857,5.626666666666667,335.81,6.733333333333333,3.1,338.62416666666667,6.75,10.266666666666667,339.2711111111111,6.0,-1.0,343.98375,5.75,8.64,341.178,5.8,-1.0,338.33000000000004,5.0,24.1,346.85,6.0,-1.0,351.15999999999997,6.5,-1.0,356.015,4.0,False,False,False,True,False,False,False,False,False,False,False,False,False,False,False,False
14,-1,307.78,4,16,309.08,4.0,-1,310.39,4.0,17,312.76,35.0,-1.0,320.09,3.0,-1.0,321.61,3.0,21.0,328.91,4.0,23.0,337.2,33.0,-1.0,340.0,3.0,24.0,341.25,10.0,25.0,345.2,77.0,26.0,349.59,3.0,-1.0,359.1,2.0,-1.0,363.9,2.0,8.3,307.23758620689654,6.189655172413793,4.7215686274509805,309.68549019607843,5.901960784313726,9.057777777777778,315.7886666666667,6.133333333333334,11.286486486486487,315.82216216216216,6.513513513513513,3.771428571428572,320.53464285714284,6.642857142857143,12.416000000000002,329.7432,6.72,1.4857142857142858,335.1142857142857,5.857142857142857,5.626666666666667,335.81,6.733333333333333,3.1,338.62416666666667,6.75,10.266666666666667,339.2711111111111,6.0,-1.0,343.98375,5.75,8.64,341.178,5.8,-1.0,338.33000000000004,5.0,24.1,346.85,6.0,-1.0,351.15999999999997,6.5,-1.0,356.015,4.0,False,False,False,False,False,False,False,True,False,False,False,False,False,False,False,False
11,9,99.68,6,10,104.05,103.0,12,112.08,12.0,13,116.26,167.0,14.0,120.16,83.0,14.2,122.29,107.0,15.0,124.2,69.0,15.2,126.19,5.0,-1.0,135.4,6.0,18.0,136.22,5.0,18.2,138.35,6.0,8.044117647058824,272.95323529411763,6.6911764705882355,8.096153846153847,283.06673076923073,8.028846153846153,6.184810126582279,298.4777215189873,6.063291139240507,8.3,307.23758620689654,6.189655172413793,4.7215686274509805,309.68549019607843,5.901960784313726,9.057777777777778,315.7886666666667,6.133333333333334,11.286486486486487,315.82216216216216,6.513513513513513,3.771428571428572,320.53464285714284,6.642857142857143,12.416000000000002,329.7432,6.72,1.4857142857142858,335.1142857142857,5.857142857142857,5.626666666666667,335.81,6.733333333333333,3.1,338.62416666666667,6.75,10.266666666666667,339.2711111111111,6.0,-1.0,343.98375,5.75,8.64,341.178,5.8,-1.0,338.33000000000004,5.0,24.1,346.85,6.0,-1.0,351.15999999999997,6.5,-1.0,356.015,4.0,False,False,False,False,False,True,False,False,False,False,False,False,False,False,False,False
10,-1,156.7,7,-1,167.27,3.0,16,172.29,140.0,17,176.31,34.0,18.0,180.34,84.0,-1.0,187.99,5.0,-1.0,193.53,5.0,-1.0,198.89,4.0,-1.0,201.77,7.0,-1.0,202.69,8.0,11.51222222222222,258.64344444444447,11.255555555555556,8.044117647058824,272.95323529411763,6.6911764705882355,8.096153846153847,283.06673076923073,8.028846153846153,6.184810126582279,298.4777215189873,6.063291139240507,8.3,307.23758620689654,6.189655172413793,4.7215686274509805,309.68549019607843,5.901960784313726,9.057777777777778,315.7886666666667,6.133333333333334,11.286486486486487,315.82216216216216,6.513513513513513,3.771428571428572,320.53464285714284,6.642857142857143,12.416000000000002,329.7432,6.72,1.4857142857142858,335.1142857142857,5.857142857142857,5.626666666666667,335.81,6.733333333333333,3.1,338.62416666666667,6.75,10.266666666666667,339.2711111111111,6.0,-1.0,343.98375,5.75,8.64,341.178,5.8,-1.0,338.33000000000004,5.0,24.1,346.85,6.0,-1.0,351.15999999999997,6.5,-1.0,356.015,4.0,False,False,False,False,False,False,False,False,False,False,False,False,False,False,False,True
6,-1,219.83,5,-1,222.39,6.0,8,228.8,174.0,9,232.93,28.0,10.0,236.89,43.0,-1.0,242.38,5.0,12.041229656419528,226.86157323688968,52.7992766726944,12.037473233404711,230.39813704496785,41.95289079229122,10.877932960893855,238.12659217877098,30.310055865921786,10.177131782945736,246.79166666666666,17.75968992248062,11.51222222222222,258.64344444444447,11.255555555555556,8.044117647058824,272.95323529411763,6.6911764705882355,8.096153846153847,283.06673076923073,8.028846153846153,6.184810126582279,298.4777215189873,6.063291139240507,8.3,307.23758620689654,6.189655172413793,4.7215686274509805,309.68549019607843,5.901960784313726,9.057777777777778,315.7886666666667,6.133333333333334,11.286486486486487,315.82216216216216,6.513513513513513,3.771428571428572,320.53464285714284,6.642857142857143,12.416000000000002,329.7432,6.72,1.4857142857142858,335.1142857142857,5.857142857142857,5.626666666666667,335.81,6.733333333333333,3.1,338.62416666666667,6.75,10.266666666666667,339.2711111111111,6.0,-1.0,343.98375,5.75,8.64,341.178,5.8,-1.0,338.33000000000004,5.0,24.1,346.85,6.0,-1.0,351.15999999999997,6.5,-1.0,356.015,4.0,False,False,False,False,False,False,False,False,False,False,False,False,False,False,True,False
15,-1,264.22,8,-1,265.6,7.0,-1,266.81,7.0,12,281.21,12.0,-1.0,288.36,3.0,15.0,293.19,15.0,16.0,297.24,6.0,17.0,301.27,7.0,-1.0,302.63,2.0,19.2,311.53,5.0,22.0,322.15,6.0,-1.0,327.05,7.0,24.0,330.24,6.0,-1.0,331.83,4.0,26.0,337.46,6.0,4.7215686274509805,309.68549019607843,5.901960784313726,9.057777777777778,315.7886666666667,6.133333333333334,11.286486486486487,315.82216216216216,6.513513513513513,3.771428571428572,320.53464285714284,6.642857142857143,12.416000000000002,329.7432,6.72,1.4857142857142858,335.1142857142857,5.857142857142857,5.626666666666667,335.81,6.733333333333333,3.1,338.62416666666667,6.75,10.266666666666667,339.2711111111111,6.0,-1.0,343.98375,5.75,8.64,341.178,5.8,-1.0,338.33000000000004,5.0,24.1,346.85,6.0,-1.0,351.15999999999997,6.5,-1.0,356.015,4.0,False,False,False,False,True,False,False,False,False,False,False,False,False,False,False,False
2,X,104.93,362,Y,110.88,227.0,,210.75846753246756,71.04545454545455,,216.6818641810919,87.4513981358189,11.362921348314606,219.41106741573032,77.95786516853933,12.028571428571428,222.8513210445469,66.27035330261137,12.041229656419528,226.86157323688968,52.7992766726944,12.037473233404711,230.39813704496785,41.95289079229122,10.877932960893855,238.12659217877098,30.310055865921786,10.177131782945736,246.79166666666666,17.75968992248062,11.51222222222222,258.64344444444447,11.255555555555556,8.044117647058824,272.95323529411763,6.6911764705882355,8.096153846153847,283.06673076923073,8.028846153846153,6.184810126582279,298.4777215189873,6.063291139240507,8.3,307.23758620689654,6.189655172413793,4.7215686274509805,309.68549019607843,5.901960784313726,9.057777777777778,315.7886666666667,6.133333333333334,11.286486486486487,315.82216216216216,6.513513513513513,3.771428571428572,320.53464285714284,6.642857142857143,12.416000000000002,329.7432,6.72,1.4857142857142858,335.1142857142857,5.857142857142857,5.626666666666667,335.81,6.733333333333333,3.1,338.62416666666667,6.75,10.266666666666667,339.2711111111111,6.0,-1.0,343.98375,5.75,8.64,341.178,5.8,-1.0,338.33000000000004,5.0,24.1,346.85,6.0,-1.0,351.15999999999997,6.5,-1.0,356.015,4.0,True,False,False,False,False,False,False,False,False,False,False,False,False,False,False,False
9,-1,131.9,4,9,141.08,7.0,10,144.67,13.0,11,148.95,140.0,12.0,153.07,137.0,13.0,157.12,58.0,14.0,161.33,43.0,-1.0,163.76,6.0,-1.0,178.24,6.0,10.177131782945736,246.79166666666666,17.75968992248062,11.51222222222222,258.64344444444447,11.255555555555556,8.044117647058824,272.95323529411763,6.6911764705882355,8.096153846153847,283.06673076923073,8.028846153846153,6.184810126582279,298.4777215189873,6.063291139240507,8.3,307.23758620689654,6.189655172413793,4.7215686274509805,309.68549019607843,5.901960784313726,9.057777777777778,315.7886666666667,6.133333333333334,11.286486486486487,315.82216216216216,6.513513513513513,3.771428571428572,320.53464285714284,6.642857142857143,12.416000000000002,329.7432,6.72,1.4857142857142858,335.1142857142857,5.857142857142857,5.626666666666667,335.81,6.733333333333333,3.1,338.62416666666667,6.75,10.266666666666667,339.2711111111111,6.0,-1.0,343.98375,5.75,8.64,341.178,5.8,-1.0,338.33000000000004,5.0,24.1,346.85,6.0,-1.0,351.15999999999997,6.5,-1.0,356.015,4.0,False,False,False,False,False,False,False,False,False,True,False,False,False,False,False,False
30,17,213.07,6,-1,215.54,5.0,19,220.94,29.0,19.2,223.33,4.0,21.0,229.06,36.0,22.0,233.18,38.0,23.0,237.15,4.0,-1.0,237.84,4.0,25.0,245.63,12.0,26.0,249.56,18.0,-1.0,250.77,3.0,27.0,253.49,33.0,27.2,256.03,5.0,28.0,257.38,7.0,29.2,263.53,6.0,-1.0,268.28,6.0,31.0,269.41,8.0,-1.0,276.17,6.0,-1.0,277.56,8.0,-1.0,287.42,6.0,-1.0,308.04,7.0,-1.0,321.7,8.0,-1.0,322.51,5.0,-1.0,329.89,6.0,-1.0,334.04,5.0,47.2,336.06,5.0,-1.0,338.86,6.0,-1.0,349.59,8.0,-1.0,350.31,8.0,-1.0,358.65,4.0,False,False,False,False,False,False,False,False,False,False,False,False,True,False,False,False
10,-1,127.9,2,10,129.65,5.0,-1,131.82,2.0,11,133.75,80.0,12.0,137.96,10.0,13.0,142.08,179.0,14.0,146.15,135.0,18.0,162.4,2.0,-1.0,167.37,3.0,-1.0,174.51,2.0,11.51222222222222,258.64344444444447,11.255555555555556,8.044117647058824,272.95323529411763,6.6911764705882355,8.096153846153847,283.06673076923073,8.028846153846153,6.184810126582279,298.4777215189873,6.063291139240507,8.3,307.23758620689654,6.189655172413793,4.7215686274509805,309.68549019607843,5.901960784313726,9.057777777777778,315.7886666666667,6.133333333333334,11.286486486486487,315.82216216216216,6.513513513513513,3.771428571428572,320.53464285714284,6.642857142857143,12.416000000000002,329.7432,6.72,1.4857142857142858,335.1142857142857,5.857142857142857,5.626666666666667,335.81,6.733333333333333,3.1,338.62416666666667,6.75,10.266666666666667,339.2711111111111,6.0,-1.0,343.98375,5.75,8.64,341.178,5.8,-1.0,338.33000000000004,5.0,24.1,346.85,6.0,-1.0,351.15999999999997,6.5,-1.0,356.015,4.0,False,False,False,False,False,False,False,False,False,False,False,True,False,False,False,False
12,24,182.72,1,26,190.3,4.0,27,194.72,33.0,28,198.38,3.0,29.0,202.82,37.0,30.0,206.81,11.0,31.0,210.74,22.0,31.2,212.66,44.0,-1.0,214.0,3.0,32.2,216.82,20.0,36.2,232.46,3.0,-1.0,242.18,2.0,8.096153846153847,283.06673076923073,8.028846153846153,6.184810126582279,298.4777215189873,6.063291139240507,8.3,307.23758620689654,6.189655172413793,4.7215686274509805,309.68549019607843,5.901960784313726,9.057777777777778,315.7886666666667,6.133333333333334,11.286486486486487,315.82216216216216,6.513513513513513,3.771428571428572,320.53464285714284,6.642857142857143,12.416000000000002,329.7432,6.72,1.4857142857142858,335.1142857142857,5.857142857142857,5.626666666666667,335.81,6.733333333333333,3.1,338.62416666666667,6.75,10.266666666666667,339.2711111111111,6.0,-1.0,343.98375,5.75,8.64,341.178,5.8,-1.0,338.33000000000004,5.0,24.1,346.85,6.0,-1.0,351.15999999999997,6.5,-1.0,356.015,4.0,False,False,False,False,False,False,True,False,False,False,False,False,False,False,False,False
6,-1,258.74,2,8,262.14,8.0,9,266.09,22.0,11,274.2,3.0,12.0,278.27,29.0,-1.0,279.83,3.0,12.041229656419528,226.86157323688968,52.7992766726944,12.037473233404711,230.39813704496785,41.95289079229122,10.877932960893855,238.12659217877098,30.310055865921786,10.177131782945736,246.79166666666666,17.75968992248062,11.51222222222222,258.64344444444447,11.255555555555556,8.044117647058824,272.95323529411763,6.6911764705882355,8.096153846153847,283.06673076923073,8.028846153846153,6.184810126582279,298.4777215189873,6.063291139240507,8.3,307.23758620689654,6.189655172413793,4.7215686274509805,309.68549019607843,5.901960784313726,9.057777777777778,315.7886666666667,6.133333333333334,11.286486486486487,315.82216216216216,6.513513513513513,3.771428571428572,320.53464285714284,6.642857142857143,12.416000000000002,329.7432,6.72,1.4857142857142858,335.1142857142857,5.857142857142857,5.626666666666667,335.81,6.733333333333333,3.1,338.62416666666667,6.75,10.266666666666667,339.2711111111111,6.0,-1.0,343.98375,5.75,8.64,341.178,5.8,-1.0,338.33000000000004,5.0,24.1,346.85,6.0,-1.0,351.15999999999997,6.5,-1.0,356.015,4.0,False,False,False,False,False,False,False,False,False,False,True,False,False,False,False,False
4,10,318.72,41,12,326.83,11.0,13,330.89,3.0,-1,338.25,3.0,11.362921348314606,219.41106741573032,77.95786516853933,12.028571428571428,222.8513210445469,66.27035330261137,12.041229656419528,226.86157323688968,52.7992766726944,12.037473233404711,230.39813704496785,41.95289079229122,10.877932960893855,238.12659217877098,30.310055865921786,10.177131782945736,246.79166666666666,17.75968992248062,11.51222222222222,258.64344444444447,11.255555555555556,8.044117647058824,272.95323529411763,6.6911764705882355,8.096153846153847,283.06673076923073,8.028846153846153,6.184810126582279,298.4777215189873,6.063291139240507,8.3,307.23758620689654,6.189655172413793,4.7215686274509805,309.68549019607843,5.901960784313726,9.057777777777778,315.7886666666667,6.133333333333334,11.286486486486487,315.82216216216216,6.513513513513513,3.771428571428572,320.53464285714284,6.642857142857143,12.416000000000002,329.7432,6.72,1.4857142857142858,335.1142857142857,5.857142857142857,5.626666666666667,335.81,6.733333333333333,3.1,338.62416666666667,6.75,10.266666666666667,339.2711111111111,6.0,-1.0,343.98375,5.75,8.64,341.178,5.8,-1.0,338.33000000000004,5.0,24.1,346.85,6.0,-1.0,351.15999999999997,6.5,-1.0,356.015,4.0,False,True,False,False,False,False,False,False,False,False,False,False,False,False,False,False
7,14,118.44,142,15,122.36,72.0,17,130.45,5.0,17.2,132.3,4.0,18.0,134.56,43.0,-1.0,137.88,2.0,-1.0,140.5,3.0,12.037473233404711,230.39813704496785,41.95289079229122,10.877932960893855,238.12659217877098,30.310055865921786,10.177131782945736,246.79166666666666,17.75968992248062,11.51222222222222,258.64344444444447,11.255555555555556,8.044117647058824,272.95323529411763,6.6911764705882355,8.096153846153847,283.06673076923073,8.028846153846153,6.184810126582279,298.4777215189873,6.063291139240507,8.3,307.23758620689654,6.189655172413793,4.7215686274509805,309.68549019607843,5.901960784313726,9.057777777777778,315.7886666666667,6.133333333333334,11.286486486486487,315.82216216216216,6.513513513513513,3.771428571428572,320.53464285714284,6.642857142857143,12.416000000000002,329.7432,6.72,1.4857142857142858,335.1142857142857,5.857142857142857,5.626666666666667,335.81,6.733333333333333,3.1,338.62416666666667,6.75,10.266666666666667,339.2711111111111,6.0,-1.0,343.98375,5.75,8.64,341.178,5.8,-1.0,338.33000000000004,5.0,24.1,346.85,6.0,-1.0,351.15999999999997,6.5,-1.0,356.015,4.0,False,False,False,False,False,False,False,False,True,False,False,False,False,False,False,False
3,6,168.61,16,7,172.68,92.0,9,180.85,139.0,,216.6818641810919,87.4513981358189,11.362921348314606,219.41106741573032,77.95786516853933,12.028571428571428,222.8513210445469,66.27035330261137,12.041229656419528,226.86157323688968,52.7992766726944,12.037473233404711,230.39813704496785,41.95289079229122,10.877932960893855,238.12659217877098,30.310055865921786,10.177131782945736,246.79166666666666,17.75968992248062,11.51222222222222,258.64344444444447,11.255555555555556,8.044117647058824,272.95323529411763,6.6911764705882355,8.096153846153847,283.06673076923073,8.028846153846153,6.184810126582279,298.4777215189873,6.063291139240507,8.3,307.23758620689654,6.189655172413793,4.7215686274509805,309.68549019607843,5.901960784313726,9.057777777777778,315.7886666666667,6.133333333333334,11.286486486486487,315.82216216216216,6.513513513513513,3.771428571428572,320.53464285714284,6.642857142857143,12.416000000000002,329.7432,6.72,1.4857142857142858,335.1142857142857,5.857142857142857,5.626666666666667,335.81,6.733333333333333,3.1,338.62416666666667,6.75,10.266666666666667,339.2711111111111,6.0,-1.0,343.98375,5.75,8.64,341.178,5.8,-1.0,338.33000000000004,5.0,24.1,346.85,6.0,-1.0,351.15999999999997,6.5,-1.0,356.015,4.0,False,False,False,False,False,False,False,False,False,False,False,False,False,True,False,False
7,-1,208.06,4,-1,216.48,3.0,10,223.24,11.0,11,227.24,59.0,12.0,231.26,112.0,13.0,235.28,3.0,-1.0,242.79,4.0,12.037473233404711,230.39813704496785,41.95289079229122,10.877932960893855,238.12659217877098,30.310055865921786,10.177131782945736,246.79166666666666,17.75968992248062,11.51222222222222,258.64344444444447,11.255555555555556,8.044117647058824,272.95323529411763,6.6911764705882355,8.096153846153847,283.06673076923073,8.028846153846153,6.184810126582279,298.4777215189873,6.063291139240507,8.3,307.23758620689654,6.189655172413793,4.7215686274509805,309.68549019607843,5.901960784313726,9.057777777777778,315.7886666666667,6.133333333333334,11.286486486486487,315.82216216216216,6.513513513513513,3.771428571428572,320.53464285714284,6.642857142857143,12.416000000000002,329.7432,6.72,1.4857142857142858,335.1142857142857,5.857142857142857,5.626666666666667,335.81,6.733333333333333,3.1,338.62416666666667,6.75,10.266666666666667,339.2711111111111,6.0,-1.0,343.98375,5.75,8.64,341.178,5.8,-1.0,338.33000000000004,5.0,24.1,346.85,6.0,-1.0,351.15999999999997,6.5,-1.0,356.015,4.0,False,False,True,False,False,False,False,False,False,False,False,False,False,False,False,False
6,-1,253.12,4,9,267.21,14.0,12,279.39,19.0,13,283.25,79.0,-1.0,290.26,3.0,-1.0,292.4,3.0,12.041229656419528,226.86157323688968,52.7992766726944,12.037473233404711,230.39813704496785,41.95289079229122,10.877932960893855,238.12659217877098,30.310055865921786,10.177131782945736,246.79166666666666,17.75968992248062,11.51222222222222,258.64344444444447,11.255555555555556,8.044117647058824,272.95323529411763,6.6911764705882355,8.096153846153847,283.06673076923073,8.028846153846153,6.184810126582279,298.4777215189873,6.063291139240507,8.3,307.23758620689654,6.189655172413793,4.7215686274509805,309.68549019607843,5.901960784313726,9.057777777777778,315.7886666666667,6.133333333333334,11.286486486486487,315.82216216216216,6.513513513513513,3.771428571428572,320.53464285714284,6.642857142857143,12.416000000000002,329.7432,6.72,1.4857142857142858,335.1142857142857,5.857142857142857,5.626666666666667,335.81,6.733333333333333,3.1,338.62416666666667,6.75,10.266666666666667,339.2711111111111,6.0,-1.0,343.98375,5.75,8.64,341.178,5.8,-1.0,338.33000000000004,5.0,24.1,346.85,6.0,-1.0,351.15999999999997,6.5,-1.0,356.015,4.0,False,False,False,True,False,False,False,False,False,False,False,False,False,False,False,False
5,-1,301.35,3,-1,314.81,3.0,-1,318.36,3.0,24,341.16,15.0,-1.0,359.56,3.0,12.028571428571428,222.8513210445469,66.27035330261137,12.041229656419528,226.86157323688968,52.7992766726944,12.037473233404711,230.39813704496785,41.95289079229122,10.877932960893855,238.12659217877098,30.310055865921786,10.177131782945736,246.79166666666666,17.75968992248062,11.51222222222222,258.64344444444447,11.255555555555556,8.044117647058824,272.95323529411763,6.6911764705882355,8.096153846153847,283.06673076923073,8.028846153846153,6.184810126582279,298.4777215189873,6.063291139240507,8.3,307.23758620689654,6.189655172413793,4.7215686274509805,309.68549019607843,5.901960784313726,9.057777777777778,315.7886666666667,6.133333333333334,11.286486486486487,315.82216216216216,6.513513513513513,3.771428571428572,320.53464285714284,6.642857142857143,12.416000000000002,329.7432,6.72,1.4857142857142858,335.1142857142857,5.857142857142857,5.626666666666667,335.81,6.733333333333333,3.1,338.62416666666667,6.75,10.266666666666667,339.2711111111111,6.0,-1.0,343.98375,5.75,8.64,341.178,5.8,-1.0,338.33000000000004,5.0,24.1,346.85,6.0,-1.0,351.15999999999997,6.5,-1.0,356.015,4.0,False,False,False,False,False,False,False,True,False,False,False,False,False,False,False,False
11,9,99.68,9,10,104.04,74.0,12,112.16,8.0,13,116.34,136.0,13.2,118.21,12.0,14.0,120.16,18.0,14.2,122.28,49.0,15.0,124.17,49.0,-1.0,128.93,5.0,-1.0,136.9,8.0,-1.0,140.25,6.0,8.044117647058824,272.95323529411763,6.6911764705882355,8.096153846153847,283.06673076923073,8.028846153846153,6.184810126582279,298.4777215189873,6.063291139240507,8.3,307.23758620689654,6.189655172413793,4.7215686274509805,309.68549019607843,5.901960784313726,9.057777777777778,315.7886666666667,6.133333333333334,11.286486486486487,315.82216216216216,6.513513513513513,3.771428571428572,320.53464285714284,6.642857142857143,12.416000000000002,329.7432,6.72,1.4857142857142858,335.1142857142857,5.857142857142857,5.626666666666667,335.81,6.733333333333333,3.1,338.62416666666667,6.75,10.266666666666667,339.2711111111111,6.0,-1.0,343.98375,5.75,8.64,341.178,5.8,-1.0,338.33000000000004,5.0,24.1,346.85,6.0,-1.0,351.15999999999997,6.5,-1.0,356.015,4.0,False,False,False,False,False,True,False,False,False,False,False,False,False,False,False,False
6,-1,150.58,7,13,159.58,5.0,16,172.26,125.0,17,176.25,19.0,18.0,180.34,25.0,-1.0,197.36,4.0,12.041229656419528,226.86157323688968,52.7992766726944,12.037473233404711,230.39813704496785,41.95289079229122,10.877932960893855,238.12659217877098,30.310055865921786,10.177131782945736,246.79166666666666,17.75968992248062,11.51222222222222,258.64344444444447,11.255555555555556,8.044117647058824,272.95323529411763,6.6911764705882355,8.096153846153847,283.06673076923073,8.028846153846153,6.184810126582279,298.4777215189873,6.063291139240507,8.3,307.23758620689654,6.189655172413793,4.7215686274509805,309.68549019607843,5.901960784313726,9.057777777777778,315.7886666666667,6.133333333333334,11.286486486486487,315.82216216216216,6.513513513513513,3.771428571428572,320.53464285714284,6.642857142857143,12.416000000000002,329.7432,6.72,1.4857142857142858,335.1142857142857,5.857142857142857,5.626666666666667,335.81,6.733333333333333,3.1,338.62416666666667,6.75,10.266666666666667,339.2711111111111,6.0,-1.0,343.98375,5.75,8.64,341.178,5.8,-1.0,338.33000000000004,5.0,24.1,346.85,6.0,-1.0,351.15999999999997,6.5,-1.0,356.015,4.0,False,False,False,False,False,False,False,False,False,False,False,False,False,False,False,True
6,5,216.65,6,6,220.51,7.0,8,228.78,82.0,9,232.71,21.0,10.0,237.0,21.0,-1.0,250.93,5.0,12.041229656419528,226.86157323688968,52.7992766726944,12.037473233404711,230.39813704496785,41.95289079229122,10.877932960893855,238.12659217877098,30.310055865921786,10.177131782945736,246.79166666666666,17.75968992248062,11.51222222222222,258.64344444444447,11.255555555555556,8.044117647058824,272.95323529411763,6.6911764705882355,8.096153846153847,283.06673076923073,8.028846153846153,6.184810126582279,298.4777215189873,6.063291139240507,8.3,307.23758620689654,6.189655172413793,4.7215686274509805,309.68549019607843,5.901960784313726,9.057777777777778,315.7886666666667,6.133333333333334,11.286486486486487,315.82216216216216,6.513513513513513,3.771428571428572,320.53464285714284,6.642857142857143,12.416000000000002,329.7432,6.72,1.4857142857142858,335.1142857142857,5.857142857142857,5.626666666666667,335.81,6.733333333333333,3.1,338.62416666666667,6.75,10.266666666666667,339.2711111111111,6.0,-1.0,343.98375,5.75,8.64,341.178,5.8,-1.0,338.33000000000004,5.0,24.1,346.85,6.0,-1.0,351.15999999999997,6.5,-1.0,356.015,4.0,False,False,False,False,False,False,False,False,False,False,False,False,False,False,True,False
8,-1,267.3,5,-1,267.99,5.0,10.2,274.72,6.0,12,281.11,4.0,13.0,285.13,21.0,14.2,291.37,4.0,16.2,298.72,3.0,17.0,300.93,11.0,10.877932960893855,238.12659217877098,30.310055865921786,10.177131782945736,246.79166666666666,17.75968992248062,11.51222222222222,258.64344444444447,11.255555555555556,8.044117647058824,272.95323529411763,6.6911764705882355,8.096153846153847,283.06673076923073,8.028846153846153,6.184810126582279,298.4777215189873,6.063291139240507,8.3,307.23758620689654,6.189655172413793,4.7215686274509805,309.68549019607843,5.901960784313726,9.057777777777778,315.7886666666667,6.133333333333334,11.286486486486487,315.82216216216216,6.513513513513513,3.771428571428572,320.53464285714284,6.642857142857143,12.416000000000002,329.7432,6.72,1.4857142857142858,335.1142857142857,5.857142857142857,5.626666666666667,335.81,6.733333333333333,3.1,338.62416666666667,6.75,10.266666666666667,339.2711111111111,6.0,-1.0,343.98375,5.75,8.64,341.178,5.8,-1.0,338.33000000000004,5.0,24.1,346.85,6.0,-1.0,351.15999999999997,6.5,-1.0,356.015,4.0,False,False,False,False,True,False,False,False,False,False,False,False,False,False,False,False
2,X,104.93,213,Y,110.88,149.0,,210.75846753246756,71.04545454545455,,216.6818641810919,87.4513981358189,11.362921348314606,219.41106741573032,77.95786516853933,12.028571428571428,222.8513210445469,66.27035330261137,12.041229656419528,226.86157323688968,52.7992766726944,12.037473233404711,230.39813704496785,41.95289079229122,10.877932960893855,238.12659217877098,30.310055865921786,10.177131782945736,246.79166666666666,17.75968992248062,11.51222222222222,258.64344444444447,11.255555555555556,8.044117647058824,272.95323529411763,6.6911764705882355,8.096153846153847,283.06673076923073,8.028846153846153,6.184810126582279,298.4777215189873,6.063291139240507,8.3,307.23758620689654,6.189655172413793,4.7215686274509805,309.68549019607843,5.901960784313726,9.057777777777778,315.7886666666667,6.133333333333334,11.286486486486487,315.82216216216216,6.513513513513513,3.771428571428572,320.53464285714284,6.642857142857143,12.416000000000002,329.7432,6.72,1.4857142857142858,335.1142857142857,5.857142857142857,5.626666666666667,335.81,6.733333333333333,3.1,338.62416666666667,6.75,10.266666666666667,339.2711111111111,6.0,-1.0,343.98375,5.75,8.64,341.178,5.8,-1.0,338.33000000000004,5.0,24.1,346.85,6.0,-1.0,351.15999999999997,6.5,-1.0,356.015,4.0,True,False,False,False,False,False,False,False,False,False,False,False,False,False,False,False
6,11,148.91,49,12,153.01,34.0,13,157.13,54.0,14,161.32,35.0,-1.0,175.34,6.0,-1.0,176.59,6.0,12.041229656419528,226.86157323688968,52.7992766726944,12.037473233404711,230.39813704496785,41.95289079229122,10.877932960893855,238.12659217877098,30.310055865921786,10.177131782945736,246.79166666666666,17.75968992248062,11.51222222222222,258.64344444444447,11.255555555555556,8.044117647058824,272.95323529411763,6.6911764705882355,8.096153846153847,283.06673076923073,8.028846153846153,6.184810126582279,298.4777215189873,6.063291139240507,8.3,307.23758620689654,6.189655172413793,4.7215686274509805,309.68549019607843,5.901960784313726,9.057777777777778,315.7886666666667,6.133333333333334,11.286486486486487,315.82216216216216,6.513513513513513,3.771428571428572,320.53464285714284,6.642857142857143,12.416000000000002,329.7432,6.72,1.4857142857142858,335.1142857142857,5.857142857142857,5.626666666666667,335.81,6.733333333333333,3.1,338.62416666666667,6.75,10.266666666666667,339.2711111111111,6.0,-1.0,343.98375,5.75,8.64,341.178,5.8,-1.0,338.33000000000004,5.0,24.1,346.85,6.0,-1.0,351.15999999999997,6.5,-1.0,356.015,4.0,False,False,False,False,False,False,False,False,False,True,False,False,False,False,False,False
17,17,212.83,8,17.2,215.03,8.0,19,220.94,14.0,20,224.77,7.0,21.0,229.12,38.0,22.0,233.23,33.0,24.0,241.75,5.0,25.0,245.49,32.0,26.0,249.57,35.0,-1.0,266.78,4.0,-1.0,295.64,6.0,-1.0,311.9,8.0,-1.0,321.42,6.0,-1.0,343.11,6.0,-1.0,349.51,6.0,-1.0,351.82,5.0,-1.0,357.78,7.0,11.286486486486487,315.82216216216216,6.513513513513513,3.771428571428572,320.53464285714284,6.642857142857143,12.416000000000002,329.7432,6.72,1.4857142857142858,335.1142857142857,5.857142857142857,5.626666666666667,335.81,6.733333333333333,3.1,338.62416666666667,6.75,10.266666666666667,339.2711111111111,6.0,-1.0,343.98375,5.75,8.64,341.178,5.8,-1.0,338.33000000000004,5.0,24.1,346.85,6.0,-1.0,351.15999999999997,6.5,-1.0,356.015,4.0,False,False,False,False,False,False,False,False,False,False,False,False,True,False,False,False
8,-1,127.11,2,-1,128.65,2.0,11,133.7,13.0,-1,134.8,5.0,-1.0,136.45,4.0,13.0,142.08,55.0,14.0,146.09,68.0,-1.0,149.71,4.0,10.877932960893855,238.12659217877098,30.310055865921786,10.177131782945736,246.79166666666666,17.75968992248062,11.51222222222222,258.64344444444447,11.255555555555556,8.044117647058824,272.95323529411763,6.6911764705882355,8.096153846153847,283.06673076923073,8.028846153846153,6.184810126582279,298.4777215189873,6.063291139240507,8.3,307.23758620689654,6.189655172413793,4.7215686274509805,309.68549019607843,5.901960784313726,9.057777777777778,315.7886666666667,6.133333333333334,11.286486486486487,315.82216216216216,6.513513513513513,3.771428571428572,320.53464285714284,6.642857142857143,12.416000000000002,329.7432,6.72,1.4857142857142858,335.1142857142857,5.857142857142857,5.626666666666667,335.81,6.733333333333333,3.1,338.62416666666667,6.75,10.266666666666667,339.2711111111111,6.0,-1.0,343.98375,5.75,8.64,341.178,5.8,-1.0,338.33000000000004,5.0,24.1,346.85,6.0,-1.0,351.15999999999997,6.5,-1.0,356.015,4.0,False,False,False,False,False,False,False,False,False,False,False,True,False,False,False,False
14,24,182.29,3,-1,187.27,4.0,-1,189.64,2.0,27,194.7,43.0,28.0,198.78,5.0,-1.0,199.67,3.0,31.0,210.69,38.0,31.2,212.79,12.0,32.2,216.74,28.0,34.0,223.1,5.0,35.0,227.01,4.0,-1.0,234.36,3.0,-1.0,235.83,3.0,-1.0,237.96,5.0,8.3,307.23758620689654,6.189655172413793,4.7215686274509805,309.68549019607843,5.901960784313726,9.057777777777778,315.7886666666667,6.133333333333334,11.286486486486487,315.82216216216216,6.513513513513513,3.771428571428572,320.53464285714284,6.642857142857143,12.416000000000002,329.7432,6.72,1.4857142857142858,335.1142857142857,5.857142857142857,5.626666666666667,335.81,6.733333333333333,3.1,338.62416666666667,6.75,10.266666666666667,339.2711111111111,6.0,-1.0,343.98375,5.75,8.64,341.178,5.8,-1.0,338.33000000000004,5.0,24.1,346.85,6.0,-1.0,351.15999999999997,6.5,-1.0,356.015,4.0,False,False,False,False,False,False,True,False,False,False,False,False,False,False,False,False
8,-1,253.08,3,-1,260.49,3.0,9,266.07,54.0,10,270.18,48.0,-1.0,278.84,5.0,-1.0,280.65,4.0,13.0,282.37,5.0,-1.0,287.43,3.0,10.877932960893855,238.12659217877098,30.310055865921786,10.177131782945736,246.79166666666666,17.75968992248062,11.51222222222222,258.64344444444447,11.255555555555556,8.044117647058824,272.95323529411763,6.6911764705882355,8.096153846153847,283.06673076923073,8.028846153846153,6.184810126582279,298.4777215189873,6.063291139240507,8.3,307.23758620689654,6.189655172413793,4.7215686274509805,309.68549019607843,5.901960784313726,9.057777777777778,315.7886666666667,6.133333333333334,11.286486486486487,315.82216216216216,6.513513513513513,3.771428571428572,320.53464285714284,6.642857142857143,12.416000000000002,329.7432,6.72,1.4857142857142858,335.1142857142857,5.857142857142857,5.626666666666667,335.81,6.733333333333333,3.1,338.62416666666667,6.75,10.266666666666667,339.2711111111111,6.0,-1.0,343.98375,5.75,8.64,341.178,5.8,-1.0,338.33000000000004,5.0,24.1,346.85,6.0,-1.0,351.15999999999997,6.5,-1.0,356.015,4.0,False,False,False,False,False,False,False,False,False,False,True,False,False,False,False,False
5,-1,302.09,5,-1,304.84,3.0,10,318.78,64.0,11,322.97,27.0,12.0,326.95,62.0,12.028571428571428,222.8513210445469,66.27035330261137,12.041229656419528,226.86157323688968,52.7992766726944,12.037473233404711,230.39813704496785,41.95289079229122,10.877932960893855,238.12659217877098,30.310055865921786,10.177131782945736,246.79166666666666,17.75968992248062,11.51222222222222,258.64344444444447,11.255555555555556,8.044117647058824,272.95323529411763,6.6911764705882355,8.096153846153847,283.06673076923073,8.028846153846153,6.184810126582279,298.4777215189873,6.063291139240507,8.3,307.23758620689654,6.189655172413793,4.7215686274509805,309.68549019607843,5.901960784313726,9.057777777777778,315.7886666666667,6.133333333333334,11.286486486486487,315.82216216216216,6.513513513513513,3.771428571428572,320.53464285714284,6.642857142857143,12.416000000000002,329.7432,6.72,1.4857142857142858,335.1142857142857,5.857142857142857,5.626666666666667,335.81,6.733333333333333,3.1,338.62416666666667,6.75,10.266666666666667,339.2711111111111,6.0,-1.0,343.98375,5.75,8.64,341.178,5.8,-1.0,338.33000000000004,5.0,24.1,346.85,6.0,-1.0,351.15999999999997,6.5,-1.0,356.015,4.0,False,True,False,False,False,False,False,False,False,False,False,False,False,False,False,False
5,-1,112.07,6,14,118.35,117.0,15,122.28,89.0,18,134.33,4.0,-1.0,137.55,5.0,12.028571428571428,222.8513210445469,66.27035330261137,12.041229656419528,226.86157323688968,52.7992766726944,12.037473233404711,230.39813704496785,41.95289079229122,10.877932960893855,238.12659217877098,30.310055865921786,10.177131782945736,246.79166666666666,17.75968992248062,11.51222222222222,258.64344444444447,11.255555555555556,8.044117647058824,272.95323529411763,6.6911764705882355,8.096153846153847,283.06673076923073,8.028846153846153,6.184810126582279,298.4777215189873,6.063291139240507,8.3,307.23758620689654,6.189655172413793,4.7215686274509805,309.68549019607843,5.901960784313726,9.057777777777778,315.7886666666667,6.133333333333334,11.286486486486487,315.82216216216216,6.513513513513513,3.771428571428572,320.53464285714284,6.642857142857143,12.416000000000002,329.7432,6.72,1.4857142857142858,335.1142857142857,5.857142857142857,5.626666666666667,335.81,6.733333333333333,3.1,338.62416666666667,6.75,10.266666666666667,339.2711111111111,6.0,-1.0,343.98375,5.75,8.64,341.178,5.8,-1.0,338.33000000000004,5.0,24.1,346.85,6.0,-1.0,351.15999999999997,6.5,-1.0,356.015,4.0,False,False,False,False,False,False,False,False,True,False,False,False,False,False,False,False
7,-1,161.04,7,-1,166.65,6.0,6,168.66,36.0,7,172.68,58.0,8.0,176.46,11.0,9.0,180.82,102.0,13.3,200.4,5.0,12.037473233404711,230.39813704496785,41.95289079229122,10.877932960893855,238.12659217877098,30.310055865921786,10.177131782945736,246.79166666666666,17.75968992248062,11.51222222222222,258.64344444444447,11.255555555555556,8.044117647058824,272.95323529411763,6.6911764705882355,8.096153846153847,283.06673076923073,8.028846153846153,6.184810126582279,298.4777215189873,6.063291139240507,8.3,307.23758620689654,6.189655172413793,4.7215686274509805,309.68549019607843,5.901960784313726,9.057777777777778,315.7886666666667,6.133333333333334,11.286486486486487,315.82216216216216,6.513513513513513,3.771428571428572,320.53464285714284,6.642857142857143,12.416000000000002,329.7432,6.72,1.4857142857142858,335.1142857142857,5.857142857142857,5.626666666666667,335.81,6.733333333333333,3.1,338.62416666666667,6.75,10.266666666666667,339.2711111111111,6.0,-1.0,343.98375,5.75,8.64,341.178,5.8,-1.0,338.33000000000004,5.0,24.1,346.85,6.0,-1.0,351.15999999999997,6.5,-1.0,356.015,4.0,False,False,False,False,False,False,False,False,False,False,False,False,False,True,False,False
7,7,210.77,6,-1,214.42,2.0,11,227.01,6.0,12,231.26,66.0,-1.0,237.55,4.0,-1.0,241.27,4.0,16.0,247.15,6.0,12.037473233404711,230.39813704496785,41.95289079229122,10.877932960893855,238.12659217877098,30.310055865921786,10.177131782945736,246.79166666666666,17.75968992248062,11.51222222222222,258.64344444444447,11.255555555555556,8.044117647058824,272.95323529411763,6.6911764705882355,8.096153846153847,283.06673076923073,8.028846153846153,6.184810126582279,298.4777215189873,6.063291139240507,8.3,307.23758620689654,6.189655172413793,4.7215686274509805,309.68549019607843,5.901960784313726,9.057777777777778,315.7886666666667,6.133333333333334,11.286486486486487,315.82216216216216,6.513513513513513,3.771428571428572,320.53464285714284,6.642857142857143,12.416000000000002,329.7432,6.72,1.4857142857142858,335.1142857142857,5.857142857142857,5.626666666666667,335.81,6.733333333333333,3.1,338.62416666666667,6.75,10.266666666666667,339.2711111111111,6.0,-1.0,343.98375,5.75,8.64,341.178,5.8,-1.0,338.33000000000004,5.0,24.1,346.85,6.0,-1.0,351.15999999999997,6.5,-1.0,356.015,4.0,False,False,True,False,False,False,False,False,False,False,False,False,False,False,False,False
6,5,251.7,4,-1,254.78,5.0,-1,266.23,7.0,-1,269.94,6.0,12.0,279.26,35.0,13.0,283.27,32.0,12.041229656419528,226.86157323688968,52.7992766726944,12.037473233404711,230.39813704496785,41.95289079229122,10.877932960893855,238.12659217877098,30.310055865921786,10.177131782945736,246.79166666666666,17.75968992248062,11.51222222222222,258.64344444444447,11.255555555555556,8.044117647058824,272.95323529411763,6.6911764705882355,8.096153846153847,283.06673076923073,8.028846153846153,6.184810126582279,298.4777215189873,6.063291139240507,8.3,307.23758620689654,6.189655172413793,4.7215686274509805,309.68549019607843,5.901960784313726,9.057777777777778,315.7886666666667,6.133333333333334,11.286486486486487,315.82216216216216,6.513513513513513,3.771428571428572,320.53464285714284,6.642857142857143,12.416000000000002,329.7432,6.72,1.4857142857142858,335.1142857142857,5.857142857142857,5.626666666666667,335.81,6.733333333333333,3.1,338.62416666666667,6.75,10.266666666666667,339.2711111111111,6.0,-1.0,343.98375,5.75,8.64,341.178,5.8,-1.0,338.33000000000004,5.0,24.1,346.85,6.0,-1.0,351.15999999999997,6.5,-1.0,356.015,4.0,False,False,False,True,False,False,False,False,False,False,False,False,False,False,False,False
10,14,301.04,6,15,304.6,4.0,17,312.75,24.0,-1,318.34,7.0,-1.0,328.55,6.0,24.0,341.18,81.0,25.0,345.31,44.0,-1.0,350.97,3.0,28.0,357.63,7.0,-1.0,366.32,7.0,11.51222222222222,258.64344444444447,11.255555555555556,8.044117647058824,272.95323529411763,6.6911764705882355,8.096153846153847,283.06673076923073,8.028846153846153,6.184810126582279,298.4777215189873,6.063291139240507,8.3,307.23758620689654,6.189655172413793,4.7215686274509805,309.68549019607843,5.901960784313726,9.057777777777778,315.7886666666667,6.133333333333334,11.286486486486487,315.82216216216216,6.513513513513513,3.771428571428572,320.53464285714284,6.642857142857143,12.416000000000002,329.7432,6.72,1.4857142857142858,335.1142857142857,5.857142857142857,5.626666666666667,335.81,6.733333333333333,3.1,338.62416666666667,6.75,10.266666666666667,339.2711111111111,6.0,-1.0,343.98375,5.75,8.64,341.178,5.8,-1.0,338.33000000000004,5.0,24.1,346.85,6.0,-1.0,351.15999999999997,6.5,-1.0,356.015,4.0,False,False,False,False,False,False,False,True,False,False,False,False,False,False,False,False
5,10,104.07,39,13,116.25,107.0,14,120.15,36.0,14.2,122.13,22.0,-1.0,141.2,9.0,12.028571428571428,222.8513210445469,66.27035330261137,12.041229656419528,226.86157323688968,52.7992766726944,12.037473233404711,230.39813704496785,41.95289079229122,10.877932960893855,238.12659217877098,30.310055865921786,10.177131782945736,246.79166666666666,17.75968992248062,11.51222222222222,258.64344444444447,11.255555555555556,8.044117647058824,272.95323529411763,6.6911764705882355,8.096153846153847,283.06673076923073,8.028846153846153,6.184810126582279,298.4777215189873,6.063291139240507,8.3,307.23758620689654,6.189655172413793,4.7215686274509805,309.68549019607843,5.901960784313726,9.057777777777778,315.7886666666667,6.133333333333334,11.286486486486487,315.82216216216216,6.513513513513513,3.771428571428572,320.53464285714284,6.642857142857143,12.416000000000002,329.7432,6.72,1.4857142857142858,335.1142857142857,5.857142857142857,5.626666666666667,335.81,6.733333333333333,3.1,338.62416666666667,6.75,10.266666666666667,339.2711111111111,6.0,-1.0,343.98375,5.75,8.64,341.178,5.8,-1.0,338.33000000000004,5.0,24.1,346.85,6.0,-1.0,351.15999999999997,6.5,-1.0,356.015,4.0,False,False,False,False,False,True,False,False,False,False,False,False,False,False,False,False
11,-1,163.12,7,-1,167.62,11.0,15.2,169.78,5.0,16,172.27,75.0,17.0,176.14,18.0,18.0,180.33,31.0,-1.0,187.36,9.0,-1.0,194.37,7.0,-1.0,197.39,5.0,-1.0,207.32,9.0,25.0,208.69,9.0,8.044117647058824,272.95323529411763,6.6911764705882355,8.096153846153847,283.06673076923073,8.028846153846153,6.184810126582279,298.4777215189873,6.063291139240507,8.3,307.23758620689654,6.189655172413793,4.7215686274509805,309.68549019607843,5.901960784313726,9.057777777777778,315.7886666666667,6.133333333333334,11.286486486486487,315.82216216216216,6.513513513513513,3.771428571428572,320.53464285714284,6.642857142857143,12.416000000000002,329.7432,6.72,1.4857142857142858,335.1142857142857,5.857142857142857,5.626666666666667,335.81,6.733333333333333,3.1,338.62416666666667,6.75,10.266666666666667,339.2711111111111,6.0,-1.0,343.98375,5.75,8.64,341.178,5.8,-1.0,338.33000000000004,5.0,24.1,346.85,6.0,-1.0,351.15999999999997,6.5,-1.0,356.015,4.0,False,False,False,False,False,False,False,False,False,False,False,False,False,False,False,True
7,-1,214.25,12,-1,215.16,7.0,8,228.81,92.0,9,232.81,29.0,-1.0,233.71,9.0,-1.0,239.02,9.0,-1.0,251.06,6.0,12.037473233404711,230.39813704496785,41.95289079229122,10.877932960893855,238.12659217877098,30.310055865921786,10.177131782945736,246.79166666666666,17.75968992248062,11.51222222222222,258.64344444444447,11.255555555555556,8.044117647058824,272.95323529411763,6.6911764705882355,8.096153846153847,283.06673076923073,8.028846153846153,6.184810126582279,298.4777215189873,6.063291139240507,8.3,307.23758620689654,6.189655172413793,4.7215686274509805,309.68549019607843,5.901960784313726,9.057777777777778,315.7886666666667,6.133333333333334,11.286486486486487,315.82216216216216,6.513513513513513,3.771428571428572,320.53464285714284,6.642857142857143,12.416000000000002,329.7432,6.72,1.4857142857142858,335.1142857142857,5.857142857142857,5.626666666666667,335.81,6.733333333333333,3.1,338.62416666666667,6.75,10.266666666666667,339.2711111111111,6.0,-1.0,343.98375,5.75,8.64,341.178,5.8,-1.0,338.33000000000004,5.0,24.1,346.85,6.0,-1.0,351.15999999999997,6.5,-1.0,356.015,4.0,False,False,False,False,False,False,False,False,False,False,False,False,False,False,True,False
13,-1,261.88,10,8,264.67,7.0,12,281.14,32.0,13,285.07,30.0,14.0,288.66,7.0,15.0,293.15,66.0,17.0,301.12,34.0,18.0,305.09,30.0,21.2,319.39,6.0,-1.0,320.77,7.0,-1.0,331.82,8.0,-1.0,332.66,8.0,-1.0,339.83,4.0,6.184810126582279,298.4777215189873,6.063291139240507,8.3,307.23758620689654,6.189655172413793,4.7215686274509805,309.68549019607843,5.901960784313726,9.057777777777778,315.7886666666667,6.133333333333334,11.286486486486487,315.82216216216216,6.513513513513513,3.771428571428572,320.53464285714284,6.642857142857143,12.416000000000002,329.7432,6.72,1.4857142857142858,335.1142857142857,5.857142857142857,5.626666666666667,335.81,6.733333333333333,3.1,338.62416666666667,6.75,10.266666666666667,339.2711111111111,6.0,-1.0,343.98375,5.75,8.64,341.178,5.8,-1.0,338.33000000000004,5.0,24.1,346.85,6.0,-1.0,351.15999999999997,6.5,-1.0,356.015,4.0,False,False,False,False,True,False,False,False,False,False,False,False,False,False,False,False
2,X,105.01,83,Y,110.91,91.0,,210.75846753246756,71.04545454545455,,216.6818641810919,87.4513981358189,11.362921348314606,219.41106741573032,77.95786516853933,12.028571428571428,222.8513210445469,66.27035330261137,12.041229656419528,226.86157323688968,52.7992766726944,12.037473233404711,230.39813704496785,41.95289079229122,10.877932960893855,238.12659217877098,30.310055865921786,10.177131782945736,246.79166666666666,17.75968992248062,11.51222222222222,258.64344444444447,11.255555555555556,8.044117647058824,272.95323529411763,6.6911764705882355,8.096153846153847,283.06673076923073,8.028846153846153,6.184810126582279,298.4777215189873,6.063291139240507,8.3,307.23758620689654,6.189655172413793,4.7215686274509805,309.68549019607843,5.901960784313726,9.057777777777778,315.7886666666667,6.133333333333334,11.286486486486487,315.82216216216216,6.513513513513513,3.771428571428572,320.53464285714284,6.642857142857143,12.416000000000002,329.7432,6.72,1.4857142857142858,335.1142857142857,5.857142857142857,5.626666666666667,335.81,6.733333333333333,3.1,338.62416666666667,6.75,10.266666666666667,339.2711111111111,6.0,-1.0,343.98375,5.75,8.64,341.178,5.8,-1.0,338.33000000000004,5.0,24.1,346.85,6.0,-1.0,351.15999999999997,6.5,-1.0,356.015,4.0,True,False,False,False,False,False,False,False,False,False,False,False,False,False,False,False
6,7,132.45,4,-1,142.96,9.0,10,145.21,7.0,12,153.11,46.0,-1.0,155.53,8.0,-1.0,176.3,8.0,12.041229656419528,226.86157323688968,52.7992766726944,12.037473233404711,230.39813704496785,41.95289079229122,10.877932960893855,238.12659217877098,30.310055865921786,10.177131782945736,246.79166666666666,17.75968992248062,11.51222222222222,258.64344444444447,11.255555555555556,8.044117647058824,272.95323529411763,6.6911764705882355,8.096153846153847,283.06673076923073,8.028846153846153,6.184810126582279,298.4777215189873,6.063291139240507,8.3,307.23758620689654,6.189655172413793,4.7215686274509805,309.68549019607843,5.901960784313726,9.057777777777778,315.7886666666667,6.133333333333334,11.286486486486487,315.82216216216216,6.513513513513513,3.771428571428572,320.53464285714284,6.642857142857143,12.416000000000002,329.7432,6.72,1.4857142857142858,335.1142857142857,5.857142857142857,5.626666666666667,335.81,6.733333333333333,3.1,338.62416666666667,6.75,10.266666666666667,339.2711111111111,6.0,-1.0,343.98375,5.75,8.64,341.178,5.8,-1.0,338.33000000000004,5.0,24.1,346.85,6.0,-1.0,351.15999999999997,6.5,-1.0,356.015,4.0,False,False,False,False,False,False,False,False,False,True,False,False,False,False,False,False
26,16.2,210.94,7,-1,212.06,8.0,18,216.74,7.0,-1,217.49,10.0,19.0,220.98,46.0,20.0,224.97,23.0,22.0,233.22,33.0,27.0,253.73,23.0,27.2,255.82,10.0,28.2,259.2,8.0,29.0,261.31,8.0,-1.0,264.26,9.0,-1.0,268.37,9.0,31.2,271.91,9.0,-1.0,272.57,7.0,-1.0,281.47,5.0,-1.0,286.13,6.0,-1.0,289.48,7.0,-1.0,290.86,7.0,-1.0,304.76,7.0,-1.0,312.33,6.0,-1.0,313.67,11.0,-1.0,334.42,8.0,-1.0,335.09,8.0,-1.0,338.0,6.0,-1.0,341.18,7.0,-1.0,338.33000000000004,5.0,24.1,346.85,6.0,-1.0,351.15999999999997,6.5,-1.0,356.015,4.0,False,False,False,False,False,False,False,False,False,False,False,False,True,False,False,False
8,10,129.59,19,11,133.71,276.0,12,137.87,35.0,13,142.01,581.0,14.0,146.11,671.0,17.0,158.19,6.0,-1.0,160.0,6.0,-1.0,166.03,5.0,10.877932960893855,238.12659217877098,30.310055865921786,10.177131782945736,246.79166666666666,17.75968992248062,11.51222222222222,258.64344444444447,11.255555555555556,8.044117647058824,272.95323529411763,6.6911764705882355,8.096153846153847,283.06673076923073,8.028846153846153,6.184810126582279,298.4777215189873,6.063291139240507,8.3,307.23758620689654,6.189655172413793,4.7215686274509805,309.68549019607843,5.901960784313726,9.057777777777778,315.7886666666667,6.133333333333334,11.286486486486487,315.82216216216216,6.513513513513513,3.771428571428572,320.53464285714284,6.642857142857143,12.416000000000002,329.7432,6.72,1.4857142857142858,335.1142857142857,5.857142857142857,5.626666666666667,335.81,6.733333333333333,3.1,338.62416666666667,6.75,10.266666666666667,339.2711111111111,6.0,-1.0,343.98375,5.75,8.64,341.178,5.8,-1.0,338.33000000000004,5.0,24.1,346.85,6.0,-1.0,351.15999999999997,6.5,-1.0,356.015,4.0,False,False,False,False,False,False,False,False,False,False,False,True,False,False,False,False
11,-1,187.38,4,26,190.56,15.0,27,194.6,300.0,28,198.57,26.0,29.0,202.7,321.0,30.0,206.65,273.0,30.2,208.52,15.0,31.0,210.63,318.0,31.2,212.59,202.0,32.2,216.67,183.0,38.0,238.64,3.0,8.044117647058824,272.95323529411763,6.6911764705882355,8.096153846153847,283.06673076923073,8.028846153846153,6.184810126582279,298.4777215189873,6.063291139240507,8.3,307.23758620689654,6.189655172413793,4.7215686274509805,309.68549019607843,5.901960784313726,9.057777777777778,315.7886666666667,6.133333333333334,11.286486486486487,315.82216216216216,6.513513513513513,3.771428571428572,320.53464285714284,6.642857142857143,12.416000000000002,329.7432,6.72,1.4857142857142858,335.1142857142857,5.857142857142857,5.626666666666667,335.81,6.733333333333333,3.1,338.62416666666667,6.75,10.266666666666667,339.2711111111111,6.0,-1.0,343.98375,5.75,8.64,341.178,5.8,-1.0,338.33000000000004,5.0,24.1,346.85,6.0,-1.0,351.15999999999997,6.5,-1.0,356.015,4.0,False,False,False,False,False,False,True,False,False,False,False,False,False,False,False,False
8,7,258.2,10,8,262.1,199.0,9,266.06,455.0,10,270.11,331.0,12.0,278.11,150.0,14.0,286.31,5.0,-1.0,288.33,4.0,15.0,290.27,5.0,10.877932960893855,238.12659217877098,30.310055865921786,10.177131782945736,246.79166666666666,17.75968992248062,11.51222222222222,258.64344444444447,11.255555555555556,8.044117647058824,272.95323529411763,6.6911764705882355,8.096153846153847,283.06673076923073,8.028846153846153,6.184810126582279,298.4777215189873,6.063291139240507,8.3,307.23758620689654,6.189655172413793,4.7215686274509805,309.68549019607843,5.901960784313726,9.057777777777778,315.7886666666667,6.133333333333334,11.286486486486487,315.82216216216216,6.513513513513513,3.771428571428572,320.53464285714284,6.642857142857143,12.416000000000002,329.7432,6.72,1.4857142857142858,335.1142857142857,5.857142857142857,5.626666666666667,335.81,6.733333333333333,3.1,338.62416666666667,6.75,10.266666666666667,339.2711111111111,6.0,-1.0,343.98375,5.75,8.64,341.178,5.8,-1.0,338.33000000000004,5.0,24.1,346.85,6.0,-1.0,351.15999999999997,6.5,-1.0,356.015,4.0,False,False,False,False,False,False,False,False,False,False,True,False,False,False,False,False
7,5,299.11,3,-1,308.68,6.0,9,314.61,29.0,10,318.69,674.0,11.0,322.81,280.0,12.0,326.87,549.0,13.0,330.67,7.0,12.037473233404711,230.39813704496785,41.95289079229122,10.877932960893855,238.12659217877098,30.310055865921786,10.177131782945736,246.79166666666666,17.75968992248062,11.51222222222222,258.64344444444447,11.255555555555556,8.044117647058824,272.95323529411763,6.6911764705882355,8.096153846153847,283.06673076923073,8.028846153846153,6.184810126582279,298.4777215189873,6.063291139240507,8.3,307.23758620689654,6.189655172413793,4.7215686274509805,309.68549019607843,5.901960784313726,9.057777777777778,315.7886666666667,6.133333333333334,11.286486486486487,315.82216216216216,6.513513513513513,3.771428571428572,320.53464285714284,6.642857142857143,12.416000000000002,329.7432,6.72,1.4857142857142858,335.1142857142857,5.857142857142857,5.626666666666667,335.81,6.733333333333333,3.1,338.62416666666667,6.75,10.266666666666667,339.2711111111111,6.0,-1.0,343.98375,5.75,8.64,341.178,5.8,-1.0,338.33000000000004,5.0,24.1,346.85,6.0,-1.0,351.15999999999997,6.5,-1.0,356.015,4.0,False,True,False,False,False,False,False,False,False,False,False,False,False,False,False,False
7,-1,101.96,3,13,114.43,57.0,14,118.41,1111.0,15,122.27,592.0,16.2,128.32,6.0,17.0,130.41,32.0,18.0,134.46,380.0,12.037473233404711,230.39813704496785,41.95289079229122,10.877932960893855,238.12659217877098,30.310055865921786,10.177131782945736,246.79166666666666,17.75968992248062,11.51222222222222,258.64344444444447,11.255555555555556,8.044117647058824,272.95323529411763,6.6911764705882355,8.096153846153847,283.06673076923073,8.028846153846153,6.184810126582279,298.4777215189873,6.063291139240507,8.3,307.23758620689654,6.189655172413793,4.7215686274509805,309.68549019607843,5.901960784313726,9.057777777777778,315.7886666666667,6.133333333333334,11.286486486486487,315.82216216216216,6.513513513513513,3.771428571428572,320.53464285714284,6.642857142857143,12.416000000000002,329.7432,6.72,1.4857142857142858,335.1142857142857,5.857142857142857,5.626666666666667,335.81,6.733333333333333,3.1,338.62416666666667,6.75,10.266666666666667,339.2711111111111,6.0,-1.0,343.98375,5.75,8.64,341.178,5.8,-1.0,338.33000000000004,5.0,24.1,346.85,6.0,-1.0,351.15999999999997,6.5,-1.0,356.015,4.0,False,False,False,False,False,False,False,False,True,False,False,False,False,False,False,False
7,6,168.5,408,7,172.61,755.0,8,176.58,33.0,9,180.71,933.0,9.3,183.81,6.0,13.0,196.75,4.0,-1.0,197.86,5.0,12.037473233404711,230.39813704496785,41.95289079229122,10.877932960893855,238.12659217877098,30.310055865921786,10.177131782945736,246.79166666666666,17.75968992248062,11.51222222222222,258.64344444444447,11.255555555555556,8.044117647058824,272.95323529411763,6.6911764705882355,8.096153846153847,283.06673076923073,8.028846153846153,6.184810126582279,298.4777215189873,6.063291139240507,8.3,307.23758620689654,6.189655172413793,4.7215686274509805,309.68549019607843,5.901960784313726,9.057777777777778,315.7886666666667,6.133333333333334,11.286486486486487,315.82216216216216,6.513513513513513,3.771428571428572,320.53464285714284,6.642857142857143,12.416000000000002,329.7432,6.72,1.4857142857142858,335.1142857142857,5.857142857142857,5.626666666666667,335.81,6.733333333333333,3.1,338.62416666666667,6.75,10.266666666666667,339.2711111111111,6.0,-1.0,343.98375,5.75,8.64,341.178,5.8,-1.0,338.33000000000004,5.0,24.1,346.85,6.0,-1.0,351.15999999999997,6.5,-1.0,356.015,4.0,False,False,False,False,False,False,False,False,False,False,False,False,False,True,False,False
4,-1,217.48,4,-1,219.92,3.0,11,227.23,309.0,12,231.29,1571.0,11.362921348314606,219.41106741573032,77.95786516853933,12.028571428571428,222.8513210445469,66.27035330261137,12.041229656419528,226.86157323688968,52.7992766726944,12.037473233404711,230.39813704496785,41.95289079229122,10.877932960893855,238.12659217877098,30.310055865921786,10.177131782945736,246.79166666666666,17.75968992248062,11.51222222222222,258.64344444444447,11.255555555555556,8.044117647058824,272.95323529411763,6.6911764705882355,8.096153846153847,283.06673076923073,8.028846153846153,6.184810126582279,298.4777215189873,6.063291139240507,8.3,307.23758620689654,6.189655172413793,4.7215686274509805,309.68549019607843,5.901960784313726,9.057777777777778,315.7886666666667,6.133333333333334,11.286486486486487,315.82216216216216,6.513513513513513,3.771428571428572,320.53464285714284,6.642857142857143,12.416000000000002,329.7432,6.72,1.4857142857142858,335.1142857142857,5.857142857142857,5.626666666666667,335.81,6.733333333333333,3.1,338.62416666666667,6.75,10.266666666666667,339.2711111111111,6.0,-1.0,343.98375,5.75,8.64,341.178,5.8,-1.0,338.33000000000004,5.0,24.1,346.85,6.0,-1.0,351.15999999999997,6.5,-1.0,356.015,4.0,False,False,True,False,False,False,False,False,False,False,False,False,False,False,False,False
8,6,255.92,8,9,267.27,228.0,10,271.09,26.0,11,275.25,491.0,12.0,279.26,919.0,13.0,283.23,337.0,14.0,287.03,6.0,15.0,291.41,5.0,10.877932960893855,238.12659217877098,30.310055865921786,10.177131782945736,246.79166666666666,17.75968992248062,11.51222222222222,258.64344444444447,11.255555555555556,8.044117647058824,272.95323529411763,6.6911764705882355,8.096153846153847,283.06673076923073,8.028846153846153,6.184810126582279,298.4777215189873,6.063291139240507,8.3,307.23758620689654,6.189655172413793,4.7215686274509805,309.68549019607843,5.901960784313726,9.057777777777778,315.7886666666667,6.133333333333334,11.286486486486487,315.82216216216216,6.513513513513513,3.771428571428572,320.53464285714284,6.642857142857143,12.416000000000002,329.7432,6.72,1.4857142857142858,335.1142857142857,5.857142857142857,5.626666666666667,335.81,6.733333333333333,3.1,338.62416666666667,6.75,10.266666666666667,339.2711111111111,6.0,-1.0,343.98375,5.75,8.64,341.178,5.8,-1.0,338.33000000000004,5.0,24.1,346.85,6.0,-1.0,351.15999999999997,6.5,-1.0,356.015,4.0,False,False,False,True,False,False,False,False,False,False,False,False,False,False,False,False
11,16,308.85,27,17,312.75,497.0,-1,320.0,6.0,22,333.12,41.0,23.0,337.15,508.0,24.0,341.11,413.0,25.0,345.2,862.0,-1.0,356.57,5.0,-1.0,362.13,5.0,-1.0,363.57,4.0,-1.0,365.53,5.0,8.044117647058824,272.95323529411763,6.6911764705882355,8.096153846153847,283.06673076923073,8.028846153846153,6.184810126582279,298.4777215189873,6.063291139240507,8.3,307.23758620689654,6.189655172413793,4.7215686274509805,309.68549019607843,5.901960784313726,9.057777777777778,315.7886666666667,6.133333333333334,11.286486486486487,315.82216216216216,6.513513513513513,3.771428571428572,320.53464285714284,6.642857142857143,12.416000000000002,329.7432,6.72,1.4857142857142858,335.1142857142857,5.857142857142857,5.626666666666667,335.81,6.733333333333333,3.1,338.62416666666667,6.75,10.266666666666667,339.2711111111111,6.0,-1.0,343.98375,5.75,8.64,341.178,5.8,-1.0,338.33000000000004,5.0,24.1,346.85,6.0,-1.0,351.15999999999997,6.5,-1.0,356.015,4.0,False,False,False,False,False,False,False,True,False,False,False,False,False,False,False,False
8,10,103.99,361,12,112.14,42.0,12.2,114.0,5.0,13,116.17,651.0,14.0,120.07,223.0,14.2,122.12,389.0,15.0,124.03,188.0,18.2,138.48,7.0,10.877932960893855,238.12659217877098,30.310055865921786,10.177131782945736,246.79166666666666,17.75968992248062,11.51222222222222,258.64344444444447,11.255555555555556,8.044117647058824,272.95323529411763,6.6911764705882355,8.096153846153847,283.06673076923073,8.028846153846153,6.184810126582279,298.4777215189873,6.063291139240507,8.3,307.23758620689654,6.189655172413793,4.7215686274509805,309.68549019607843,5.901960784313726,9.057777777777778,315.7886666666667,6.133333333333334,11.286486486486487,315.82216216216216,6.513513513513513,3.771428571428572,320.53464285714284,6.642857142857143,12.416000000000002,329.7432,6.72,1.4857142857142858,335.1142857142857,5.857142857142857,5.626666666666667,335.81,6.733333333333333,3.1,338.62416666666667,6.75,10.266666666666667,339.2711111111111,6.0,-1.0,343.98375,5.75,8.64,341.178,5.8,-1.0,338.33000000000004,5.0,24.1,346.85,6.0,-1.0,351.15999999999997,6.5,-1.0,356.015,4.0,False,False,False,False,False,True,False,False,False,False,False,False,False,False,False,False
8,10,147.66,10,15,168.19,68.0,16,172.15,1288.0,17,176.19,432.0,18.0,180.24,288.0,-1.0,183.49,7.0,-1.0,186.83,8.0,-1.0,191.11,6.0,10.877932960893855,238.12659217877098,30.310055865921786,10.177131782945736,246.79166666666666,17.75968992248062,11.51222222222222,258.64344444444447,11.255555555555556,8.044117647058824,272.95323529411763,6.6911764705882355,8.096153846153847,283.06673076923073,8.028846153846153,6.184810126582279,298.4777215189873,6.063291139240507,8.3,307.23758620689654,6.189655172413793,4.7215686274509805,309.68549019607843,5.901960784313726,9.057777777777778,315.7886666666667,6.133333333333334,11.286486486486487,315.82216216216216,6.513513513513513,3.771428571428572,320.53464285714284,6.642857142857143,12.416000000000002,329.7432,6.72,1.4857142857142858,335.1142857142857,5.857142857142857,5.626666666666667,335.81,6.733333333333333,3.1,338.62416666666667,6.75,10.266666666666667,339.2711111111111,6.0,-1.0,343.98375,5.75,8.64,341.178,5.8,-1.0,338.33000000000004,5.0,24.1,346.85,6.0,-1.0,351.15999999999997,6.5,-1.0,356.015,4.0,False,False,False,False,False,False,False,False,False,False,False,False,False,False,False,True
8,-1,220.0,9,-1,223.73,9.0,7,224.6,22.0,8,228.74,1085.0,9.0,232.72,202.0,10.0,236.72,337.0,-1.0,243.73,8.0,-1.0,255.37,9.0,10.877932960893855,238.12659217877098,30.310055865921786,10.177131782945736,246.79166666666666,17.75968992248062,11.51222222222222,258.64344444444447,11.255555555555556,8.044117647058824,272.95323529411763,6.6911764705882355,8.096153846153847,283.06673076923073,8.028846153846153,6.184810126582279,298.4777215189873,6.063291139240507,8.3,307.23758620689654,6.189655172413793,4.7215686274509805,309.68549019607843,5.901960784313726,9.057777777777778,315.7886666666667,6.133333333333334,11.286486486486487,315.82216216216216,6.513513513513513,3.771428571428572,320.53464285714284,6.642857142857143,12.416000000000002,329.7432,6.72,1.4857142857142858,335.1142857142857,5.857142857142857,5.626666666666667,335.81,6.733333333333333,3.1,338.62416666666667,6.75,10.266666666666667,339.2711111111111,6.0,-1.0,343.98375,5.75,8.64,341.178,5.8,-1.0,338.33000000000004,5.0,24.1,346.85,6.0,-1.0,351.15999999999997,6.5,-1.0,356.015,4.0,False,False,False,False,False,False,False,False,False,False,False,False,False,False,True,False
10,12,281.13,287,-1,282.59,10.0,13,285.09,460.0,15,293.11,223.0,16.0,297.16,28.0,17.0,301.12,301.0,18.0,305.08,194.0,-1.0,309.92,8.0,21.2,319.65,12.0,-1.0,343.32,9.0,11.51222222222222,258.64344444444447,11.255555555555556,8.044117647058824,272.95323529411763,6.6911764705882355,8.096153846153847,283.06673076923073,8.028846153846153,6.184810126582279,298.4777215189873,6.063291139240507,8.3,307.23758620689654,6.189655172413793,4.7215686274509805,309.68549019607843,5.901960784313726,9.057777777777778,315.7886666666667,6.133333333333334,11.286486486486487,315.82216216216216,6.513513513513513,3.771428571428572,320.53464285714284,6.642857142857143,12.416000000000002,329.7432,6.72,1.4857142857142858,335.1142857142857,5.857142857142857,5.626666666666667,335.81,6.733333333333333,3.1,338.62416666666667,6.75,10.266666666666667,339.2711111111111,6.0,-1.0,343.98375,5.75,8.64,341.178,5.8,-1.0,338.33000000000004,5.0,24.1,346.85,6.0,-1.0,351.15999999999997,6.5,-1.0,356.015,4.0,False,False,False,False,True,False,False,False,False,False,False,False,False,False,False,False
2,X,104.97,696,Y,110.88,656.0,,210.75846753246756,71.04545454545455,,216.6818641810919,87.4513981358189,11.362921348314606,219.41106741573032,77.95786516853933,12.028571428571428,222.8513210445469,66.27035330261137,12.041229656419528,226.86157323688968,52.7992766726944,12.037473233404711,230.39813704496785,41.95289079229122,10.877932960893855,238.12659217877098,30.310055865921786,10.177131782945736,246.79166666666666,17.75968992248062,11.51222222222222,258.64344444444447,11.255555555555556,8.044117647058824,272.95323529411763,6.6911764705882355,8.096153846153847,283.06673076923073,8.028846153846153,6.184810126582279,298.4777215189873,6.063291139240507,8.3,307.23758620689654,6.189655172413793,4.7215686274509805,309.68549019607843,5.901960784313726,9.057777777777778,315.7886666666667,6.133333333333334,11.286486486486487,315.82216216216216,6.513513513513513,3.771428571428572,320.53464285714284,6.642857142857143,12.416000000000002,329.7432,6.72,1.4857142857142858,335.1142857142857,5.857142857142857,5.626666666666667,335.81,6.733333333333333,3.1,338.62416666666667,6.75,10.266666666666667,339.2711111111111,6.0,-1.0,343.98375,5.75,8.64,341.178,5.8,-1.0,338.33000000000004,5.0,24.1,346.85,6.0,-1.0,351.15999999999997,6.5,-1.0,356.015,4.0,True,False,False,False,False,False,False,False,False,False,False,False,False,False,False,False
8,-1,137.26,5,11,148.83,386.0,12,152.95,584.0,13,157.1,398.0,14.0,161.23,185.0,17.0,173.39,12.0,-1.0,175.02,13.0,-1.0,175.56,14.0,10.877932960893855,238.12659217877098,30.310055865921786,10.177131782945736,246.79166666666666,17.75968992248062,11.51222222222222,258.64344444444447,11.255555555555556,8.044117647058824,272.95323529411763,6.6911764705882355,8.096153846153847,283.06673076923073,8.028846153846153,6.184810126582279,298.4777215189873,6.063291139240507,8.3,307.23758620689654,6.189655172413793,4.7215686274509805,309.68549019607843,5.901960784313726,9.057777777777778,315.7886666666667,6.133333333333334,11.286486486486487,315.82216216216216,6.513513513513513,3.771428571428572,320.53464285714284,6.642857142857143,12.416000000000002,329.7432,6.72,1.4857142857142858,335.1142857142857,5.857142857142857,5.626666666666667,335.81,6.733333333333333,3.1,338.62416666666667,6.75,10.266666666666667,339.2711111111111,6.0,-1.0,343.98375,5.75,8.64,341.178,5.8,-1.0,338.33000000000004,5.0,24.1,346.85,6.0,-1.0,351.15999999999997,6.5,-1.0,356.015,4.0,False,False,False,False,False,False,False,False,False,True,False,False,False,False,False,False
14,18,216.99,15,19,221.03,278.0,20,225.08,31.0,21,229.14,361.0,22.0,233.2,285.0,23.0,237.52,12.0,24.0,241.33,22.0,25.0,245.55,244.0,26.0,249.67,190.0,27.0,253.64,180.0,-1.0,264.44,4.0,-1.0,288.17,5.0,-1.0,299.76,3.0,-1.0,342.9,6.0,8.3,307.23758620689654,6.189655172413793,4.7215686274509805,309.68549019607843,5.901960784313726,9.057777777777778,315.7886666666667,6.133333333333334,11.286486486486487,315.82216216216216,6.513513513513513,3.771428571428572,320.53464285714284,6.642857142857143,12.416000000000002,329.7432,6.72,1.4857142857142858,335.1142857142857,5.857142857142857,5.626666666666667,335.81,6.733333333333333,3.1,338.62416666666667,6.75,10.266666666666667,339.2711111111111,6.0,-1.0,343.98375,5.75,8.64,341.178,5.8,-1.0,338.33000000000004,5.0,24.1,346.85,6.0,-1.0,351.15999999999997,6.5,-1.0,356.015,4.0,False,False,False,False,False,False,False,False,False,False,False,False,True,False,False,False
9,-1,113.46,5,-1,114.38,3.0,10,129.7,8.0,11,133.73,124.0,12.0,137.79,14.0,13.0,142.0,244.0,-1.0,144.25,4.0,14.0,146.09,324.0,-1.0,167.27,4.0,10.177131782945736,246.79166666666666,17.75968992248062,11.51222222222222,258.64344444444447,11.255555555555556,8.044117647058824,272.95323529411763,6.6911764705882355,8.096153846153847,283.06673076923073,8.028846153846153,6.184810126582279,298.4777215189873,6.063291139240507,8.3,307.23758620689654,6.189655172413793,4.7215686274509805,309.68549019607843,5.901960784313726,9.057777777777778,315.7886666666667,6.133333333333334,11.286486486486487,315.82216216216216,6.513513513513513,3.771428571428572,320.53464285714284,6.642857142857143,12.416000000000002,329.7432,6.72,1.4857142857142858,335.1142857142857,5.857142857142857,5.626666666666667,335.81,6.733333333333333,3.1,338.62416666666667,6.75,10.266666666666667,339.2711111111111,6.0,-1.0,343.98375,5.75,8.64,341.178,5.8,-1.0,338.33000000000004,5.0,24.1,346.85,6.0,-1.0,351.15999999999997,6.5,-1.0,356.015,4.0,False,False,False,False,False,False,False,False,False,False,False,True,False,False,False,False
13,-1,187.4,5,27,194.64,64.0,-1,197.24,3.0,28,198.62,6.0,29.0,202.79,49.0,30.0,206.78,124.0,31.0,210.7,28.0,31.2,212.71,49.0,32.2,216.79,58.0,34.0,222.67,6.0,-1.0,238.2,5.0,-1.0,241.59,3.0,-1.0,242.18,3.0,6.184810126582279,298.4777215189873,6.063291139240507,8.3,307.23758620689654,6.189655172413793,4.7215686274509805,309.68549019607843,5.901960784313726,9.057777777777778,315.7886666666667,6.133333333333334,11.286486486486487,315.82216216216216,6.513513513513513,3.771428571428572,320.53464285714284,6.642857142857143,12.416000000000002,329.7432,6.72,1.4857142857142858,335.1142857142857,5.857142857142857,5.626666666666667,335.81,6.733333333333333,3.1,338.62416666666667,6.75,10.266666666666667,339.2711111111111,6.0,-1.0,343.98375,5.75,8.64,341.178,5.8,-1.0,338.33000000000004,5.0,24.1,346.85,6.0,-1.0,351.15999999999997,6.5,-1.0,356.015,4.0,False,False,False,False,False,False,True,False,False,False,False,False,False,False,False,False
8,-1,254.9,7,-1,256.97,5.0,7,258.25,4.0,-1,259.05,3.0,8.0,262.04,65.0,9.0,266.04,140.0,10.0,270.14,81.0,12.0,278.11,19.0,10.877932960893855,238.12659217877098,30.310055865921786,10.177131782945736,246.79166666666666,17.75968992248062,11.51222222222222,258.64344444444447,11.255555555555556,8.044117647058824,272.95323529411763,6.6911764705882355,8.096153846153847,283.06673076923073,8.028846153846153,6.184810126582279,298.4777215189873,6.063291139240507,8.3,307.23758620689654,6.189655172413793,4.7215686274509805,309.68549019607843,5.901960784313726,9.057777777777778,315.7886666666667,6.133333333333334,11.286486486486487,315.82216216216216,6.513513513513513,3.771428571428572,320.53464285714284,6.642857142857143,12.416000000000002,329.7432,6.72,1.4857142857142858,335.1142857142857,5.857142857142857,5.626666666666667,335.81,6.733333333333333,3.1,338.62416666666667,6.75,10.266666666666667,339.2711111111111,6.0,-1.0,343.98375,5.75,8.64,341.178,5.8,-1.0,338.33000000000004,5.0,24.1,346.85,6.0,-1.0,351.15999999999997,6.5,-1.0,356.015,4.0,False,False,False,False,False,False,False,False,False,False,True,False,False,False,False,False
6,-1,307.32,4,-1,308.06,4.0,10,318.78,147.0,11,322.88,66.0,12.0,326.84,43.0,-1.0,333.28,4.0,12.041229656419528,226.86157323688968,52.7992766726944,12.037473233404711,230.39813704496785,41.95289079229122,10.877932960893855,238.12659217877098,30.310055865921786,10.177131782945736,246.79166666666666,17.75968992248062,11.51222222222222,258.64344444444447,11.255555555555556,8.044117647058824,272.95323529411763,6.6911764705882355,8.096153846153847,283.06673076923073,8.028846153846153,6.184810126582279,298.4777215189873,6.063291139240507,8.3,307.23758620689654,6.189655172413793,4.7215686274509805,309.68549019607843,5.901960784313726,9.057777777777778,315.7886666666667,6.133333333333334,11.286486486486487,315.82216216216216,6.513513513513513,3.771428571428572,320.53464285714284,6.642857142857143,12.416000000000002,329.7432,6.72,1.4857142857142858,335.1142857142857,5.857142857142857,5.626666666666667,335.81,6.733333333333333,3.1,338.62416666666667,6.75,10.266666666666667,339.2711111111111,6.0,-1.0,343.98375,5.75,8.64,341.178,5.8,-1.0,338.33000000000004,5.0,24.1,346.85,6.0,-1.0,351.15999999999997,6.5,-1.0,356.015,4.0,False,True,False,False,False,False,False,False,False,False,False,False,False,False,False,False
10,-1,94.31,3,-1,97.53,3.0,-1,98.38,6.0,-1,100.0,6.0,-1.0,112.07,6.0,14.0,118.43,595.0,15.0,122.27,422.0,17.0,130.62,20.0,18.0,134.51,221.0,-1.0,135.68,7.0,11.51222222222222,258.64344444444447,11.255555555555556,8.044117647058824,272.95323529411763,6.6911764705882355,8.096153846153847,283.06673076923073,8.028846153846153,6.184810126582279,298.4777215189873,6.063291139240507,8.3,307.23758620689654,6.189655172413793,4.7215686274509805,309.68549019607843,5.901960784313726,9.057777777777778,315.7886666666667,6.133333333333334,11.286486486486487,315.82216216216216,6.513513513513513,3.771428571428572,320.53464285714284,6.642857142857143,12.416000000000002,329.7432,6.72,1.4857142857142858,335.1142857142857,5.857142857142857,5.626666666666667,335.81,6.733333333333333,3.1,338.62416666666667,6.75,10.266666666666667,339.2711111111111,6.0,-1.0,343.98375,5.75,8.64,341.178,5.8,-1.0,338.33000000000004,5.0,24.1,346.85,6.0,-1.0,351.15999999999997,6.5,-1.0,356.015,4.0,False,False,False,False,False,False,False,False,True,False,False,False,False,False,False,False
10,3,156.91,6,-1,162.08,9.0,5,164.07,10.0,6,168.63,215.0,7.0,172.71,190.0,8.0,176.79,18.0,-1.0,178.08,5.0,9.0,180.81,383.0,11.0,188.7,3.0,-1.0,193.99,10.0,11.51222222222222,258.64344444444447,11.255555555555556,8.044117647058824,272.95323529411763,6.6911764705882355,8.096153846153847,283.06673076923073,8.028846153846153,6.184810126582279,298.4777215189873,6.063291139240507,8.3,307.23758620689654,6.189655172413793,4.7215686274509805,309.68549019607843,5.901960784313726,9.057777777777778,315.7886666666667,6.133333333333334,11.286486486486487,315.82216216216216,6.513513513513513,3.771428571428572,320.53464285714284,6.642857142857143,12.416000000000002,329.7432,6.72,1.4857142857142858,335.1142857142857,5.857142857142857,5.626666666666667,335.81,6.733333333333333,3.1,338.62416666666667,6.75,10.266666666666667,339.2711111111111,6.0,-1.0,343.98375,5.75,8.64,341.178,5.8,-1.0,338.33000000000004,5.0,24.1,346.85,6.0,-1.0,351.15999999999997,6.5,-1.0,356.015,4.0,False,False,False,False,False,False,False,False,False,False,False,False,False,True,False,False
7,-1,208.14,5,-1,220.97,5.0,-1,221.78,7.0,11,227.22,142.0,12.0,231.28,473.0,-1.0,237.23,5.0,-1.0,239.92,6.0,12.037473233404711,230.39813704496785,41.95289079229122,10.877932960893855,238.12659217877098,30.310055865921786,10.177131782945736,246.79166666666666,17.75968992248062,11.51222222222222,258.64344444444447,11.255555555555556,8.044117647058824,272.95323529411763,6.6911764705882355,8.096153846153847,283.06673076923073,8.028846153846153,6.184810126582279,298.4777215189873,6.063291139240507,8.3,307.23758620689654,6.189655172413793,4.7215686274509805,309.68549019607843,5.901960784313726,9.057777777777778,315.7886666666667,6.133333333333334,11.286486486486487,315.82216216216216,6.513513513513513,3.771428571428572,320.53464285714284,6.642857142857143,12.416000000000002,329.7432,6.72,1.4857142857142858,335.1142857142857,5.857142857142857,5.626666666666667,335.81,6.733333333333333,3.1,338.62416666666667,6.75,10.266666666666667,339.2711111111111,6.0,-1.0,343.98375,5.75,8.64,341.178,5.8,-1.0,338.33000000000004,5.0,24.1,346.85,6.0,-1.0,351.15999999999997,6.5,-1.0,356.015,4.0,False,False,True,False,False,False,False,False,False,False,False,False,False,False,False,False
7,-1,264.08,9,9,267.27,63.0,-1,269.89,6.0,11,275.31,68.0,12.0,279.26,164.0,13.0,283.16,51.0,-1.0,285.35,8.0,12.037473233404711,230.39813704496785,41.95289079229122,10.877932960893855,238.12659217877098,30.310055865921786,10.177131782945736,246.79166666666666,17.75968992248062,11.51222222222222,258.64344444444447,11.255555555555556,8.044117647058824,272.95323529411763,6.6911764705882355,8.096153846153847,283.06673076923073,8.028846153846153,6.184810126582279,298.4777215189873,6.063291139240507,8.3,307.23758620689654,6.189655172413793,4.7215686274509805,309.68549019607843,5.901960784313726,9.057777777777778,315.7886666666667,6.133333333333334,11.286486486486487,315.82216216216216,6.513513513513513,3.771428571428572,320.53464285714284,6.642857142857143,12.416000000000002,329.7432,6.72,1.4857142857142858,335.1142857142857,5.857142857142857,5.626666666666667,335.81,6.733333333333333,3.1,338.62416666666667,6.75,10.266666666666667,339.2711111111111,6.0,-1.0,343.98375,5.75,8.64,341.178,5.8,-1.0,338.33000000000004,5.0,24.1,346.85,6.0,-1.0,351.15999999999997,6.5,-1.0,356.015,4.0,False,False,False,True,False,False,False,False,False,False,False,False,False,False,False,False
11,17,312.67,57,-1,316.43,6.0,18,317.3,6.0,-1,320.0,6.0,-1.0,326.59,6.0,23.0,337.27,43.0,-1.0,339.17,3.0,24.0,341.26,69.0,25.0,345.3,90.0,-1.0,363.49,7.0,-1.0,365.24,5.0,8.044117647058824,272.95323529411763,6.6911764705882355,8.096153846153847,283.06673076923073,8.028846153846153,6.184810126582279,298.4777215189873,6.063291139240507,8.3,307.23758620689654,6.189655172413793,4.7215686274509805,309.68549019607843,5.901960784313726,9.057777777777778,315.7886666666667,6.133333333333334,11.286486486486487,315.82216216216216,6.513513513513513,3.771428571428572,320.53464285714284,6.642857142857143,12.416000000000002,329.7432,6.72,1.4857142857142858,335.1142857142857,5.857142857142857,5.626666666666667,335.81,6.733333333333333,3.1,338.62416666666667,6.75,10.266666666666667,339.2711111111111,6.0,-1.0,343.98375,5.75,8.64,341.178,5.8,-1.0,338.33000000000004,5.0,24.1,346.85,6.0,-1.0,351.15999999999997,6.5,-1.0,356.015,4.0,False,False,False,False,False,False,False,True,False,False,False,False,False,False,False,False
8,9,100.31,11,10,104.07,218.0,12,112.22,26.0,13,116.25,417.0,14.0,120.23,182.0,14.2,122.2,222.0,15.0,124.17,167.0,18.2,138.27,9.0,10.877932960893855,238.12659217877098,30.310055865921786,10.177131782945736,246.79166666666666,17.75968992248062,11.51222222222222,258.64344444444447,11.255555555555556,8.044117647058824,272.95323529411763,6.6911764705882355,8.096153846153847,283.06673076923073,8.028846153846153,6.184810126582279,298.4777215189873,6.063291139240507,8.3,307.23758620689654,6.189655172413793,4.7215686274509805,309.68549019607843,5.901960784313726,9.057777777777778,315.7886666666667,6.133333333333334,11.286486486486487,315.82216216216216,6.513513513513513,3.771428571428572,320.53464285714284,6.642857142857143,12.416000000000002,329.7432,6.72,1.4857142857142858,335.1142857142857,5.857142857142857,5.626666666666667,335.81,6.733333333333333,3.1,338.62416666666667,6.75,10.266666666666667,339.2711111111111,6.0,-1.0,343.98375,5.75,8.64,341.178,5.8,-1.0,338.33000000000004,5.0,24.1,346.85,6.0,-1.0,351.15999999999997,6.5,-1.0,356.015,4.0,False,False,False,False,False,True,False,False,False,False,False,False,False,False,False,False
9,-1,160.88,6,15,168.23,19.0,16,172.23,331.0,17,176.31,80.0,18.0,180.33,67.0,-1.0,183.58,7.0,20.0,188.3,7.0,-1.0,189.27,8.0,-1.0,201.51,8.0,10.177131782945736,246.79166666666666,17.75968992248062,11.51222222222222,258.64344444444447,11.255555555555556,8.044117647058824,272.95323529411763,6.6911764705882355,8.096153846153847,283.06673076923073,8.028846153846153,6.184810126582279,298.4777215189873,6.063291139240507,8.3,307.23758620689654,6.189655172413793,4.7215686274509805,309.68549019607843,5.901960784313726,9.057777777777778,315.7886666666667,6.133333333333334,11.286486486486487,315.82216216216216,6.513513513513513,3.771428571428572,320.53464285714284,6.642857142857143,12.416000000000002,329.7432,6.72,1.4857142857142858,335.1142857142857,5.857142857142857,5.626666666666667,335.81,6.733333333333333,3.1,338.62416666666667,6.75,10.266666666666667,339.2711111111111,6.0,-1.0,343.98375,5.75,8.64,341.178,5.8,-1.0,338.33000000000004,5.0,24.1,346.85,6.0,-1.0,351.15999999999997,6.5,-1.0,356.015,4.0,False,False,False,False,False,False,False,False,False,False,False,False,False,False,False,True
6,-1,221.46,9,-1,226.41,6.0,8,228.84,278.0,9,232.83,68.0,10.0,236.82,76.0,12.0,245.27,8.0,12.041229656419528,226.86157323688968,52.7992766726944,12.037473233404711,230.39813704496785,41.95289079229122,10.877932960893855,238.12659217877098,30.310055865921786,10.177131782945736,246.79166666666666,17.75968992248062,11.51222222222222,258.64344444444447,11.255555555555556,8.044117647058824,272.95323529411763,6.6911764705882355,8.096153846153847,283.06673076923073,8.028846153846153,6.184810126582279,298.4777215189873,6.063291139240507,8.3,307.23758620689654,6.189655172413793,4.7215686274509805,309.68549019607843,5.901960784313726,9.057777777777778,315.7886666666667,6.133333333333334,11.286486486486487,315.82216216216216,6.513513513513513,3.771428571428572,320.53464285714284,6.642857142857143,12.416000000000002,329.7432,6.72,1.4857142857142858,335.1142857142857,5.857142857142857,5.626666666666667,335.81,6.733333333333333,3.1,338.62416666666667,6.75,10.266666666666667,339.2711111111111,6.0,-1.0,343.98375,5.75,8.64,341.178,5.8,-1.0,338.33000000000004,5.0,24.1,346.85,6.0,-1.0,351.15999999999997,6.5,-1.0,356.015,4.0,False,False,False,False,False,False,False,False,False,False,False,False,False,False,True,False
10,-1,278.02,9,12,281.14,87.0,-1,282.35,10.0,13,285.11,89.0,15.0,293.04,74.0,17.0,301.11,42.0,18.0,305.05,28.0,-1.0,309.69,10.0,-1.0,325.07,4.0,-1.0,336.19,8.0,11.51222222222222,258.64344444444447,11.255555555555556,8.044117647058824,272.95323529411763,6.6911764705882355,8.096153846153847,283.06673076923073,8.028846153846153,6.184810126582279,298.4777215189873,6.063291139240507,8.3,307.23758620689654,6.189655172413793,4.7215686274509805,309.68549019607843,5.901960784313726,9.057777777777778,315.7886666666667,6.133333333333334,11.286486486486487,315.82216216216216,6.513513513513513,3.771428571428572,320.53464285714284,6.642857142857143,12.416000000000002,329.7432,6.72,1.4857142857142858,335.1142857142857,5.857142857142857,5.626666666666667,335.81,6.733333333333333,3.1,338.62416666666667,6.75,10.266666666666667,339.2711111111111,6.0,-1.0,343.98375,5.75,8.64,341.178,5.8,-1.0,338.33000000000004,5.0,24.1,346.85,6.0,-1.0,351.15999999999997,6.5,-1.0,356.015,4.0,False,False,False,False,True,False,False,False,False,False,False,False,False,False,False,False
2,X,104.93,578,Y,110.91,617.0,,210.75846753246756,71.04545454545455,,216.6818641810919,87.4513981358189,11.362921348314606,219.41106741573032,77.95786516853933,12.028571428571428,222.8513210445469,66.27035330261137,12.041229656419528,226.86157323688968,52.7992766726944,12.037473233404711,230.39813704496785,41.95289079229122,10.877932960893855,238.12659217877098,30.310055865921786,10.177131782945736,246.79166666666666,17.75968992248062,11.51222222222222,258.64344444444447,11.255555555555556,8.044117647058824,272.95323529411763,6.6911764705882355,8.096153846153847,283.06673076923073,8.028846153846153,6.184810126582279,298.4777215189873,6.063291139240507,8.3,307.23758620689654,6.189655172413793,4.7215686274509805,309.68549019607843,5.901960784313726,9.057777777777778,315.7886666666667,6.133333333333334,11.286486486486487,315.82216216216216,6.513513513513513,3.771428571428572,320.53464285714284,6.642857142857143,12.416000000000002,329.7432,6.72,1.4857142857142858,335.1142857142857,5.857142857142857,5.626666666666667,335.81,6.733333333333333,3.1,338.62416666666667,6.75,10.266666666666667,339.2711111111111,6.0,-1.0,343.98375,5.75,8.64,341.178,5.8,-1.0,338.33000000000004,5.0,24.1,346.85,6.0,-1.0,351.15999999999997,6.5,-1.0,356.015,4.0,True,False,False,False,False,False,False,False,False,False,False,False,False,False,False,False
8,-1,126.47,9,-1,137.87,12.0,11,148.91,164.0,12,153.02,253.0,13.0,157.16,90.0,14.0,161.28,59.0,-1.0,167.27,9.0,-1.0,175.67,10.0,10.877932960893855,238.12659217877098,30.310055865921786,10.177131782945736,246.79166666666666,17.75968992248062,11.51222222222222,258.64344444444447,11.255555555555556,8.044117647058824,272.95323529411763,6.6911764705882355,8.096153846153847,283.06673076923073,8.028846153846153,6.184810126582279,298.4777215189873,6.063291139240507,8.3,307.23758620689654,6.189655172413793,4.7215686274509805,309.68549019607843,5.901960784313726,9.057777777777778,315.7886666666667,6.133333333333334,11.286486486486487,315.82216216216216,6.513513513513513,3.771428571428572,320.53464285714284,6.642857142857143,12.416000000000002,329.7432,6.72,1.4857142857142858,335.1142857142857,5.857142857142857,5.626666666666667,335.81,6.733333333333333,3.1,338.62416666666667,6.75,10.266666666666667,339.2711111111111,6.0,-1.0,343.98375,5.75,8.64,341.178,5.8,-1.0,338.33000000000004,5.0,24.1,346.85,6.0,-1.0,351.15999999999997,6.5,-1.0,356.015,4.0,False,False,False,False,False,False,False,False,False,True,False,False,False,False,False,False
21,19,220.89,71,19.2,223.32,8.0,21,229.09,101.0,22,233.15,91.0,23.2,239.51,8.0,25.0,245.51,77.0,26.0,249.59,61.0,27.0,253.53,123.0,-1.0,262.29,7.0,-1.0,269.97,8.0,-1.0,277.69,8.0,-1.0,286.97,7.0,-1.0,292.31,7.0,-1.0,296.6,7.0,-1.0,307.4,7.0,-1.0,311.51,10.0,-1.0,317.12,9.0,46.2,332.45,7.0,-1.0,345.47,9.0,-1.0,350.43,9.0,-1.0,356.98,7.0,5.626666666666667,335.81,6.733333333333333,3.1,338.62416666666667,6.75,10.266666666666667,339.2711111111111,6.0,-1.0,343.98375,5.75,8.64,341.178,5.8,-1.0,338.33000000000004,5.0,24.1,346.85,6.0,-1.0,351.15999999999997,6.5,-1.0,356.015,4.0,False,False,False,False,False,False,False,False,False,False,False,False,True,False,False,False
8,-1,127.9,3,10,129.76,9.0,11,133.73,143.0,12,137.95,25.0,13.0,142.08,316.0,14.0,146.11,243.0,-1.0,147.58,3.0,19.0,166.41,3.0,10.877932960893855,238.12659217877098,30.310055865921786,10.177131782945736,246.79166666666666,17.75968992248062,11.51222222222222,258.64344444444447,11.255555555555556,8.044117647058824,272.95323529411763,6.6911764705882355,8.096153846153847,283.06673076923073,8.028846153846153,6.184810126582279,298.4777215189873,6.063291139240507,8.3,307.23758620689654,6.189655172413793,4.7215686274509805,309.68549019607843,5.901960784313726,9.057777777777778,315.7886666666667,6.133333333333334,11.286486486486487,315.82216216216216,6.513513513513513,3.771428571428572,320.53464285714284,6.642857142857143,12.416000000000002,329.7432,6.72,1.4857142857142858,335.1142857142857,5.857142857142857,5.626666666666667,335.81,6.733333333333333,3.1,338.62416666666667,6.75,10.266666666666667,339.2711111111111,6.0,-1.0,343.98375,5.75,8.64,341.178,5.8,-1.0,338.33000000000004,5.0,24.1,346.85,6.0,-1.0,351.15999999999997,6.5,-1.0,356.015,4.0,False,False,False,False,False,False,False,False,False,False,False,True,False,False,False,False
12,24.2,184.44,5,-1,187.38,3.0,27,194.6,160.0,28,198.65,8.0,29.0,202.7,102.0,30.0,206.65,216.0,30.2,208.68,7.0,31.0,210.63,75.0,31.2,212.59,95.0,32.2,216.67,118.0,-1.0,226.36,3.0,39.0,243.45,4.0,8.096153846153847,283.06673076923073,8.028846153846153,6.184810126582279,298.4777215189873,6.063291139240507,8.3,307.23758620689654,6.189655172413793,4.7215686274509805,309.68549019607843,5.901960784313726,9.057777777777778,315.7886666666667,6.133333333333334,11.286486486486487,315.82216216216216,6.513513513513513,3.771428571428572,320.53464285714284,6.642857142857143,12.416000000000002,329.7432,6.72,1.4857142857142858,335.1142857142857,5.857142857142857,5.626666666666667,335.81,6.733333333333333,3.1,338.62416666666667,6.75,10.266666666666667,339.2711111111111,6.0,-1.0,343.98375,5.75,8.64,341.178,5.8,-1.0,338.33000000000004,5.0,24.1,346.85,6.0,-1.0,351.15999999999997,6.5,-1.0,356.015,4.0,False,False,False,False,False,False,True,False,False,False,False,False,False,False,False,False
7,7,258.58,6,8,262.1,35.0,9,266.07,190.0,10,270.13,137.0,12.0,278.12,54.0,-1.0,288.26,5.0,15.0,290.2,4.0,12.037473233404711,230.39813704496785,41.95289079229122,10.877932960893855,238.12659217877098,30.310055865921786,10.177131782945736,246.79166666666666,17.75968992248062,11.51222222222222,258.64344444444447,11.255555555555556,8.044117647058824,272.95323529411763,6.6911764705882355,8.096153846153847,283.06673076923073,8.028846153846153,6.184810126582279,298.4777215189873,6.063291139240507,8.3,307.23758620689654,6.189655172413793,4.7215686274509805,309.68549019607843,5.901960784313726,9.057777777777778,315.7886666666667,6.133333333333334,11.286486486486487,315.82216216216216,6.513513513513513,3.771428571428572,320.53464285714284,6.642857142857143,12.416000000000002,329.7432,6.72,1.4857142857142858,335.1142857142857,5.857142857142857,5.626666666666667,335.81,6.733333333333333,3.1,338.62416666666667,6.75,10.266666666666667,339.2711111111111,6.0,-1.0,343.98375,5.75,8.64,341.178,5.8,-1.0,338.33000000000004,5.0,24.1,346.85,6.0,-1.0,351.15999999999997,6.5,-1.0,356.015,4.0,False,False,False,False,False,False,False,False,False,False,True,False,False,False,False,False
4,9,314.35,11,10,318.69,200.0,11,322.81,98.0,12,326.88,262.0,11.362921348314606,219.41106741573032,77.95786516853933,12.028571428571428,222.8513210445469,66.27035330261137,12.041229656419528,226.86157323688968,52.7992766726944,12.037473233404711,230.39813704496785,41.95289079229122,10.877932960893855,238.12659217877098,30.310055865921786,10.177131782945736,246.79166666666666,17.75968992248062,11.51222222222222,258.64344444444447,11.255555555555556,8.044117647058824,272.95323529411763,6.6911764705882355,8.096153846153847,283.06673076923073,8.028846153846153,6.184810126582279,298.4777215189873,6.063291139240507,8.3,307.23758620689654,6.189655172413793,4.7215686274509805,309.68549019607843,5.901960784313726,9.057777777777778,315.7886666666667,6.133333333333334,11.286486486486487,315.82216216216216,6.513513513513513,3.771428571428572,320.53464285714284,6.642857142857143,12.416000000000002,329.7432,6.72,1.4857142857142858,335.1142857142857,5.857142857142857,5.626666666666667,335.81,6.733333333333333,3.1,338.62416666666667,6.75,10.266666666666667,339.2711111111111,6.0,-1.0,343.98375,5.75,8.64,341.178,5.8,-1.0,338.33000000000004,5.0,24.1,346.85,6.0,-1.0,351.15999999999997,6.5,-1.0,356.015,4.0,False,True,False,False,False,False,False,False,False,False,False,False,False,False,False,False
7,-1,100.98,5,14,118.39,629.0,15,122.28,179.0,-1,127.3,6.0,17.0,130.51,18.0,18.0,134.56,201.0,18.2,136.14,6.0,12.037473233404711,230.39813704496785,41.95289079229122,10.877932960893855,238.12659217877098,30.310055865921786,10.177131782945736,246.79166666666666,17.75968992248062,11.51222222222222,258.64344444444447,11.255555555555556,8.044117647058824,272.95323529411763,6.6911764705882355,8.096153846153847,283.06673076923073,8.028846153846153,6.184810126582279,298.4777215189873,6.063291139240507,8.3,307.23758620689654,6.189655172413793,4.7215686274509805,309.68549019607843,5.901960784313726,9.057777777777778,315.7886666666667,6.133333333333334,11.286486486486487,315.82216216216216,6.513513513513513,3.771428571428572,320.53464285714284,6.642857142857143,12.416000000000002,329.7432,6.72,1.4857142857142858,335.1142857142857,5.857142857142857,5.626666666666667,335.81,6.733333333333333,3.1,338.62416666666667,6.75,10.266666666666667,339.2711111111111,6.0,-1.0,343.98375,5.75,8.64,341.178,5.8,-1.0,338.33000000000004,5.0,24.1,346.85,6.0,-1.0,351.15999999999997,6.5,-1.0,356.015,4.0,False,False,False,False,False,False,False,False,True,False,False,False,False,False,False,False
7,-1,165.25,5,6,168.58,153.0,7,172.61,294.0,8,176.58,25.0,9.0,180.71,877.0,-1.0,186.43,2.0,-1.0,196.27,5.0,12.037473233404711,230.39813704496785,41.95289079229122,10.877932960893855,238.12659217877098,30.310055865921786,10.177131782945736,246.79166666666666,17.75968992248062,11.51222222222222,258.64344444444447,11.255555555555556,8.044117647058824,272.95323529411763,6.6911764705882355,8.096153846153847,283.06673076923073,8.028846153846153,6.184810126582279,298.4777215189873,6.063291139240507,8.3,307.23758620689654,6.189655172413793,4.7215686274509805,309.68549019607843,5.901960784313726,9.057777777777778,315.7886666666667,6.133333333333334,11.286486486486487,315.82216216216216,6.513513513513513,3.771428571428572,320.53464285714284,6.642857142857143,12.416000000000002,329.7432,6.72,1.4857142857142858,335.1142857142857,5.857142857142857,5.626666666666667,335.81,6.733333333333333,3.1,338.62416666666667,6.75,10.266666666666667,339.2711111111111,6.0,-1.0,343.98375,5.75,8.64,341.178,5.8,-1.0,338.33000000000004,5.0,24.1,346.85,6.0,-1.0,351.15999999999997,6.5,-1.0,356.015,4.0,False,False,False,False,False,False,False,False,False,False,False,False,False,True,False,False
5,-1,221.67,3,10,222.94,9.0,11,227.24,113.0,12,231.22,872.0,13.0,235.37,12.0,12.028571428571428,222.8513210445469,66.27035330261137,12.041229656419528,226.86157323688968,52.7992766726944,12.037473233404711,230.39813704496785,41.95289079229122,10.877932960893855,238.12659217877098,30.310055865921786,10.177131782945736,246.79166666666666,17.75968992248062,11.51222222222222,258.64344444444447,11.255555555555556,8.044117647058824,272.95323529411763,6.6911764705882355,8.096153846153847,283.06673076923073,8.028846153846153,6.184810126582279,298.4777215189873,6.063291139240507,8.3,307.23758620689654,6.189655172413793,4.7215686274509805,309.68549019607843,5.901960784313726,9.057777777777778,315.7886666666667,6.133333333333334,11.286486486486487,315.82216216216216,6.513513513513513,3.771428571428572,320.53464285714284,6.642857142857143,12.416000000000002,329.7432,6.72,1.4857142857142858,335.1142857142857,5.857142857142857,5.626666666666667,335.81,6.733333333333333,3.1,338.62416666666667,6.75,10.266666666666667,339.2711111111111,6.0,-1.0,343.98375,5.75,8.64,341.178,5.8,-1.0,338.33000000000004,5.0,24.1,346.85,6.0,-1.0,351.15999999999997,6.5,-1.0,356.015,4.0,False,False,True,False,False,False,False,False,False,False,False,False,False,False,False,False
6,-1,250.8,7,9,267.28,127.0,10,271.35,16.0,11,275.26,323.0,12.0,279.26,435.0,13.0,283.24,246.0,12.041229656419528,226.86157323688968,52.7992766726944,12.037473233404711,230.39813704496785,41.95289079229122,10.877932960893855,238.12659217877098,30.310055865921786,10.177131782945736,246.79166666666666,17.75968992248062,11.51222222222222,258.64344444444447,11.255555555555556,8.044117647058824,272.95323529411763,6.6911764705882355,8.096153846153847,283.06673076923073,8.028846153846153,6.184810126582279,298.4777215189873,6.063291139240507,8.3,307.23758620689654,6.189655172413793,4.7215686274509805,309.68549019607843,5.901960784313726,9.057777777777778,315.7886666666667,6.133333333333334,11.286486486486487,315.82216216216216,6.513513513513513,3.771428571428572,320.53464285714284,6.642857142857143,12.416000000000002,329.7432,6.72,1.4857142857142858,335.1142857142857,5.857142857142857,5.626666666666667,335.81,6.733333333333333,3.1,338.62416666666667,6.75,10.266666666666667,339.2711111111111,6.0,-1.0,343.98375,5.75,8.64,341.178,5.8,-1.0,338.33000000000004,5.0,24.1,346.85,6.0,-1.0,351.15999999999997,6.5,-1.0,356.015,4.0,False,False,False,True,False,False,False,False,False,False,False,False,False,False,False,False
9,-1,307.0,4,16,308.79,11.0,17,312.75,130.0,22,333.04,19.0,-1.0,334.47,8.0,23.0,337.15,204.0,24.0,341.1,261.0,25.0,345.18,449.0,29.0,361.1,5.0,10.177131782945736,246.79166666666666,17.75968992248062,11.51222222222222,258.64344444444447,11.255555555555556,8.044117647058824,272.95323529411763,6.6911764705882355,8.096153846153847,283.06673076923073,8.028846153846153,6.184810126582279,298.4777215189873,6.063291139240507,8.3,307.23758620689654,6.189655172413793,4.7215686274509805,309.68549019607843,5.901960784313726,9.057777777777778,315.7886666666667,6.133333333333334,11.286486486486487,315.82216216216216,6.513513513513513,3.771428571428572,320.53464285714284,6.642857142857143,12.416000000000002,329.7432,6.72,1.4857142857142858,335.1142857142857,5.857142857142857,5.626666666666667,335.81,6.733333333333333,3.1,338.62416666666667,6.75,10.266666666666667,339.2711111111111,6.0,-1.0,343.98375,5.75,8.64,341.178,5.8,-1.0,338.33000000000004,5.0,24.1,346.85,6.0,-1.0,351.15999999999997,6.5,-1.0,356.015,4.0,False,False,False,False,False,False,False,True,False,False,False,False,False,False,False,False
7,-1,99.33,11,10,103.98,123.0,13,116.2,240.0,14,120.15,64.0,14.2,122.13,112.0,15.0,124.12,136.0,-1.0,139.77,8.0,12.037473233404711,230.39813704496785,41.95289079229122,10.877932960893855,238.12659217877098,30.310055865921786,10.177131782945736,246.79166666666666,17.75968992248062,11.51222222222222,258.64344444444447,11.255555555555556,8.044117647058824,272.95323529411763,6.6911764705882355,8.096153846153847,283.06673076923073,8.028846153846153,6.184810126582279,298.4777215189873,6.063291139240507,8.3,307.23758620689654,6.189655172413793,4.7215686274509805,309.68549019607843,5.901960784313726,9.057777777777778,315.7886666666667,6.133333333333334,11.286486486486487,315.82216216216216,6.513513513513513,3.771428571428572,320.53464285714284,6.642857142857143,12.416000000000002,329.7432,6.72,1.4857142857142858,335.1142857142857,5.857142857142857,5.626666666666667,335.81,6.733333333333333,3.1,338.62416666666667,6.75,10.266666666666667,339.2711111111111,6.0,-1.0,343.98375,5.75,8.64,341.178,5.8,-1.0,338.33000000000004,5.0,24.1,346.85,6.0,-1.0,351.15999999999997,6.5,-1.0,356.015,4.0,False,False,False,False,False,True,False,False,False,False,False,False,False,False,False,False
12,-1,146.81,5,-1,157.18,10.0,-1,157.88,8.0,-1,158.98,10.0,13.0,160.39,11.0,15.0,168.04,38.0,16.0,172.15,581.0,17.0,176.19,157.0,18.0,180.24,110.0,21.0,192.22,9.0,22.0,196.67,9.0,-1.0,198.41,12.0,8.096153846153847,283.06673076923073,8.028846153846153,6.184810126582279,298.4777215189873,6.063291139240507,8.3,307.23758620689654,6.189655172413793,4.7215686274509805,309.68549019607843,5.901960784313726,9.057777777777778,315.7886666666667,6.133333333333334,11.286486486486487,315.82216216216216,6.513513513513513,3.771428571428572,320.53464285714284,6.642857142857143,12.416000000000002,329.7432,6.72,1.4857142857142858,335.1142857142857,5.857142857142857,5.626666666666667,335.81,6.733333333333333,3.1,338.62416666666667,6.75,10.266666666666667,339.2711111111111,6.0,-1.0,343.98375,5.75,8.64,341.178,5.8,-1.0,338.33000000000004,5.0,24.1,346.85,6.0,-1.0,351.15999999999997,6.5,-1.0,356.015,4.0,False,False,False,False,False,False,False,False,False,False,False,False,False,False,False,True
7,7,224.69,17,8,228.75,463.0,9,232.74,56.0,-1,234.81,6.0,10.0,236.73,151.0,12.0,244.93,9.0,-1.0,257.07,4.0,12.037473233404711,230.39813704496785,41.95289079229122,10.877932960893855,238.12659217877098,30.310055865921786,10.177131782945736,246.79166666666666,17.75968992248062,11.51222222222222,258.64344444444447,11.255555555555556,8.044117647058824,272.95323529411763,6.6911764705882355,8.096153846153847,283.06673076923073,8.028846153846153,6.184810126582279,298.4777215189873,6.063291139240507,8.3,307.23758620689654,6.189655172413793,4.7215686274509805,309.68549019607843,5.901960784313726,9.057777777777778,315.7886666666667,6.133333333333334,11.286486486486487,315.82216216216216,6.513513513513513,3.771428571428572,320.53464285714284,6.642857142857143,12.416000000000002,329.7432,6.72,1.4857142857142858,335.1142857142857,5.857142857142857,5.626666666666667,335.81,6.733333333333333,3.1,338.62416666666667,6.75,10.266666666666667,339.2711111111111,6.0,-1.0,343.98375,5.75,8.64,341.178,5.8,-1.0,338.33000000000004,5.0,24.1,346.85,6.0,-1.0,351.15999999999997,6.5,-1.0,356.015,4.0,False,False,False,False,False,False,False,False,False,False,False,False,False,False,True,False
12,-1,263.48,7,10,272.89,10.0,12,281.13,124.0,13,285.18,291.0,15.0,293.2,131.0,-1.0,298.54,7.0,17.0,301.11,89.0,18.0,305.05,88.0,-1.0,309.78,3.0,-1.0,322.38,8.0,22.2,324.08,6.0,-1.0,331.69,9.0,8.096153846153847,283.06673076923073,8.028846153846153,6.184810126582279,298.4777215189873,6.063291139240507,8.3,307.23758620689654,6.189655172413793,4.7215686274509805,309.68549019607843,5.901960784313726,9.057777777777778,315.7886666666667,6.133333333333334,11.286486486486487,315.82216216216216,6.513513513513513,3.771428571428572,320.53464285714284,6.642857142857143,12.416000000000002,329.7432,6.72,1.4857142857142858,335.1142857142857,5.857142857142857,5.626666666666667,335.81,6.733333333333333,3.1,338.62416666666667,6.75,10.266666666666667,339.2711111111111,6.0,-1.0,343.98375,5.75,8.64,341.178,5.8,-1.0,338.33000000000004,5.0,24.1,346.85,6.0,-1.0,351.15999999999997,6.5,-1.0,356.015,4.0,False,False,False,False,True,False,False,False,False,False,False,False,False,False,False,False
2,X,104.96,365,Y,110.87,321.0,,210.75846753246756,71.04545454545455,,216.6818641810919,87.4513981358189,11.362921348314606,219.41106741573032,77.95786516853933,12.028571428571428,222.8513210445469,66.27035330261137,12.041229656419528,226.86157323688968,52.7992766726944,12.037473233404711,230.39813704496785,41.95289079229122,10.877932960893855,238.12659217877098,30.310055865921786,10.177131782945736,246.79166666666666,17.75968992248062,11.51222222222222,258.64344444444447,11.255555555555556,8.044117647058824,272.95323529411763,6.6911764705882355,8.096153846153847,283.06673076923073,8.028846153846153,6.184810126582279,298.4777215189873,6.063291139240507,8.3,307.23758620689654,6.189655172413793,4.7215686274509805,309.68549019607843,5.901960784313726,9.057777777777778,315.7886666666667,6.133333333333334,11.286486486486487,315.82216216216216,6.513513513513513,3.771428571428572,320.53464285714284,6.642857142857143,12.416000000000002,329.7432,6.72,1.4857142857142858,335.1142857142857,5.857142857142857,5.626666666666667,335.81,6.733333333333333,3.1,338.62416666666667,6.75,10.266666666666667,339.2711111111111,6.0,-1.0,343.98375,5.75,8.64,341.178,5.8,-1.0,338.33000000000004,5.0,24.1,346.85,6.0,-1.0,351.15999999999997,6.5,-1.0,356.015,4.0,True,False,False,False,False,False,False,False,False,False,False,False,False,False,False,False
9,-1,130.95,4,-1,135.31,8.0,10,144.71,19.0,11,148.9,285.0,12.0,152.95,182.0,13.0,157.1,117.0,14.0,161.23,99.0,-1.0,170.67,10.0,-1.0,174.94,7.0,10.177131782945736,246.79166666666666,17.75968992248062,11.51222222222222,258.64344444444447,11.255555555555556,8.044117647058824,272.95323529411763,6.6911764705882355,8.096153846153847,283.06673076923073,8.028846153846153,6.184810126582279,298.4777215189873,6.063291139240507,8.3,307.23758620689654,6.189655172413793,4.7215686274509805,309.68549019607843,5.901960784313726,9.057777777777778,315.7886666666667,6.133333333333334,11.286486486486487,315.82216216216216,6.513513513513513,3.771428571428572,320.53464285714284,6.642857142857143,12.416000000000002,329.7432,6.72,1.4857142857142858,335.1142857142857,5.857142857142857,5.626666666666667,335.81,6.733333333333333,3.1,338.62416666666667,6.75,10.266666666666667,339.2711111111111,6.0,-1.0,343.98375,5.75,8.64,341.178,5.8,-1.0,338.33000000000004,5.0,24.1,346.85,6.0,-1.0,351.15999999999997,6.5,-1.0,356.015,4.0,False,False,False,False,False,False,False,False,False,True,False,False,False,False,False,False
17,-1,210.08,8,-1,213.45,8.0,18,216.59,9.0,19,220.95,89.0,20.0,225.01,13.0,21.0,229.15,149.0,22.0,233.13,74.0,25.0,245.5,129.0,26.0,249.59,113.0,27.0,253.58,64.0,29.0,261.86,7.0,29.2,263.96,4.0,32.0,273.47,5.0,-1.0,291.66,7.0,-1.0,311.26,13.0,-1.0,312.34,10.0,-1.0,351.64,7.0,11.286486486486487,315.82216216216216,6.513513513513513,3.771428571428572,320.53464285714284,6.642857142857143,12.416000000000002,329.7432,6.72,1.4857142857142858,335.1142857142857,5.857142857142857,5.626666666666667,335.81,6.733333333333333,3.1,338.62416666666667,6.75,10.266666666666667,339.2711111111111,6.0,-1.0,343.98375,5.75,8.64,341.178,5.8,-1.0,338.33000000000004,5.0,24.1,346.85,6.0,-1.0,351.15999999999997,6.5,-1.0,356.015,4.0,False,False,False,False,False,False,False,False,False,False,False,False,True,False,False,False
9,-1,131.32,5,11,133.73,69.0,13,142.07,115.0,14,146.15,168.0,-1.0,151.93,4.0,-1.0,166.06,3.0,-1.0,167.58,5.0,-1.0,175.67,4.0,-1.0,177.03,4.0,10.177131782945736,246.79166666666666,17.75968992248062,11.51222222222222,258.64344444444447,11.255555555555556,8.044117647058824,272.95323529411763,6.6911764705882355,8.096153846153847,283.06673076923073,8.028846153846153,6.184810126582279,298.4777215189873,6.063291139240507,8.3,307.23758620689654,6.189655172413793,4.7215686274509805,309.68549019607843,5.901960784313726,9.057777777777778,315.7886666666667,6.133333333333334,11.286486486486487,315.82216216216216,6.513513513513513,3.771428571428572,320.53464285714284,6.642857142857143,12.416000000000002,329.7432,6.72,1.4857142857142858,335.1142857142857,5.857142857142857,5.626666666666667,335.81,6.733333333333333,3.1,338.62416666666667,6.75,10.266666666666667,339.2711111111111,6.0,-1.0,343.98375,5.75,8.64,341.178,5.8,-1.0,338.33000000000004,5.0,24.1,346.85,6.0,-1.0,351.15999999999997,6.5,-1.0,356.015,4.0,False,False,False,False,False,False,False,False,False,False,False,True,False,False,False,False
13,25,186.38,6,27,194.7,57.0,-1,199.59,3.0,29,202.77,40.0,30.0,206.82,64.0,31.0,210.72,32.0,31.2,212.72,30.0,32.2,216.71,20.0,33.0,218.68,4.0,-1.0,221.78,4.0,-1.0,237.88,4.0,-1.0,240.25,6.0,-1.0,241.93,4.0,6.184810126582279,298.4777215189873,6.063291139240507,8.3,307.23758620689654,6.189655172413793,4.7215686274509805,309.68549019607843,5.901960784313726,9.057777777777778,315.7886666666667,6.133333333333334,11.286486486486487,315.82216216216216,6.513513513513513,3.771428571428572,320.53464285714284,6.642857142857143,12.416000000000002,329.7432,6.72,1.4857142857142858,335.1142857142857,5.857142857142857,5.626666666666667,335.81,6.733333333333333,3.1,338.62416666666667,6.75,10.266666666666667,339.2711111111111,6.0,-1.0,343.98375,5.75,8.64,341.178,5.8,-1.0,338.33000000000004,5.0,24.1,346.85,6.0,-1.0,351.15999999999997,6.5,-1.0,356.015,4.0,False,False,False,False,False,False,True,False,False,False,False,False,False,False,False,False
8,6,254.26,2,-1,260.24,3.0,8,262.04,29.0,9,266.04,94.0,10.0,270.14,96.0,12.0,278.27,25.0,-1.0,289.32,4.0,-1.0,292.72,4.0,10.877932960893855,238.12659217877098,30.310055865921786,10.177131782945736,246.79166666666666,17.75968992248062,11.51222222222222,258.64344444444447,11.255555555555556,8.044117647058824,272.95323529411763,6.6911764705882355,8.096153846153847,283.06673076923073,8.028846153846153,6.184810126582279,298.4777215189873,6.063291139240507,8.3,307.23758620689654,6.189655172413793,4.7215686274509805,309.68549019607843,5.901960784313726,9.057777777777778,315.7886666666667,6.133333333333334,11.286486486486487,315.82216216216216,6.513513513513513,3.771428571428572,320.53464285714284,6.642857142857143,12.416000000000002,329.7432,6.72,1.4857142857142858,335.1142857142857,5.857142857142857,5.626666666666667,335.81,6.733333333333333,3.1,338.62416666666667,6.75,10.266666666666667,339.2711111111111,6.0,-1.0,343.98375,5.75,8.64,341.178,5.8,-1.0,338.33000000000004,5.0,24.1,346.85,6.0,-1.0,351.15999999999997,6.5,-1.0,356.015,4.0,False,False,False,False,False,False,False,False,False,False,True,False,False,False,False,False
13,6,302.63,3,-1,305.86,5.0,8,310.76,3.0,-1,313.33,2.0,10.0,318.78,37.0,11.0,323.03,22.0,12.0,326.96,76.0,-1.0,329.95,4.0,-1.0,333.26,3.0,-1.0,336.56,4.0,-1.0,337.21,2.0,-1.0,337.87,2.0,-1.0,340.17,4.0,6.184810126582279,298.4777215189873,6.063291139240507,8.3,307.23758620689654,6.189655172413793,4.7215686274509805,309.68549019607843,5.901960784313726,9.057777777777778,315.7886666666667,6.133333333333334,11.286486486486487,315.82216216216216,6.513513513513513,3.771428571428572,320.53464285714284,6.642857142857143,12.416000000000002,329.7432,6.72,1.4857142857142858,335.1142857142857,5.857142857142857,5.626666666666667,335.81,6.733333333333333,3.1,338.62416666666667,6.75,10.266666666666667,339.2711111111111,6.0,-1.0,343.98375,5.75,8.64,341.178,5.8,-1.0,338.33000000000004,5.0,24.1,346.85,6.0,-1.0,351.15999999999997,6.5,-1.0,356.015,4.0,False,True,False,False,False,False,False,False,False,False,False,False,False,False,False,False
7,-1,97.3,7,-1,102.27,7.0,14,118.43,302.0,15,122.27,162.0,18.0,134.51,49.0,18.2,136.07,6.0,-1.0,138.98,8.0,12.037473233404711,230.39813704496785,41.95289079229122,10.877932960893855,238.12659217877098,30.310055865921786,10.177131782945736,246.79166666666666,17.75968992248062,11.51222222222222,258.64344444444447,11.255555555555556,8.044117647058824,272.95323529411763,6.6911764705882355,8.096153846153847,283.06673076923073,8.028846153846153,6.184810126582279,298.4777215189873,6.063291139240507,8.3,307.23758620689654,6.189655172413793,4.7215686274509805,309.68549019607843,5.901960784313726,9.057777777777778,315.7886666666667,6.133333333333334,11.286486486486487,315.82216216216216,6.513513513513513,3.771428571428572,320.53464285714284,6.642857142857143,12.416000000000002,329.7432,6.72,1.4857142857142858,335.1142857142857,5.857142857142857,5.626666666666667,335.81,6.733333333333333,3.1,338.62416666666667,6.75,10.266666666666667,339.2711111111111,6.0,-1.0,343.98375,5.75,8.64,341.178,5.8,-1.0,338.33000000000004,5.0,24.1,346.85,6.0,-1.0,351.15999999999997,6.5,-1.0,356.015,4.0,False,False,False,False,False,False,False,False,True,False,False,False,False,False,False,False
6,6,168.62,122,7,172.7,212.0,9,180.82,235.0,-1,186.13,10.0,-1.0,190.79,8.0,-1.0,198.7,8.0,12.041229656419528,226.86157323688968,52.7992766726944,12.037473233404711,230.39813704496785,41.95289079229122,10.877932960893855,238.12659217877098,30.310055865921786,10.177131782945736,246.79166666666666,17.75968992248062,11.51222222222222,258.64344444444447,11.255555555555556,8.044117647058824,272.95323529411763,6.6911764705882355,8.096153846153847,283.06673076923073,8.028846153846153,6.184810126582279,298.4777215189873,6.063291139240507,8.3,307.23758620689654,6.189655172413793,4.7215686274509805,309.68549019607843,5.901960784313726,9.057777777777778,315.7886666666667,6.133333333333334,11.286486486486487,315.82216216216216,6.513513513513513,3.771428571428572,320.53464285714284,6.642857142857143,12.416000000000002,329.7432,6.72,1.4857142857142858,335.1142857142857,5.857142857142857,5.626666666666667,335.81,6.733333333333333,3.1,338.62416666666667,6.75,10.266666666666667,339.2711111111111,6.0,-1.0,343.98375,5.75,8.64,341.178,5.8,-1.0,338.33000000000004,5.0,24.1,346.85,6.0,-1.0,351.15999999999997,6.5,-1.0,356.015,4.0,False,False,False,False,False,False,False,False,False,False,False,False,False,True,False,False
5,-1,212.0,6,10,223.08,9.0,11,227.22,80.0,12,231.28,235.0,-1.0,238.29,6.0,12.028571428571428,222.8513210445469,66.27035330261137,12.041229656419528,226.86157323688968,52.7992766726944,12.037473233404711,230.39813704496785,41.95289079229122,10.877932960893855,238.12659217877098,30.310055865921786,10.177131782945736,246.79166666666666,17.75968992248062,11.51222222222222,258.64344444444447,11.255555555555556,8.044117647058824,272.95323529411763,6.6911764705882355,8.096153846153847,283.06673076923073,8.028846153846153,6.184810126582279,298.4777215189873,6.063291139240507,8.3,307.23758620689654,6.189655172413793,4.7215686274509805,309.68549019607843,5.901960784313726,9.057777777777778,315.7886666666667,6.133333333333334,11.286486486486487,315.82216216216216,6.513513513513513,3.771428571428572,320.53464285714284,6.642857142857143,12.416000000000002,329.7432,6.72,1.4857142857142858,335.1142857142857,5.857142857142857,5.626666666666667,335.81,6.733333333333333,3.1,338.62416666666667,6.75,10.266666666666667,339.2711111111111,6.0,-1.0,343.98375,5.75,8.64,341.178,5.8,-1.0,338.33000000000004,5.0,24.1,346.85,6.0,-1.0,351.15999999999997,6.5,-1.0,356.015,4.0,False,False,True,False,False,False,False,False,False,False,False,False,False,False,False,False
8,-1,257.53,3,-1,261.31,6.0,-1,264.16,8.0,9,267.27,85.0,11.0,275.31,63.0,12.0,279.26,101.0,13.0,283.16,26.0,15.0,291.02,5.0,10.877932960893855,238.12659217877098,30.310055865921786,10.177131782945736,246.79166666666666,17.75968992248062,11.51222222222222,258.64344444444447,11.255555555555556,8.044117647058824,272.95323529411763,6.6911764705882355,8.096153846153847,283.06673076923073,8.028846153846153,6.184810126582279,298.4777215189873,6.063291139240507,8.3,307.23758620689654,6.189655172413793,4.7215686274509805,309.68549019607843,5.901960784313726,9.057777777777778,315.7886666666667,6.133333333333334,11.286486486486487,315.82216216216216,6.513513513513513,3.771428571428572,320.53464285714284,6.642857142857143,12.416000000000002,329.7432,6.72,1.4857142857142858,335.1142857142857,5.857142857142857,5.626666666666667,335.81,6.733333333333333,3.1,338.62416666666667,6.75,10.266666666666667,339.2711111111111,6.0,-1.0,343.98375,5.75,8.64,341.178,5.8,-1.0,338.33000000000004,5.0,24.1,346.85,6.0,-1.0,351.15999999999997,6.5,-1.0,356.015,4.0,False,False,False,True,False,False,False,False,False,False,False,False,False,False,False,False
11,-1,305.86,3,-1,306.91,7.0,-1,309.86,5.0,17,312.75,33.0,-1.0,315.39,4.0,22.0,333.26,6.0,23.0,337.05,25.0,24.0,341.09,56.0,25.0,345.29,66.0,26.0,348.82,6.0,-1.0,350.84,8.0,8.044117647058824,272.95323529411763,6.6911764705882355,8.096153846153847,283.06673076923073,8.028846153846153,6.184810126582279,298.4777215189873,6.063291139240507,8.3,307.23758620689654,6.189655172413793,4.7215686274509805,309.68549019607843,5.901960784313726,9.057777777777778,315.7886666666667,6.133333333333334,11.286486486486487,315.82216216216216,6.513513513513513,3.771428571428572,320.53464285714284,6.642857142857143,12.416000000000002,329.7432,6.72,1.4857142857142858,335.1142857142857,5.857142857142857,5.626666666666667,335.81,6.733333333333333,3.1,338.62416666666667,6.75,10.266666666666667,339.2711111111111,6.0,-1.0,343.98375,5.75,8.64,341.178,5.8,-1.0,338.33000000000004,5.0,24.1,346.85,6.0,-1.0,351.15999999999997,6.5,-1.0,356.015,4.0,False,False,False,False,False,False,False,True,False,False,False,False,False,False,False,False
8,-1,95.3,5,10,104.07,99.0,13,116.33,257.0,14,120.15,55.0,14.2,122.27,63.0,15.0,124.18,101.0,15.2,125.78,8.0,16.0,128.24,12.0,10.877932960893855,238.12659217877098,30.310055865921786,10.177131782945736,246.79166666666666,17.75968992248062,11.51222222222222,258.64344444444447,11.255555555555556,8.044117647058824,272.95323529411763,6.6911764705882355,8.096153846153847,283.06673076923073,8.028846153846153,6.184810126582279,298.4777215189873,6.063291139240507,8.3,307.23758620689654,6.189655172413793,4.7215686274509805,309.68549019607843,5.901960784313726,9.057777777777778,315.7886666666667,6.133333333333334,11.286486486486487,315.82216216216216,6.513513513513513,3.771428571428572,320.53464285714284,6.642857142857143,12.416000000000002,329.7432,6.72,1.4857142857142858,335.1142857142857,5.857142857142857,5.626666666666667,335.81,6.733333333333333,3.1,338.62416666666667,6.75,10.266666666666667,339.2711111111111,6.0,-1.0,343.98375,5.75,8.64,341.178,5.8,-1.0,338.33000000000004,5.0,24.1,346.85,6.0,-1.0,351.15999999999997,6.5,-1.0,356.015,4.0,False,False,False,False,False,True,False,False,False,False,False,False,False,False,False,False
11,-1,147.27,13,-1,163.03,5.0,15,167.98,20.0,16,172.22,352.0,17.0,176.15,30.0,18.0,180.33,73.0,20.0,188.09,11.0,-1.0,190.22,4.0,-1.0,197.96,6.0,-1.0,206.5,10.0,-1.0,207.06,7.0,8.044117647058824,272.95323529411763,6.6911764705882355,8.096153846153847,283.06673076923073,8.028846153846153,6.184810126582279,298.4777215189873,6.063291139240507,8.3,307.23758620689654,6.189655172413793,4.7215686274509805,309.68549019607843,5.901960784313726,9.057777777777778,315.7886666666667,6.133333333333334,11.286486486486487,315.82216216216216,6.513513513513513,3.771428571428572,320.53464285714284,6.642857142857143,12.416000000000002,329.7432,6.72,1.4857142857142858,335.1142857142857,5.857142857142857,5.626666666666667,335.81,6.733333333333333,3.1,338.62416666666667,6.75,10.266666666666667,339.2711111111111,6.0,-1.0,343.98375,5.75,8.64,341.178,5.8,-1.0,338.33000000000004,5.0,24.1,346.85,6.0,-1.0,351.15999999999997,6.5,-1.0,356.015,4.0,False,False,False,False,False,False,False,False,False,False,False,False,False,False,False,True
10,6,220.65,8,-1,224.05,7.0,7,224.94,11.0,8,228.84,210.0,-1.0,230.55,10.0,9.0,232.83,110.0,-1.0,234.37,7.0,10.0,236.82,53.0,-1.0,242.51,10.0,-1.0,255.46,9.0,11.51222222222222,258.64344444444447,11.255555555555556,8.044117647058824,272.95323529411763,6.6911764705882355,8.096153846153847,283.06673076923073,8.028846153846153,6.184810126582279,298.4777215189873,6.063291139240507,8.3,307.23758620689654,6.189655172413793,4.7215686274509805,309.68549019607843,5.901960784313726,9.057777777777778,315.7886666666667,6.133333333333334,11.286486486486487,315.82216216216216,6.513513513513513,3.771428571428572,320.53464285714284,6.642857142857143,12.416000000000002,329.7432,6.72,1.4857142857142858,335.1142857142857,5.857142857142857,5.626666666666667,335.81,6.733333333333333,3.1,338.62416666666667,6.75,10.266666666666667,339.2711111111111,6.0,-1.0,343.98375,5.75,8.64,341.178,5.8,-1.0,338.33000000000004,5.0,24.1,346.85,6.0,-1.0,351.15999999999997,6.5,-1.0,356.015,4.0,False,False,False,False,False,False,False,False,False,False,False,False,False,False,True,False
11,-1,272.11,12,12,281.22,61.0,-1,282.59,8.0,13,285.27,38.0,15.0,293.21,33.0,-1.0,298.46,9.0,17.0,301.19,19.0,17.2,302.71,8.0,-1.0,306.43,7.0,-1.0,312.17,4.0,25.0,333.76,8.0,8.044117647058824,272.95323529411763,6.6911764705882355,8.096153846153847,283.06673076923073,8.028846153846153,6.184810126582279,298.4777215189873,6.063291139240507,8.3,307.23758620689654,6.189655172413793,4.7215686274509805,309.68549019607843,5.901960784313726,9.057777777777778,315.7886666666667,6.133333333333334,11.286486486486487,315.82216216216216,6.513513513513513,3.771428571428572,320.53464285714284,6.642857142857143,12.416000000000002,329.7432,6.72,1.4857142857142858,335.1142857142857,5.857142857142857,5.626666666666667,335.81,6.733333333333333,3.1,338.62416666666667,6.75,10.266666666666667,339.2711111111111,6.0,-1.0,343.98375,5.75,8.64,341.178,5.8,-1.0,338.33000000000004,5.0,24.1,346.85,6.0,-1.0,351.15999999999997,6.5,-1.0,356.015,4.0,False,False,False,False,True,False,False,False,False,False,False,False,False,False,False,False
2,X,104.93,337,Y,110.91,443.0,,210.75846753246756,71.04545454545455,,216.6818641810919,87.4513981358189,11.362921348314606,219.41106741573032,77.95786516853933,12.028571428571428,222.8513210445469,66.27035330261137,12.041229656419528,226.86157323688968,52.7992766726944,12.037473233404711,230.39813704496785,41.95289079229122,10.877932960893855,238.12659217877098,30.310055865921786,10.177131782945736,246.79166666666666,17.75968992248062,11.51222222222222,258.64344444444447,11.255555555555556,8.044117647058824,272.95323529411763,6.6911764705882355,8.096153846153847,283.06673076923073,8.028846153846153,6.184810126582279,298.4777215189873,6.063291139240507,8.3,307.23758620689654,6.189655172413793,4.7215686274509805,309.68549019607843,5.901960784313726,9.057777777777778,315.7886666666667,6.133333333333334,11.286486486486487,315.82216216216216,6.513513513513513,3.771428571428572,320.53464285714284,6.642857142857143,12.416000000000002,329.7432,6.72,1.4857142857142858,335.1142857142857,5.857142857142857,5.626666666666667,335.81,6.733333333333333,3.1,338.62416666666667,6.75,10.266666666666667,339.2711111111111,6.0,-1.0,343.98375,5.75,8.64,341.178,5.8,-1.0,338.33000000000004,5.0,24.1,346.85,6.0,-1.0,351.15999999999997,6.5,-1.0,356.015,4.0,True,False,False,False,False,False,False,False,False,False,False,False,False,False,False,False
10,-1,129.93,10,8,136.86,5.0,-1,139.61,8.0,9,140.88,10.0,11.0,148.87,81.0,12.0,152.97,169.0,13.0,157.09,111.0,14.0,161.2,44.0,-1.0,171.5,8.0,-1.0,174.86,10.0,11.51222222222222,258.64344444444447,11.255555555555556,8.044117647058824,272.95323529411763,6.6911764705882355,8.096153846153847,283.06673076923073,8.028846153846153,6.184810126582279,298.4777215189873,6.063291139240507,8.3,307.23758620689654,6.189655172413793,4.7215686274509805,309.68549019607843,5.901960784313726,9.057777777777778,315.7886666666667,6.133333333333334,11.286486486486487,315.82216216216216,6.513513513513513,3.771428571428572,320.53464285714284,6.642857142857143,12.416000000000002,329.7432,6.72,1.4857142857142858,335.1142857142857,5.857142857142857,5.626666666666667,335.81,6.733333333333333,3.1,338.62416666666667,6.75,10.266666666666667,339.2711111111111,6.0,-1.0,343.98375,5.75,8.64,341.178,5.8,-1.0,338.33000000000004,5.0,24.1,346.85,6.0,-1.0,351.15999999999997,6.5,-1.0,356.015,4.0,False,False,False,False,False,False,False,False,False,True,False,False,False,False,False,False
22,18,217.12,6,19,221.05,37.0,21,229.09,76.0,22,233.07,49.0,-1.0,238.2,7.0,23.2,239.1,10.0,25.0,245.43,42.0,25.2,247.68,9.0,26.0,249.59,8.0,27.0,253.69,31.0,30.0,265.14,5.0,30.2,267.03,7.0,-1.0,272.44,7.0,33.2,279.51,9.0,-1.0,282.19,8.0,-1.0,299.11,9.0,-1.0,300.48,6.0,-1.0,303.76,6.0,-1.0,308.22,4.0,45.2,328.87,5.0,-1.0,347.64,6.0,-1.0,357.39,5.0,3.1,338.62416666666667,6.75,10.266666666666667,339.2711111111111,6.0,-1.0,343.98375,5.75,8.64,341.178,5.8,-1.0,338.33000000000004,5.0,24.1,346.85,6.0,-1.0,351.15999999999997,6.5,-1.0,356.015,4.0,False,False,False,False,False,False,False,False,False,False,False,False,True,False,False,False
7,-1,127.02,3,-1,132.12,5.0,11,133.76,92.0,12,137.89,14.0,13.0,142.0,198.0,14.0,146.16,163.0,-1.0,167.39,5.0,12.037473233404711,230.39813704496785,41.95289079229122,10.877932960893855,238.12659217877098,30.310055865921786,10.177131782945736,246.79166666666666,17.75968992248062,11.51222222222222,258.64344444444447,11.255555555555556,8.044117647058824,272.95323529411763,6.6911764705882355,8.096153846153847,283.06673076923073,8.028846153846153,6.184810126582279,298.4777215189873,6.063291139240507,8.3,307.23758620689654,6.189655172413793,4.7215686274509805,309.68549019607843,5.901960784313726,9.057777777777778,315.7886666666667,6.133333333333334,11.286486486486487,315.82216216216216,6.513513513513513,3.771428571428572,320.53464285714284,6.642857142857143,12.416000000000002,329.7432,6.72,1.4857142857142858,335.1142857142857,5.857142857142857,5.626666666666667,335.81,6.733333333333333,3.1,338.62416666666667,6.75,10.266666666666667,339.2711111111111,6.0,-1.0,343.98375,5.75,8.64,341.178,5.8,-1.0,338.33000000000004,5.0,24.1,346.85,6.0,-1.0,351.15999999999997,6.5,-1.0,356.015,4.0,False,False,False,False,False,False,False,False,False,False,False,True,False,False,False,False
18,-1,182.91,4,-1,183.62,3.0,25,186.69,3.0,-1,187.63,4.0,26.0,190.94,4.0,27.0,194.56,48.0,28.0,198.82,9.0,29.0,202.63,78.0,-1.0,204.18,3.0,30.0,206.74,78.0,30.2,208.61,5.0,31.0,210.71,50.0,31.2,212.67,48.0,32.2,216.72,39.0,34.2,224.59,3.0,-1.0,233.87,2.0,38.0,238.49,4.0,-1.0,242.28,4.0,3.771428571428572,320.53464285714284,6.642857142857143,12.416000000000002,329.7432,6.72,1.4857142857142858,335.1142857142857,5.857142857142857,5.626666666666667,335.81,6.733333333333333,3.1,338.62416666666667,6.75,10.266666666666667,339.2711111111111,6.0,-1.0,343.98375,5.75,8.64,341.178,5.8,-1.0,338.33000000000004,5.0,24.1,346.85,6.0,-1.0,351.15999999999997,6.5,-1.0,356.015,4.0,False,False,False,False,False,False,True,False,False,False,False,False,False,False,False,False
7,7,257.88,4,-1,258.82,3.0,8,262.0,30.0,9,266.1,122.0,10.0,270.13,138.0,12.0,278.05,15.0,-1.0,283.53,3.0,12.037473233404711,230.39813704496785,41.95289079229122,10.877932960893855,238.12659217877098,30.310055865921786,10.177131782945736,246.79166666666666,17.75968992248062,11.51222222222222,258.64344444444447,11.255555555555556,8.044117647058824,272.95323529411763,6.6911764705882355,8.096153846153847,283.06673076923073,8.028846153846153,6.184810126582279,298.4777215189873,6.063291139240507,8.3,307.23758620689654,6.189655172413793,4.7215686274509805,309.68549019607843,5.901960784313726,9.057777777777778,315.7886666666667,6.133333333333334,11.286486486486487,315.82216216216216,6.513513513513513,3.771428571428572,320.53464285714284,6.642857142857143,12.416000000000002,329.7432,6.72,1.4857142857142858,335.1142857142857,5.857142857142857,5.626666666666667,335.81,6.733333333333333,3.1,338.62416666666667,6.75,10.266666666666667,339.2711111111111,6.0,-1.0,343.98375,5.75,8.64,341.178,5.8,-1.0,338.33000000000004,5.0,24.1,346.85,6.0,-1.0,351.15999999999997,6.5,-1.0,356.015,4.0,False,False,False,False,False,False,False,False,False,False,True,False,False,False,False,False
5,9,314.43,11,10,318.78,156.0,11,322.87,82.0,12,326.91,121.0,-1.0,329.93,2.0,12.028571428571428,222.8513210445469,66.27035330261137,12.041229656419528,226.86157323688968,52.7992766726944,12.037473233404711,230.39813704496785,41.95289079229122,10.877932960893855,238.12659217877098,30.310055865921786,10.177131782945736,246.79166666666666,17.75968992248062,11.51222222222222,258.64344444444447,11.255555555555556,8.044117647058824,272.95323529411763,6.6911764705882355,8.096153846153847,283.06673076923073,8.028846153846153,6.184810126582279,298.4777215189873,6.063291139240507,8.3,307.23758620689654,6.189655172413793,4.7215686274509805,309.68549019607843,5.901960784313726,9.057777777777778,315.7886666666667,6.133333333333334,11.286486486486487,315.82216216216216,6.513513513513513,3.771428571428572,320.53464285714284,6.642857142857143,12.416000000000002,329.7432,6.72,1.4857142857142858,335.1142857142857,5.857142857142857,5.626666666666667,335.81,6.733333333333333,3.1,338.62416666666667,6.75,10.266666666666667,339.2711111111111,6.0,-1.0,343.98375,5.75,8.64,341.178,5.8,-1.0,338.33000000000004,5.0,24.1,346.85,6.0,-1.0,351.15999999999997,6.5,-1.0,356.015,4.0,False,True,False,False,False,False,False,False,False,False,False,False,False,False,False,False
5,-1,96.74,3,14,118.41,408.0,15,122.33,236.0,-1,129.97,6.0,18.0,134.58,35.0,12.028571428571428,222.8513210445469,66.27035330261137,12.041229656419528,226.86157323688968,52.7992766726944,12.037473233404711,230.39813704496785,41.95289079229122,10.877932960893855,238.12659217877098,30.310055865921786,10.177131782945736,246.79166666666666,17.75968992248062,11.51222222222222,258.64344444444447,11.255555555555556,8.044117647058824,272.95323529411763,6.6911764705882355,8.096153846153847,283.06673076923073,8.028846153846153,6.184810126582279,298.4777215189873,6.063291139240507,8.3,307.23758620689654,6.189655172413793,4.7215686274509805,309.68549019607843,5.901960784313726,9.057777777777778,315.7886666666667,6.133333333333334,11.286486486486487,315.82216216216216,6.513513513513513,3.771428571428572,320.53464285714284,6.642857142857143,12.416000000000002,329.7432,6.72,1.4857142857142858,335.1142857142857,5.857142857142857,5.626666666666667,335.81,6.733333333333333,3.1,338.62416666666667,6.75,10.266666666666667,339.2711111111111,6.0,-1.0,343.98375,5.75,8.64,341.178,5.8,-1.0,338.33000000000004,5.0,24.1,346.85,6.0,-1.0,351.15999999999997,6.5,-1.0,356.015,4.0,False,False,False,False,False,False,False,False,True,False,False,False,False,False,False,False
9,-1,166.7,7,6,168.55,140.0,7,172.65,167.0,8,176.67,17.0,9.0,180.71,438.0,-1.0,182.6,5.0,9.3,183.93,12.0,10.0,184.56,9.0,-1.0,192.2,4.0,10.177131782945736,246.79166666666666,17.75968992248062,11.51222222222222,258.64344444444447,11.255555555555556,8.044117647058824,272.95323529411763,6.6911764705882355,8.096153846153847,283.06673076923073,8.028846153846153,6.184810126582279,298.4777215189873,6.063291139240507,8.3,307.23758620689654,6.189655172413793,4.7215686274509805,309.68549019607843,5.901960784313726,9.057777777777778,315.7886666666667,6.133333333333334,11.286486486486487,315.82216216216216,6.513513513513513,3.771428571428572,320.53464285714284,6.642857142857143,12.416000000000002,329.7432,6.72,1.4857142857142858,335.1142857142857,5.857142857142857,5.626666666666667,335.81,6.733333333333333,3.1,338.62416666666667,6.75,10.266666666666667,339.2711111111111,6.0,-1.0,343.98375,5.75,8.64,341.178,5.8,-1.0,338.33000000000004,5.0,24.1,346.85,6.0,-1.0,351.15999999999997,6.5,-1.0,356.015,4.0,False,False,False,False,False,False,False,False,False,False,False,False,False,True,False,False
5,-1,218.72,4,-1,221.11,4.0,11,227.28,178.0,12,231.32,506.0,14.0,239.68,2.0,12.028571428571428,222.8513210445469,66.27035330261137,12.041229656419528,226.86157323688968,52.7992766726944,12.037473233404711,230.39813704496785,41.95289079229122,10.877932960893855,238.12659217877098,30.310055865921786,10.177131782945736,246.79166666666666,17.75968992248062,11.51222222222222,258.64344444444447,11.255555555555556,8.044117647058824,272.95323529411763,6.6911764705882355,8.096153846153847,283.06673076923073,8.028846153846153,6.184810126582279,298.4777215189873,6.063291139240507,8.3,307.23758620689654,6.189655172413793,4.7215686274509805,309.68549019607843,5.901960784313726,9.057777777777778,315.7886666666667,6.133333333333334,11.286486486486487,315.82216216216216,6.513513513513513,3.771428571428572,320.53464285714284,6.642857142857143,12.416000000000002,329.7432,6.72,1.4857142857142858,335.1142857142857,5.857142857142857,5.626666666666667,335.81,6.733333333333333,3.1,338.62416666666667,6.75,10.266666666666667,339.2711111111111,6.0,-1.0,343.98375,5.75,8.64,341.178,5.8,-1.0,338.33000000000004,5.0,24.1,346.85,6.0,-1.0,351.15999999999997,6.5,-1.0,356.015,4.0,False,False,True,False,False,False,False,False,False,False,False,False,False,False,False,False
8,-1,250.79,4,-1,261.76,8.0,9,267.31,64.0,10,271.18,11.0,11.0,275.3,101.0,12.0,279.27,408.0,13.0,283.12,44.0,-1.0,286.33,3.0,10.877932960893855,238.12659217877098,30.310055865921786,10.177131782945736,246.79166666666666,17.75968992248062,11.51222222222222,258.64344444444447,11.255555555555556,8.044117647058824,272.95323529411763,6.6911764705882355,8.096153846153847,283.06673076923073,8.028846153846153,6.184810126582279,298.4777215189873,6.063291139240507,8.3,307.23758620689654,6.189655172413793,4.7215686274509805,309.68549019607843,5.901960784313726,9.057777777777778,315.7886666666667,6.133333333333334,11.286486486486487,315.82216216216216,6.513513513513513,3.771428571428572,320.53464285714284,6.642857142857143,12.416000000000002,329.7432,6.72,1.4857142857142858,335.1142857142857,5.857142857142857,5.626666666666667,335.81,6.733333333333333,3.1,338.62416666666667,6.75,10.266666666666667,339.2711111111111,6.0,-1.0,343.98375,5.75,8.64,341.178,5.8,-1.0,338.33000000000004,5.0,24.1,346.85,6.0,-1.0,351.15999999999997,6.5,-1.0,356.015,4.0,False,False,False,True,False,False,False,False,False,False,False,False,False,False,False,False
10,16,308.54,8,17,312.75,141.0,-1,327.75,5.0,-1,329.77,6.0,22.0,333.19,14.0,-1.0,334.27,5.0,23.0,337.18,92.0,24.0,341.18,97.0,25.0,345.16,189.0,-1.0,358.47,4.0,11.51222222222222,258.64344444444447,11.255555555555556,8.044117647058824,272.95323529411763,6.6911764705882355,8.096153846153847,283.06673076923073,8.028846153846153,6.184810126582279,298.4777215189873,6.063291139240507,8.3,307.23758620689654,6.189655172413793,4.7215686274509805,309.68549019607843,5.901960784313726,9.057777777777778,315.7886666666667,6.133333333333334,11.286486486486487,315.82216216216216,6.513513513513513,3.771428571428572,320.53464285714284,6.642857142857143,12.416000000000002,329.7432,6.72,1.4857142857142858,335.1142857142857,5.857142857142857,5.626666666666667,335.81,6.733333333333333,3.1,338.62416666666667,6.75,10.266666666666667,339.2711111111111,6.0,-1.0,343.98375,5.75,8.64,341.178,5.8,-1.0,338.33000000000004,5.0,24.1,346.85,6.0,-1.0,351.15999999999997,6.5,-1.0,356.015,4.0,False,False,False,False,False,False,False,True,False,False,False,False,False,False,False,False
14,-1,95.26,8,-1,99.33,9.0,9.2,101.89,5.0,10,103.99,92.0,10.2,106.47,10.0,12.0,112.07,12.0,12.2,114.43,11.0,13.0,116.17,148.0,14.0,120.22,31.0,14.2,122.11,54.0,15.0,124.08,61.0,16.2,130.56,5.0,18.0,136.16,9.0,-1.0,139.92,8.0,8.3,307.23758620689654,6.189655172413793,4.7215686274509805,309.68549019607843,5.901960784313726,9.057777777777778,315.7886666666667,6.133333333333334,11.286486486486487,315.82216216216216,6.513513513513513,3.771428571428572,320.53464285714284,6.642857142857143,12.416000000000002,329.7432,6.72,1.4857142857142858,335.1142857142857,5.857142857142857,5.626666666666667,335.81,6.733333333333333,3.1,338.62416666666667,6.75,10.266666666666667,339.2711111111111,6.0,-1.0,343.98375,5.75,8.64,341.178,5.8,-1.0,338.33000000000004,5.0,24.1,346.85,6.0,-1.0,351.15999999999997,6.5,-1.0,356.015,4.0,False,False,False,False,False,True,False,False,False,False,False,False,False,False,False,False
11,-1,147.32,3,-1,157.89,8.0,14,164.54,7.0,15,168.09,26.0,16.0,172.18,287.0,17.0,176.28,86.0,-1.0,178.68,2.0,18.0,180.31,113.0,19.0,184.33,4.0,-1.0,185.43,6.0,-1.0,193.46,8.0,8.044117647058824,272.95323529411763,6.6911764705882355,8.096153846153847,283.06673076923073,8.028846153846153,6.184810126582279,298.4777215189873,6.063291139240507,8.3,307.23758620689654,6.189655172413793,4.7215686274509805,309.68549019607843,5.901960784313726,9.057777777777778,315.7886666666667,6.133333333333334,11.286486486486487,315.82216216216216,6.513513513513513,3.771428571428572,320.53464285714284,6.642857142857143,12.416000000000002,329.7432,6.72,1.4857142857142858,335.1142857142857,5.857142857142857,5.626666666666667,335.81,6.733333333333333,3.1,338.62416666666667,6.75,10.266666666666667,339.2711111111111,6.0,-1.0,343.98375,5.75,8.64,341.178,5.8,-1.0,338.33000000000004,5.0,24.1,346.85,6.0,-1.0,351.15999999999997,6.5,-1.0,356.015,4.0,False,False,False,False,False,False,False,False,False,False,False,False,False,False,False,True
7,-1,214.16,5,7,224.66,12.0,8,228.78,279.0,9,232.75,69.0,-1.0,234.74,3.0,10.0,236.81,167.0,-1.0,246.35,7.0,12.037473233404711,230.39813704496785,41.95289079229122,10.877932960893855,238.12659217877098,30.310055865921786,10.177131782945736,246.79166666666666,17.75968992248062,11.51222222222222,258.64344444444447,11.255555555555556,8.044117647058824,272.95323529411763,6.6911764705882355,8.096153846153847,283.06673076923073,8.028846153846153,6.184810126582279,298.4777215189873,6.063291139240507,8.3,307.23758620689654,6.189655172413793,4.7215686274509805,309.68549019607843,5.901960784313726,9.057777777777778,315.7886666666667,6.133333333333334,11.286486486486487,315.82216216216216,6.513513513513513,3.771428571428572,320.53464285714284,6.642857142857143,12.416000000000002,329.7432,6.72,1.4857142857142858,335.1142857142857,5.857142857142857,5.626666666666667,335.81,6.733333333333333,3.1,338.62416666666667,6.75,10.266666666666667,339.2711111111111,6.0,-1.0,343.98375,5.75,8.64,341.178,5.8,-1.0,338.33000000000004,5.0,24.1,346.85,6.0,-1.0,351.15999999999997,6.5,-1.0,356.015,4.0,False,False,False,False,False,False,False,False,False,False,False,False,False,False,True,False
8,-1,266.34,8,12,281.04,55.0,13,285.13,221.0,15,293.08,128.0,16.0,297.5,8.0,17.0,301.11,104.0,18.0,305.04,121.0,-1.0,346.77,5.0,10.877932960893855,238.12659217877098,30.310055865921786,10.177131782945736,246.79166666666666,17.75968992248062,11.51222222222222,258.64344444444447,11.255555555555556,8.044117647058824,272.95323529411763,6.6911764705882355,8.096153846153847,283.06673076923073,8.028846153846153,6.184810126582279,298.4777215189873,6.063291139240507,8.3,307.23758620689654,6.189655172413793,4.7215686274509805,309.68549019607843,5.901960784313726,9.057777777777778,315.7886666666667,6.133333333333334,11.286486486486487,315.82216216216216,6.513513513513513,3.771428571428572,320.53464285714284,6.642857142857143,12.416000000000002,329.7432,6.72,1.4857142857142858,335.1142857142857,5.857142857142857,5.626666666666667,335.81,6.733333333333333,3.1,338.62416666666667,6.75,10.266666666666667,339.2711111111111,6.0,-1.0,343.98375,5.75,8.64,341.178,5.8,-1.0,338.33000000000004,5.0,24.1,346.85,6.0,-1.0,351.15999999999997,6.5,-1.0,356.015,4.0,False,False,False,False,True,False,False,False,False,False,False,False,False,False,False,False
2,X,104.97,233,Y,110.88,154.0,,210.75846753246756,71.04545454545455,,216.6818641810919,87.4513981358189,11.362921348314606,219.41106741573032,77.95786516853933,12.028571428571428,222.8513210445469,66.27035330261137,12.041229656419528,226.86157323688968,52.7992766726944,12.037473233404711,230.39813704496785,41.95289079229122,10.877932960893855,238.12659217877098,30.310055865921786,10.177131782945736,246.79166666666666,17.75968992248062,11.51222222222222,258.64344444444447,11.255555555555556,8.044117647058824,272.95323529411763,6.6911764705882355,8.096153846153847,283.06673076923073,8.028846153846153,6.184810126582279,298.4777215189873,6.063291139240507,8.3,307.23758620689654,6.189655172413793,4.7215686274509805,309.68549019607843,5.901960784313726,9.057777777777778,315.7886666666667,6.133333333333334,11.286486486486487,315.82216216216216,6.513513513513513,3.771428571428572,320.53464285714284,6.642857142857143,12.416000000000002,329.7432,6.72,1.4857142857142858,335.1142857142857,5.857142857142857,5.626666666666667,335.81,6.733333333333333,3.1,338.62416666666667,6.75,10.266666666666667,339.2711111111111,6.0,-1.0,343.98375,5.75,8.64,341.178,5.8,-1.0,338.33000000000004,5.0,24.1,346.85,6.0,-1.0,351.15999999999997,6.5,-1.0,356.015,4.0,True,False,False,False,False,False,False,False,False,False,False,False,False,False,False,False
8,-1,129.67,6,-1,130.41,8.0,9,140.61,6.0,11,148.86,95.0,12.0,152.98,130.0,13.0,157.11,102.0,-1.0,158.28,10.0,14.0,161.15,55.0,10.877932960893855,238.12659217877098,30.310055865921786,10.177131782945736,246.79166666666666,17.75968992248062,11.51222222222222,258.64344444444447,11.255555555555556,8.044117647058824,272.95323529411763,6.6911764705882355,8.096153846153847,283.06673076923073,8.028846153846153,6.184810126582279,298.4777215189873,6.063291139240507,8.3,307.23758620689654,6.189655172413793,4.7215686274509805,309.68549019607843,5.901960784313726,9.057777777777778,315.7886666666667,6.133333333333334,11.286486486486487,315.82216216216216,6.513513513513513,3.771428571428572,320.53464285714284,6.642857142857143,12.416000000000002,329.7432,6.72,1.4857142857142858,335.1142857142857,5.857142857142857,5.626666666666667,335.81,6.733333333333333,3.1,338.62416666666667,6.75,10.266666666666667,339.2711111111111,6.0,-1.0,343.98375,5.75,8.64,341.178,5.8,-1.0,338.33000000000004,5.0,24.1,346.85,6.0,-1.0,351.15999999999997,6.5,-1.0,356.015,4.0,False,False,False,False,False,False,False,False,False,True,False,False,False,False,False,False
15,-1,209.93,7,19,221.03,49.0,-1,226.41,12.0,21,229.1,64.0,22.0,233.23,81.0,25.0,245.54,83.0,26.0,249.68,38.0,31.2,271.9,7.0,-1.0,297.02,11.0,-1.0,302.87,7.0,-1.0,339.83,8.0,-1.0,341.1,10.0,-1.0,347.53,5.0,-1.0,355.75,8.0,-1.0,356.94,6.0,4.7215686274509805,309.68549019607843,5.901960784313726,9.057777777777778,315.7886666666667,6.133333333333334,11.286486486486487,315.82216216216216,6.513513513513513,3.771428571428572,320.53464285714284,6.642857142857143,12.416000000000002,329.7432,6.72,1.4857142857142858,335.1142857142857,5.857142857142857,5.626666666666667,335.81,6.733333333333333,3.1,338.62416666666667,6.75,10.266666666666667,339.2711111111111,6.0,-1.0,343.98375,5.75,8.64,341.178,5.8,-1.0,338.33000000000004,5.0,24.1,346.85,6.0,-1.0,351.15999999999997,6.5,-1.0,356.015,4.0,False,False,False,False,False,False,False,False,False,False,False,False,True,False,False,False
8,10,129.67,3,11,133.67,43.0,12,137.96,15.0,13,141.99,255.0,14.0,146.15,121.0,-1.0,159.92,4.0,-1.0,173.97,2.0,-1.0,176.98,5.0,10.877932960893855,238.12659217877098,30.310055865921786,10.177131782945736,246.79166666666666,17.75968992248062,11.51222222222222,258.64344444444447,11.255555555555556,8.044117647058824,272.95323529411763,6.6911764705882355,8.096153846153847,283.06673076923073,8.028846153846153,6.184810126582279,298.4777215189873,6.063291139240507,8.3,307.23758620689654,6.189655172413793,4.7215686274509805,309.68549019607843,5.901960784313726,9.057777777777778,315.7886666666667,6.133333333333334,11.286486486486487,315.82216216216216,6.513513513513513,3.771428571428572,320.53464285714284,6.642857142857143,12.416000000000002,329.7432,6.72,1.4857142857142858,335.1142857142857,5.857142857142857,5.626666666666667,335.81,6.733333333333333,3.1,338.62416666666667,6.75,10.266666666666667,339.2711111111111,6.0,-1.0,343.98375,5.75,8.64,341.178,5.8,-1.0,338.33000000000004,5.0,24.1,346.85,6.0,-1.0,351.15999999999997,6.5,-1.0,356.015,4.0,False,False,False,False,False,False,False,False,False,False,False,True,False,False,False,False
12,25,186.26,3,26,190.38,6.0,27,194.58,52.0,29,202.68,39.0,30.0,206.72,31.0,31.0,210.69,59.0,31.2,212.64,44.0,32.2,216.69,66.0,34.0,223.18,6.0,34.2,224.39,3.0,37.0,234.86,5.0,37.0,235.47,4.0,8.096153846153847,283.06673076923073,8.028846153846153,6.184810126582279,298.4777215189873,6.063291139240507,8.3,307.23758620689654,6.189655172413793,4.7215686274509805,309.68549019607843,5.901960784313726,9.057777777777778,315.7886666666667,6.133333333333334,11.286486486486487,315.82216216216216,6.513513513513513,3.771428571428572,320.53464285714284,6.642857142857143,12.416000000000002,329.7432,6.72,1.4857142857142858,335.1142857142857,5.857142857142857,5.626666666666667,335.81,6.733333333333333,3.1,338.62416666666667,6.75,10.266666666666667,339.2711111111111,6.0,-1.0,343.98375,5.75,8.64,341.178,5.8,-1.0,338.33000000000004,5.0,24.1,346.85,6.0,-1.0,351.15999999999997,6.5,-1.0,356.015,4.0,False,False,False,False,False,False,True,False,False,False,False,False,False,False,False,False
5,8.2,263.76,4,9,266.04,67.0,10,270.09,53.0,12,278.13,12.0,15.0,290.25,4.0,12.028571428571428,222.8513210445469,66.27035330261137,12.041229656419528,226.86157323688968,52.7992766726944,12.037473233404711,230.39813704496785,41.95289079229122,10.877932960893855,238.12659217877098,30.310055865921786,10.177131782945736,246.79166666666666,17.75968992248062,11.51222222222222,258.64344444444447,11.255555555555556,8.044117647058824,272.95323529411763,6.6911764705882355,8.096153846153847,283.06673076923073,8.028846153846153,6.184810126582279,298.4777215189873,6.063291139240507,8.3,307.23758620689654,6.189655172413793,4.7215686274509805,309.68549019607843,5.901960784313726,9.057777777777778,315.7886666666667,6.133333333333334,11.286486486486487,315.82216216216216,6.513513513513513,3.771428571428572,320.53464285714284,6.642857142857143,12.416000000000002,329.7432,6.72,1.4857142857142858,335.1142857142857,5.857142857142857,5.626666666666667,335.81,6.733333333333333,3.1,338.62416666666667,6.75,10.266666666666667,339.2711111111111,6.0,-1.0,343.98375,5.75,8.64,341.178,5.8,-1.0,338.33000000000004,5.0,24.1,346.85,6.0,-1.0,351.15999999999997,6.5,-1.0,356.015,4.0,False,False,False,False,False,False,False,False,False,False,True,False,False,False,False,False
4,9,314.19,5,10,318.68,138.0,11,322.84,33.0,12,326.86,60.0,11.362921348314606,219.41106741573032,77.95786516853933,12.028571428571428,222.8513210445469,66.27035330261137,12.041229656419528,226.86157323688968,52.7992766726944,12.037473233404711,230.39813704496785,41.95289079229122,10.877932960893855,238.12659217877098,30.310055865921786,10.177131782945736,246.79166666666666,17.75968992248062,11.51222222222222,258.64344444444447,11.255555555555556,8.044117647058824,272.95323529411763,6.6911764705882355,8.096153846153847,283.06673076923073,8.028846153846153,6.184810126582279,298.4777215189873,6.063291139240507,8.3,307.23758620689654,6.189655172413793,4.7215686274509805,309.68549019607843,5.901960784313726,9.057777777777778,315.7886666666667,6.133333333333334,11.286486486486487,315.82216216216216,6.513513513513513,3.771428571428572,320.53464285714284,6.642857142857143,12.416000000000002,329.7432,6.72,1.4857142857142858,335.1142857142857,5.857142857142857,5.626666666666667,335.81,6.733333333333333,3.1,338.62416666666667,6.75,10.266666666666667,339.2711111111111,6.0,-1.0,343.98375,5.75,8.64,341.178,5.8,-1.0,338.33000000000004,5.0,24.1,346.85,6.0,-1.0,351.15999999999997,6.5,-1.0,356.015,4.0,False,True,False,False,False,False,False,False,False,False,False,False,False,False,False,False
4,14,118.39,95,15,122.26,118.0,18,134.48,14.0,-1,139.35,5.0,11.362921348314606,219.41106741573032,77.95786516853933,12.028571428571428,222.8513210445469,66.27035330261137,12.041229656419528,226.86157323688968,52.7992766726944,12.037473233404711,230.39813704496785,41.95289079229122,10.877932960893855,238.12659217877098,30.310055865921786,10.177131782945736,246.79166666666666,17.75968992248062,11.51222222222222,258.64344444444447,11.255555555555556,8.044117647058824,272.95323529411763,6.6911764705882355,8.096153846153847,283.06673076923073,8.028846153846153,6.184810126582279,298.4777215189873,6.063291139240507,8.3,307.23758620689654,6.189655172413793,4.7215686274509805,309.68549019607843,5.901960784313726,9.057777777777778,315.7886666666667,6.133333333333334,11.286486486486487,315.82216216216216,6.513513513513513,3.771428571428572,320.53464285714284,6.642857142857143,12.416000000000002,329.7432,6.72,1.4857142857142858,335.1142857142857,5.857142857142857,5.626666666666667,335.81,6.733333333333333,3.1,338.62416666666667,6.75,10.266666666666667,339.2711111111111,6.0,-1.0,343.98375,5.75,8.64,341.178,5.8,-1.0,338.33000000000004,5.0,24.1,346.85,6.0,-1.0,351.15999999999997,6.5,-1.0,356.015,4.0,False,False,False,False,False,False,False,False,True,False,False,False,False,False,False,False
7,-1,154.6,6,6,168.55,75.0,7,172.64,137.0,8,176.65,7.0,9.0,180.69,158.0,-1.0,188.32,3.0,11.0,189.09,6.0,12.037473233404711,230.39813704496785,41.95289079229122,10.877932960893855,238.12659217877098,30.310055865921786,10.177131782945736,246.79166666666666,17.75968992248062,11.51222222222222,258.64344444444447,11.255555555555556,8.044117647058824,272.95323529411763,6.6911764705882355,8.096153846153847,283.06673076923073,8.028846153846153,6.184810126582279,298.4777215189873,6.063291139240507,8.3,307.23758620689654,6.189655172413793,4.7215686274509805,309.68549019607843,5.901960784313726,9.057777777777778,315.7886666666667,6.133333333333334,11.286486486486487,315.82216216216216,6.513513513513513,3.771428571428572,320.53464285714284,6.642857142857143,12.416000000000002,329.7432,6.72,1.4857142857142858,335.1142857142857,5.857142857142857,5.626666666666667,335.81,6.733333333333333,3.1,338.62416666666667,6.75,10.266666666666667,339.2711111111111,6.0,-1.0,343.98375,5.75,8.64,341.178,5.8,-1.0,338.33000000000004,5.0,24.1,346.85,6.0,-1.0,351.15999999999997,6.5,-1.0,356.015,4.0,False,False,False,False,False,False,False,False,False,False,False,False,False,True,False,False
8,-1,203.69,4,-1,221.63,7.0,10,223.52,7.0,11,227.23,84.0,12.0,231.21,281.0,-1.0,234.34,3.0,-1.0,237.73,3.0,15.0,243.14,5.0,10.877932960893855,238.12659217877098,30.310055865921786,10.177131782945736,246.79166666666666,17.75968992248062,11.51222222222222,258.64344444444447,11.255555555555556,8.044117647058824,272.95323529411763,6.6911764705882355,8.096153846153847,283.06673076923073,8.028846153846153,6.184810126582279,298.4777215189873,6.063291139240507,8.3,307.23758620689654,6.189655172413793,4.7215686274509805,309.68549019607843,5.901960784313726,9.057777777777778,315.7886666666667,6.133333333333334,11.286486486486487,315.82216216216216,6.513513513513513,3.771428571428572,320.53464285714284,6.642857142857143,12.416000000000002,329.7432,6.72,1.4857142857142858,335.1142857142857,5.857142857142857,5.626666666666667,335.81,6.733333333333333,3.1,338.62416666666667,6.75,10.266666666666667,339.2711111111111,6.0,-1.0,343.98375,5.75,8.64,341.178,5.8,-1.0,338.33000000000004,5.0,24.1,346.85,6.0,-1.0,351.15999999999997,6.5,-1.0,356.015,4.0,False,False,True,False,False,False,False,False,False,False,False,False,False,False,False,False
10,5,251.63,4,-1,253.35,4.0,-1,256.17,4.0,-1,261.05,3.0,-1.0,262.36,6.0,9.0,267.27,29.0,-1.0,269.82,8.0,11.0,275.3,60.0,12.0,279.2,200.0,13.0,283.15,48.0,11.51222222222222,258.64344444444447,11.255555555555556,8.044117647058824,272.95323529411763,6.6911764705882355,8.096153846153847,283.06673076923073,8.028846153846153,6.184810126582279,298.4777215189873,6.063291139240507,8.3,307.23758620689654,6.189655172413793,4.7215686274509805,309.68549019607843,5.901960784313726,9.057777777777778,315.7886666666667,6.133333333333334,11.286486486486487,315.82216216216216,6.513513513513513,3.771428571428572,320.53464285714284,6.642857142857143,12.416000000000002,329.7432,6.72,1.4857142857142858,335.1142857142857,5.857142857142857,5.626666666666667,335.81,6.733333333333333,3.1,338.62416666666667,6.75,10.266666666666667,339.2711111111111,6.0,-1.0,343.98375,5.75,8.64,341.178,5.8,-1.0,338.33000000000004,5.0,24.1,346.85,6.0,-1.0,351.15999999999997,6.5,-1.0,356.015,4.0,False,False,False,True,False,False,False,False,False,False,False,False,False,False,False,False
10,-1,306.13,3,17,312.64,29.0,18,317.37,7.0,23,337.11,88.0,24.0,341.1,176.0,25.0,345.16,105.0,-1.0,351.24,3.0,-1.0,356.22,8.0,-1.0,357.05,6.0,-1.0,359.82,8.0,11.51222222222222,258.64344444444447,11.255555555555556,8.044117647058824,272.95323529411763,6.6911764705882355,8.096153846153847,283.06673076923073,8.028846153846153,6.184810126582279,298.4777215189873,6.063291139240507,8.3,307.23758620689654,6.189655172413793,4.7215686274509805,309.68549019607843,5.901960784313726,9.057777777777778,315.7886666666667,6.133333333333334,11.286486486486487,315.82216216216216,6.513513513513513,3.771428571428572,320.53464285714284,6.642857142857143,12.416000000000002,329.7432,6.72,1.4857142857142858,335.1142857142857,5.857142857142857,5.626666666666667,335.81,6.733333333333333,3.1,338.62416666666667,6.75,10.266666666666667,339.2711111111111,6.0,-1.0,343.98375,5.75,8.64,341.178,5.8,-1.0,338.33000000000004,5.0,24.1,346.85,6.0,-1.0,351.15999999999997,6.5,-1.0,356.015,4.0,False,False,False,False,False,False,False,True,False,False,False,False,False,False,False,False
9,9.2,101.93,6,10,104.02,32.0,-1,109.23,7.0,-1,111.06,10.0,13.0,116.23,119.0,14.0,120.16,61.0,14.2,122.1,50.0,15.0,124.06,51.0,18.0,136.5,4.0,10.177131782945736,246.79166666666666,17.75968992248062,11.51222222222222,258.64344444444447,11.255555555555556,8.044117647058824,272.95323529411763,6.6911764705882355,8.096153846153847,283.06673076923073,8.028846153846153,6.184810126582279,298.4777215189873,6.063291139240507,8.3,307.23758620689654,6.189655172413793,4.7215686274509805,309.68549019607843,5.901960784313726,9.057777777777778,315.7886666666667,6.133333333333334,11.286486486486487,315.82216216216216,6.513513513513513,3.771428571428572,320.53464285714284,6.642857142857143,12.416000000000002,329.7432,6.72,1.4857142857142858,335.1142857142857,5.857142857142857,5.626666666666667,335.81,6.733333333333333,3.1,338.62416666666667,6.75,10.266666666666667,339.2711111111111,6.0,-1.0,343.98375,5.75,8.64,341.178,5.8,-1.0,338.33000000000004,5.0,24.1,346.85,6.0,-1.0,351.15999999999997,6.5,-1.0,356.015,4.0,False,False,False,False,False,True,False,False,False,False,False,False,False,False,False,False
9,15,168.05,24,16,172.22,297.0,-1,175.14,7.0,17,176.31,21.0,18.0,180.26,75.0,-1.0,181.46,9.0,-1.0,183.17,4.0,-1.0,187.72,9.0,-1.0,189.69,8.0,10.177131782945736,246.79166666666666,17.75968992248062,11.51222222222222,258.64344444444447,11.255555555555556,8.044117647058824,272.95323529411763,6.6911764705882355,8.096153846153847,283.06673076923073,8.028846153846153,6.184810126582279,298.4777215189873,6.063291139240507,8.3,307.23758620689654,6.189655172413793,4.7215686274509805,309.68549019607843,5.901960784313726,9.057777777777778,315.7886666666667,6.133333333333334,11.286486486486487,315.82216216216216,6.513513513513513,3.771428571428572,320.53464285714284,6.642857142857143,12.416000000000002,329.7432,6.72,1.4857142857142858,335.1142857142857,5.857142857142857,5.626666666666667,335.81,6.733333333333333,3.1,338.62416666666667,6.75,10.266666666666667,339.2711111111111,6.0,-1.0,343.98375,5.75,8.64,341.178,5.8,-1.0,338.33000000000004,5.0,24.1,346.85,6.0,-1.0,351.15999999999997,6.5,-1.0,356.015,4.0,False,False,False,False,False,False,False,False,False,False,False,False,False,False,False,True
6,-1,225.33,7,-1,226.37,8.0,8,228.7,117.0,9,232.69,47.0,10.0,236.69,59.0,13.0,249.38,7.0,12.041229656419528,226.86157323688968,52.7992766726944,12.037473233404711,230.39813704496785,41.95289079229122,10.877932960893855,238.12659217877098,30.310055865921786,10.177131782945736,246.79166666666666,17.75968992248062,11.51222222222222,258.64344444444447,11.255555555555556,8.044117647058824,272.95323529411763,6.6911764705882355,8.096153846153847,283.06673076923073,8.028846153846153,6.184810126582279,298.4777215189873,6.063291139240507,8.3,307.23758620689654,6.189655172413793,4.7215686274509805,309.68549019607843,5.901960784313726,9.057777777777778,315.7886666666667,6.133333333333334,11.286486486486487,315.82216216216216,6.513513513513513,3.771428571428572,320.53464285714284,6.642857142857143,12.416000000000002,329.7432,6.72,1.4857142857142858,335.1142857142857,5.857142857142857,5.626666666666667,335.81,6.733333333333333,3.1,338.62416666666667,6.75,10.266666666666667,339.2711111111111,6.0,-1.0,343.98375,5.75,8.64,341.178,5.8,-1.0,338.33000000000004,5.0,24.1,346.85,6.0,-1.0,351.15999999999997,6.5,-1.0,356.015,4.0,False,False,False,False,False,False,False,False,False,False,False,False,False,False,True,False
10,12,281.05,76,-1,282.28,9.0,13,285.08,191.0,-1,291.66,7.0,15.0,293.15,24.0,17.0,301.04,38.0,18.0,305.07,82.0,20.2,314.93,8.0,-1.0,316.62,7.0,25.0,333.58,5.0,11.51222222222222,258.64344444444447,11.255555555555556,8.044117647058824,272.95323529411763,6.6911764705882355,8.096153846153847,283.06673076923073,8.028846153846153,6.184810126582279,298.4777215189873,6.063291139240507,8.3,307.23758620689654,6.189655172413793,4.7215686274509805,309.68549019607843,5.901960784313726,9.057777777777778,315.7886666666667,6.133333333333334,11.286486486486487,315.82216216216216,6.513513513513513,3.771428571428572,320.53464285714284,6.642857142857143,12.416000000000002,329.7432,6.72,1.4857142857142858,335.1142857142857,5.857142857142857,5.626666666666667,335.81,6.733333333333333,3.1,338.62416666666667,6.75,10.266666666666667,339.2711111111111,6.0,-1.0,343.98375,5.75,8.64,341.178,5.8,-1.0,338.33000000000004,5.0,24.1,346.85,6.0,-1.0,351.15999999999997,6.5,-1.0,356.015,4.0,False,False,False,False,True,False,False,False,False,False,False,False,False,False,False,False
2,X,104.99,205,Y,110.9,70.0,,210.75846753246756,71.04545454545455,,216.6818641810919,87.4513981358189,11.362921348314606,219.41106741573032,77.95786516853933,12.028571428571428,222.8513210445469,66.27035330261137,12.041229656419528,226.86157323688968,52.7992766726944,12.037473233404711,230.39813704496785,41.95289079229122,10.877932960893855,238.12659217877098,30.310055865921786,10.177131782945736,246.79166666666666,17.75968992248062,11.51222222222222,258.64344444444447,11.255555555555556,8.044117647058824,272.95323529411763,6.6911764705882355,8.096153846153847,283.06673076923073,8.028846153846153,6.184810126582279,298.4777215189873,6.063291139240507,8.3,307.23758620689654,6.189655172413793,4.7215686274509805,309.68549019607843,5.901960784313726,9.057777777777778,315.7886666666667,6.133333333333334,11.286486486486487,315.82216216216216,6.513513513513513,3.771428571428572,320.53464285714284,6.642857142857143,12.416000000000002,329.7432,6.72,1.4857142857142858,335.1142857142857,5.857142857142857,5.626666666666667,335.81,6.733333333333333,3.1,338.62416666666667,6.75,10.266666666666667,339.2711111111111,6.0,-1.0,343.98375,5.75,8.64,341.178,5.8,-1.0,338.33000000000004,5.0,24.1,346.85,6.0,-1.0,351.15999999999997,6.5,-1.0,356.015,4.0,True,False,False,False,False,False,False,False,False,False,False,False,False,False,False,False
10,6,128.16,11,-1,134.24,5.0,-1,147.06,7.0,11,148.9,101.0,12.0,153.0,86.0,13.0,157.13,20.0,-1.0,159.07,7.0,14.0,161.33,20.0,-1.0,168.47,9.0,16.0,169.22,7.0,11.51222222222222,258.64344444444447,11.255555555555556,8.044117647058824,272.95323529411763,6.6911764705882355,8.096153846153847,283.06673076923073,8.028846153846153,6.184810126582279,298.4777215189873,6.063291139240507,8.3,307.23758620689654,6.189655172413793,4.7215686274509805,309.68549019607843,5.901960784313726,9.057777777777778,315.7886666666667,6.133333333333334,11.286486486486487,315.82216216216216,6.513513513513513,3.771428571428572,320.53464285714284,6.642857142857143,12.416000000000002,329.7432,6.72,1.4857142857142858,335.1142857142857,5.857142857142857,5.626666666666667,335.81,6.733333333333333,3.1,338.62416666666667,6.75,10.266666666666667,339.2711111111111,6.0,-1.0,343.98375,5.75,8.64,341.178,5.8,-1.0,338.33000000000004,5.0,24.1,346.85,6.0,-1.0,351.15999999999997,6.5,-1.0,356.015,4.0,False,False,False,False,False,False,False,False,False,True,False,False,False,False,False,False
19,17,212.64,6,-1,219.48,11.0,21,229.13,31.0,22,233.21,40.0,23.2,239.04,6.0,25.0,245.19,14.0,26.0,249.64,13.0,27.0,253.69,33.0,-1.0,266.22,8.0,-1.0,268.06,6.0,-1.0,277.25,10.0,-1.0,278.22,11.0,-1.0,282.54,9.0,-1.0,285.78,7.0,-1.0,293.24,8.0,43.2,320.46,5.0,-1.0,321.1,4.0,-1.0,338.74,6.0,-1.0,353.45,4.0,12.416000000000002,329.7432,6.72,1.4857142857142858,335.1142857142857,5.857142857142857,5.626666666666667,335.81,6.733333333333333,3.1,338.62416666666667,6.75,10.266666666666667,339.2711111111111,6.0,-1.0,343.98375,5.75,8.64,341.178,5.8,-1.0,338.33000000000004,5.0,24.1,346.85,6.0,-1.0,351.15999999999997,6.5,-1.0,356.015,4.0,False,False,False,False,False,False,False,False,False,False,False,False,True,False,False,False
14,-1,120.0,2,-1,122.56,9.0,-1,131.31,4.0,11,133.63,39.0,12.0,137.64,6.0,13.0,142.01,130.0,14.0,146.12,103.0,-1.0,153.82,7.0,16.0,154.91,5.0,-1.0,156.01,5.0,-1.0,159.37,4.0,-1.0,163.53,5.0,-1.0,167.61,4.0,-1.0,168.84,3.0,8.3,307.23758620689654,6.189655172413793,4.7215686274509805,309.68549019607843,5.901960784313726,9.057777777777778,315.7886666666667,6.133333333333334,11.286486486486487,315.82216216216216,6.513513513513513,3.771428571428572,320.53464285714284,6.642857142857143,12.416000000000002,329.7432,6.72,1.4857142857142858,335.1142857142857,5.857142857142857,5.626666666666667,335.81,6.733333333333333,3.1,338.62416666666667,6.75,10.266666666666667,339.2711111111111,6.0,-1.0,343.98375,5.75,8.64,341.178,5.8,-1.0,338.33000000000004,5.0,24.1,346.85,6.0,-1.0,351.15999999999997,6.5,-1.0,356.015,4.0,False,False,False,False,False,False,False,False,False,False,False,True,False,False,False,False
18,-1,185.1,5,-1,188.95,5.0,26.2,192.79,5.0,27,194.51,41.0,28.0,198.75,6.0,29.0,202.76,17.0,30.0,206.75,23.0,30.2,208.91,4.0,31.0,210.68,42.0,31.2,212.76,11.0,32.0,214.24,3.0,32.2,216.76,20.0,-1.0,219.84,6.0,-1.0,221.71,5.0,35.2,229.03,4.0,-1.0,229.81,5.0,38.2,241.22,4.0,39.0,243.32,5.0,3.771428571428572,320.53464285714284,6.642857142857143,12.416000000000002,329.7432,6.72,1.4857142857142858,335.1142857142857,5.857142857142857,5.626666666666667,335.81,6.733333333333333,3.1,338.62416666666667,6.75,10.266666666666667,339.2711111111111,6.0,-1.0,343.98375,5.75,8.64,341.178,5.8,-1.0,338.33000000000004,5.0,24.1,346.85,6.0,-1.0,351.15999999999997,6.5,-1.0,356.015,4.0,False,False,False,False,False,False,True,False,False,False,False,False,False,False,False,False
7,5.2,252.09,5,-1,260.39,6.0,8,262.04,13.0,9,266.04,31.0,10.0,270.13,28.0,13.0,281.8,4.0,-1.0,288.98,3.0,12.037473233404711,230.39813704496785,41.95289079229122,10.877932960893855,238.12659217877098,30.310055865921786,10.177131782945736,246.79166666666666,17.75968992248062,11.51222222222222,258.64344444444447,11.255555555555556,8.044117647058824,272.95323529411763,6.6911764705882355,8.096153846153847,283.06673076923073,8.028846153846153,6.184810126582279,298.4777215189873,6.063291139240507,8.3,307.23758620689654,6.189655172413793,4.7215686274509805,309.68549019607843,5.901960784313726,9.057777777777778,315.7886666666667,6.133333333333334,11.286486486486487,315.82216216216216,6.513513513513513,3.771428571428572,320.53464285714284,6.642857142857143,12.416000000000002,329.7432,6.72,1.4857142857142858,335.1142857142857,5.857142857142857,5.626666666666667,335.81,6.733333333333333,3.1,338.62416666666667,6.75,10.266666666666667,339.2711111111111,6.0,-1.0,343.98375,5.75,8.64,341.178,5.8,-1.0,338.33000000000004,5.0,24.1,346.85,6.0,-1.0,351.15999999999997,6.5,-1.0,356.015,4.0,False,False,False,False,False,False,False,False,False,False,True,False,False,False,False,False
10,-1,305.49,5,-1,312.23,5.0,9,314.42,7.0,10,318.64,108.0,10.2,320.33,3.0,11.0,322.71,32.0,12.0,326.8,81.0,-1.0,338.31,3.0,-1.0,341.48,5.0,-1.0,344.27,4.0,11.51222222222222,258.64344444444447,11.255555555555556,8.044117647058824,272.95323529411763,6.6911764705882355,8.096153846153847,283.06673076923073,8.028846153846153,6.184810126582279,298.4777215189873,6.063291139240507,8.3,307.23758620689654,6.189655172413793,4.7215686274509805,309.68549019607843,5.901960784313726,9.057777777777778,315.7886666666667,6.133333333333334,11.286486486486487,315.82216216216216,6.513513513513513,3.771428571428572,320.53464285714284,6.642857142857143,12.416000000000002,329.7432,6.72,1.4857142857142858,335.1142857142857,5.857142857142857,5.626666666666667,335.81,6.733333333333333,3.1,338.62416666666667,6.75,10.266666666666667,339.2711111111111,6.0,-1.0,343.98375,5.75,8.64,341.178,5.8,-1.0,338.33000000000004,5.0,24.1,346.85,6.0,-1.0,351.15999999999997,6.5,-1.0,356.015,4.0,False,True,False,False,False,False,False,False,False,False,False,False,False,False,False,False
8,-1,111.54,4,-1,115.67,8.0,-1,116.1,9.0,14,118.41,144.0,-1.0,119.42,4.0,15.0,122.71,2.0,-1.0,131.31,3.0,-1.0,135.44,7.0,10.877932960893855,238.12659217877098,30.310055865921786,10.177131782945736,246.79166666666666,17.75968992248062,11.51222222222222,258.64344444444447,11.255555555555556,8.044117647058824,272.95323529411763,6.6911764705882355,8.096153846153847,283.06673076923073,8.028846153846153,6.184810126582279,298.4777215189873,6.063291139240507,8.3,307.23758620689654,6.189655172413793,4.7215686274509805,309.68549019607843,5.901960784313726,9.057777777777778,315.7886666666667,6.133333333333334,11.286486486486487,315.82216216216216,6.513513513513513,3.771428571428572,320.53464285714284,6.642857142857143,12.416000000000002,329.7432,6.72,1.4857142857142858,335.1142857142857,5.857142857142857,5.626666666666667,335.81,6.733333333333333,3.1,338.62416666666667,6.75,10.266666666666667,339.2711111111111,6.0,-1.0,343.98375,5.75,8.64,341.178,5.8,-1.0,338.33000000000004,5.0,24.1,346.85,6.0,-1.0,351.15999999999997,6.5,-1.0,356.015,4.0,False,False,False,False,False,False,False,False,True,False,False,False,False,False,False,False
4,6,168.45,30,7,172.61,115.0,9,180.71,42.0,-1,201.07,7.0,11.362921348314606,219.41106741573032,77.95786516853933,12.028571428571428,222.8513210445469,66.27035330261137,12.041229656419528,226.86157323688968,52.7992766726944,12.037473233404711,230.39813704496785,41.95289079229122,10.877932960893855,238.12659217877098,30.310055865921786,10.177131782945736,246.79166666666666,17.75968992248062,11.51222222222222,258.64344444444447,11.255555555555556,8.044117647058824,272.95323529411763,6.6911764705882355,8.096153846153847,283.06673076923073,8.028846153846153,6.184810126582279,298.4777215189873,6.063291139240507,8.3,307.23758620689654,6.189655172413793,4.7215686274509805,309.68549019607843,5.901960784313726,9.057777777777778,315.7886666666667,6.133333333333334,11.286486486486487,315.82216216216216,6.513513513513513,3.771428571428572,320.53464285714284,6.642857142857143,12.416000000000002,329.7432,6.72,1.4857142857142858,335.1142857142857,5.857142857142857,5.626666666666667,335.81,6.733333333333333,3.1,338.62416666666667,6.75,10.266666666666667,339.2711111111111,6.0,-1.0,343.98375,5.75,8.64,341.178,5.8,-1.0,338.33000000000004,5.0,24.1,346.85,6.0,-1.0,351.15999999999997,6.5,-1.0,356.015,4.0,False,False,False,False,False,False,False,False,False,False,False,False,False,True,False,False
6,-1,203.22,9,-1,213.46,9.0,-1,220.54,6.0,11,227.24,37.0,12.0,231.22,70.0,-1.0,246.14,7.0,12.041229656419528,226.86157323688968,52.7992766726944,12.037473233404711,230.39813704496785,41.95289079229122,10.877932960893855,238.12659217877098,30.310055865921786,10.177131782945736,246.79166666666666,17.75968992248062,11.51222222222222,258.64344444444447,11.255555555555556,8.044117647058824,272.95323529411763,6.6911764705882355,8.096153846153847,283.06673076923073,8.028846153846153,6.184810126582279,298.4777215189873,6.063291139240507,8.3,307.23758620689654,6.189655172413793,4.7215686274509805,309.68549019607843,5.901960784313726,9.057777777777778,315.7886666666667,6.133333333333334,11.286486486486487,315.82216216216216,6.513513513513513,3.771428571428572,320.53464285714284,6.642857142857143,12.416000000000002,329.7432,6.72,1.4857142857142858,335.1142857142857,5.857142857142857,5.626666666666667,335.81,6.733333333333333,3.1,338.62416666666667,6.75,10.266666666666667,339.2711111111111,6.0,-1.0,343.98375,5.75,8.64,341.178,5.8,-1.0,338.33000000000004,5.0,24.1,346.85,6.0,-1.0,351.15999999999997,6.5,-1.0,356.015,4.0,False,False,True,False,False,False,False,False,False,False,False,False,False,False,False,False
5,-1,249.76,8,7,259.92,5.0,-1,261.8,6.0,9,267.22,24.0,12.0,279.21,83.0,12.028571428571428,222.8513210445469,66.27035330261137,12.041229656419528,226.86157323688968,52.7992766726944,12.037473233404711,230.39813704496785,41.95289079229122,10.877932960893855,238.12659217877098,30.310055865921786,10.177131782945736,246.79166666666666,17.75968992248062,11.51222222222222,258.64344444444447,11.255555555555556,8.044117647058824,272.95323529411763,6.6911764705882355,8.096153846153847,283.06673076923073,8.028846153846153,6.184810126582279,298.4777215189873,6.063291139240507,8.3,307.23758620689654,6.189655172413793,4.7215686274509805,309.68549019607843,5.901960784313726,9.057777777777778,315.7886666666667,6.133333333333334,11.286486486486487,315.82216216216216,6.513513513513513,3.771428571428572,320.53464285714284,6.642857142857143,12.416000000000002,329.7432,6.72,1.4857142857142858,335.1142857142857,5.857142857142857,5.626666666666667,335.81,6.733333333333333,3.1,338.62416666666667,6.75,10.266666666666667,339.2711111111111,6.0,-1.0,343.98375,5.75,8.64,341.178,5.8,-1.0,338.33000000000004,5.0,24.1,346.85,6.0,-1.0,351.15999999999997,6.5,-1.0,356.015,4.0,False,False,False,True,False,False,False,False,False,False,False,False,False,False,False,False
9,14,300.77,8,16,309.04,3.0,-1,319.91,6.0,21,329.16,3.0,22.0,333.55,7.0,23.0,337.18,55.0,24.0,341.15,29.0,25.0,345.17,91.0,-1.0,364.84,4.0,10.177131782945736,246.79166666666666,17.75968992248062,11.51222222222222,258.64344444444447,11.255555555555556,8.044117647058824,272.95323529411763,6.6911764705882355,8.096153846153847,283.06673076923073,8.028846153846153,6.184810126582279,298.4777215189873,6.063291139240507,8.3,307.23758620689654,6.189655172413793,4.7215686274509805,309.68549019607843,5.901960784313726,9.057777777777778,315.7886666666667,6.133333333333334,11.286486486486487,315.82216216216216,6.513513513513513,3.771428571428572,320.53464285714284,6.642857142857143,12.416000000000002,329.7432,6.72,1.4857142857142858,335.1142857142857,5.857142857142857,5.626666666666667,335.81,6.733333333333333,3.1,338.62416666666667,6.75,10.266666666666667,339.2711111111111,6.0,-1.0,343.98375,5.75,8.64,341.178,5.8,-1.0,338.33000000000004,5.0,24.1,346.85,6.0,-1.0,351.15999999999997,6.5,-1.0,356.015,4.0,False,False,False,False,False,False,False,True,False,False,False,False,False,False,False,False
11,-1,98.88,10,10,104.02,19.0,13,116.17,118.0,13.2,118.2,11.0,14.0,120.07,24.0,14.2,122.12,26.0,15.0,124.03,73.0,16.0,127.73,8.0,-1.0,131.08,12.0,-1.0,135.14,6.0,-1.0,137.49,6.0,8.044117647058824,272.95323529411763,6.6911764705882355,8.096153846153847,283.06673076923073,8.028846153846153,6.184810126582279,298.4777215189873,6.063291139240507,8.3,307.23758620689654,6.189655172413793,4.7215686274509805,309.68549019607843,5.901960784313726,9.057777777777778,315.7886666666667,6.133333333333334,11.286486486486487,315.82216216216216,6.513513513513513,3.771428571428572,320.53464285714284,6.642857142857143,12.416000000000002,329.7432,6.72,1.4857142857142858,335.1142857142857,5.857142857142857,5.626666666666667,335.81,6.733333333333333,3.1,338.62416666666667,6.75,10.266666666666667,339.2711111111111,6.0,-1.0,343.98375,5.75,8.64,341.178,5.8,-1.0,338.33000000000004,5.0,24.1,346.85,6.0,-1.0,351.15999999999997,6.5,-1.0,356.015,4.0,False,False,False,False,False,True,False,False,False,False,False,False,False,False,False,False
8,12,155.46,6,-1,170.84,9.0,16,172.07,47.0,17,176.22,39.0,18.0,180.24,26.0,-1.0,185.73,6.0,21.0,192.79,9.0,-1.0,198.43,5.0,10.877932960893855,238.12659217877098,30.310055865921786,10.177131782945736,246.79166666666666,17.75968992248062,11.51222222222222,258.64344444444447,11.255555555555556,8.044117647058824,272.95323529411763,6.6911764705882355,8.096153846153847,283.06673076923073,8.028846153846153,6.184810126582279,298.4777215189873,6.063291139240507,8.3,307.23758620689654,6.189655172413793,4.7215686274509805,309.68549019607843,5.901960784313726,9.057777777777778,315.7886666666667,6.133333333333334,11.286486486486487,315.82216216216216,6.513513513513513,3.771428571428572,320.53464285714284,6.642857142857143,12.416000000000002,329.7432,6.72,1.4857142857142858,335.1142857142857,5.857142857142857,5.626666666666667,335.81,6.733333333333333,3.1,338.62416666666667,6.75,10.266666666666667,339.2711111111111,6.0,-1.0,343.98375,5.75,8.64,341.178,5.8,-1.0,338.33000000000004,5.0,24.1,346.85,6.0,-1.0,351.15999999999997,6.5,-1.0,356.015,4.0,False,False,False,False,False,False,False,False,False,False,False,False,False,False,False,True
6,-1,218.1,6,8,228.64,28.0,9,232.7,21.0,10,236.78,38.0,-1.0,251.39,8.0,-1.0,256.63,5.0,12.041229656419528,226.86157323688968,52.7992766726944,12.037473233404711,230.39813704496785,41.95289079229122,10.877932960893855,238.12659217877098,30.310055865921786,10.177131782945736,246.79166666666666,17.75968992248062,11.51222222222222,258.64344444444447,11.255555555555556,8.044117647058824,272.95323529411763,6.6911764705882355,8.096153846153847,283.06673076923073,8.028846153846153,6.184810126582279,298.4777215189873,6.063291139240507,8.3,307.23758620689654,6.189655172413793,4.7215686274509805,309.68549019607843,5.901960784313726,9.057777777777778,315.7886666666667,6.133333333333334,11.286486486486487,315.82216216216216,6.513513513513513,3.771428571428572,320.53464285714284,6.642857142857143,12.416000000000002,329.7432,6.72,1.4857142857142858,335.1142857142857,5.857142857142857,5.626666666666667,335.81,6.733333333333333,3.1,338.62416666666667,6.75,10.266666666666667,339.2711111111111,6.0,-1.0,343.98375,5.75,8.64,341.178,5.8,-1.0,338.33000000000004,5.0,24.1,346.85,6.0,-1.0,351.15999999999997,6.5,-1.0,356.015,4.0,False,False,False,False,False,False,False,False,False,False,False,False,False,False,True,False
11,-1,263.84,6,9.2,270.84,8.0,-1,273.83,9.0,12,281.56,8.0,13.0,285.16,48.0,15.0,293.12,35.0,-1.0,297.73,9.0,-1.0,310.55,6.0,21.0,317.12,6.0,24.0,329.49,6.0,24.0,330.22,11.0,8.044117647058824,272.95323529411763,6.6911764705882355,8.096153846153847,283.06673076923073,8.028846153846153,6.184810126582279,298.4777215189873,6.063291139240507,8.3,307.23758620689654,6.189655172413793,4.7215686274509805,309.68549019607843,5.901960784313726,9.057777777777778,315.7886666666667,6.133333333333334,11.286486486486487,315.82216216216216,6.513513513513513,3.771428571428572,320.53464285714284,6.642857142857143,12.416000000000002,329.7432,6.72,1.4857142857142858,335.1142857142857,5.857142857142857,5.626666666666667,335.81,6.733333333333333,3.1,338.62416666666667,6.75,10.266666666666667,339.2711111111111,6.0,-1.0,343.98375,5.75,8.64,341.178,5.8,-1.0,338.33000000000004,5.0,24.1,346.85,6.0,-1.0,351.15999999999997,6.5,-1.0,356.015,4.0,False,False,False,False,True,False,False,False,False,False,False,False,False,False,False,False
2,X,105.0,157,Y,110.86,54.0,,210.75846753246756,71.04545454545455,,216.6818641810919,87.4513981358189,11.362921348314606,219.41106741573032,77.95786516853933,12.028571428571428,222.8513210445469,66.27035330261137,12.041229656419528,226.86157323688968,52.7992766726944,12.037473233404711,230.39813704496785,41.95289079229122,10.877932960893855,238.12659217877098,30.310055865921786,10.177131782945736,246.79166666666666,17.75968992248062,11.51222222222222,258.64344444444447,11.255555555555556,8.044117647058824,272.95323529411763,6.6911764705882355,8.096153846153847,283.06673076923073,8.028846153846153,6.184810126582279,298.4777215189873,6.063291139240507,8.3,307.23758620689654,6.189655172413793,4.7215686274509805,309.68549019607843,5.901960784313726,9.057777777777778,315.7886666666667,6.133333333333334,11.286486486486487,315.82216216216216,6.513513513513513,3.771428571428572,320.53464285714284,6.642857142857143,12.416000000000002,329.7432,6.72,1.4857142857142858,335.1142857142857,5.857142857142857,5.626666666666667,335.81,6.733333333333333,3.1,338.62416666666667,6.75,10.266666666666667,339.2711111111111,6.0,-1.0,343.98375,5.75,8.64,341.178,5.8,-1.0,338.33000000000004,5.0,24.1,346.85,6.0,-1.0,351.15999999999997,6.5,-1.0,356.015,4.0,True,False,False,False,False,False,False,False,False,False,False,False,False,False,False,False
10,-1,129.44,8,-1,135.44,6.0,-1,137.18,7.0,-1,138.32,7.0,-1.0,139.24,9.0,-1.0,145.42,8.0,11.0,148.76,37.0,12.0,153.04,69.0,14.0,161.15,29.0,-1.0,168.38,6.0,11.51222222222222,258.64344444444447,11.255555555555556,8.044117647058824,272.95323529411763,6.6911764705882355,8.096153846153847,283.06673076923073,8.028846153846153,6.184810126582279,298.4777215189873,6.063291139240507,8.3,307.23758620689654,6.189655172413793,4.7215686274509805,309.68549019607843,5.901960784313726,9.057777777777778,315.7886666666667,6.133333333333334,11.286486486486487,315.82216216216216,6.513513513513513,3.771428571428572,320.53464285714284,6.642857142857143,12.416000000000002,329.7432,6.72,1.4857142857142858,335.1142857142857,5.857142857142857,5.626666666666667,335.81,6.733333333333333,3.1,338.62416666666667,6.75,10.266666666666667,339.2711111111111,6.0,-1.0,343.98375,5.75,8.64,341.178,5.8,-1.0,338.33000000000004,5.0,24.1,346.85,6.0,-1.0,351.15999999999997,6.5,-1.0,356.015,4.0,False,False,False,False,False,False,False,False,False,True,False,False,False,False,False,False
25,-1,214.08,5,19,221.16,22.0,-1,223.89,8.0,22,233.1,26.0,22.2,234.82,4.0,22.2,235.45,6.0,23.2,238.82,10.0,24.0,241.78,9.0,25.0,245.58,36.0,26.0,249.44,13.0,27.0,253.56,30.0,-1.0,264.7,6.0,-1.0,278.73,8.0,-1.0,286.56,4.0,-1.0,293.98,9.0,-1.0,296.56,7.0,-1.0,311.83,6.0,-1.0,314.5,13.0,-1.0,322.38,8.0,-1.0,322.96,7.0,-1.0,346.0,11.0,-1.0,347.39,9.0,-1.0,350.85,7.0,-1.0,351.51,5.0,-1.0,356.7,7.0,8.64,341.178,5.8,-1.0,338.33000000000004,5.0,24.1,346.85,6.0,-1.0,351.15999999999997,6.5,-1.0,356.015,4.0,False,False,False,False,False,False,False,False,False,False,False,False,True,False,False,False
8,10,129.6,7,11,133.68,128.0,-1,134.97,8.0,12,137.96,34.0,-1.0,139.18,3.0,13.0,141.98,511.0,14.0,146.12,395.0,-1.0,173.44,2.0,10.877932960893855,238.12659217877098,30.310055865921786,10.177131782945736,246.79166666666666,17.75968992248062,11.51222222222222,258.64344444444447,11.255555555555556,8.044117647058824,272.95323529411763,6.6911764705882355,8.096153846153847,283.06673076923073,8.028846153846153,6.184810126582279,298.4777215189873,6.063291139240507,8.3,307.23758620689654,6.189655172413793,4.7215686274509805,309.68549019607843,5.901960784313726,9.057777777777778,315.7886666666667,6.133333333333334,11.286486486486487,315.82216216216216,6.513513513513513,3.771428571428572,320.53464285714284,6.642857142857143,12.416000000000002,329.7432,6.72,1.4857142857142858,335.1142857142857,5.857142857142857,5.626666666666667,335.81,6.733333333333333,3.1,338.62416666666667,6.75,10.266666666666667,339.2711111111111,6.0,-1.0,343.98375,5.75,8.64,341.178,5.8,-1.0,338.33000000000004,5.0,24.1,346.85,6.0,-1.0,351.15999999999997,6.5,-1.0,356.015,4.0,False,False,False,False,False,False,False,False,False,False,False,True,False,False,False,False
9,26,190.42,8,27,194.61,183.0,29,202.68,68.0,30,206.72,129.0,31.0,210.69,51.0,31.2,212.73,113.0,32.2,216.69,65.0,33.0,218.95,4.0,-1.0,240.18,5.0,10.177131782945736,246.79166666666666,17.75968992248062,11.51222222222222,258.64344444444447,11.255555555555556,8.044117647058824,272.95323529411763,6.6911764705882355,8.096153846153847,283.06673076923073,8.028846153846153,6.184810126582279,298.4777215189873,6.063291139240507,8.3,307.23758620689654,6.189655172413793,4.7215686274509805,309.68549019607843,5.901960784313726,9.057777777777778,315.7886666666667,6.133333333333334,11.286486486486487,315.82216216216216,6.513513513513513,3.771428571428572,320.53464285714284,6.642857142857143,12.416000000000002,329.7432,6.72,1.4857142857142858,335.1142857142857,5.857142857142857,5.626666666666667,335.81,6.733333333333333,3.1,338.62416666666667,6.75,10.266666666666667,339.2711111111111,6.0,-1.0,343.98375,5.75,8.64,341.178,5.8,-1.0,338.33000000000004,5.0,24.1,346.85,6.0,-1.0,351.15999999999997,6.5,-1.0,356.015,4.0,False,False,False,False,False,False,True,False,False,False,False,False,False,False,False,False
7,-1,254.75,5,8,262.1,96.0,9,266.03,172.0,10,270.15,174.0,-1.0,272.87,4.0,11.0,274.02,5.0,12.0,278.15,61.0,12.037473233404711,230.39813704496785,41.95289079229122,10.877932960893855,238.12659217877098,30.310055865921786,10.177131782945736,246.79166666666666,17.75968992248062,11.51222222222222,258.64344444444447,11.255555555555556,8.044117647058824,272.95323529411763,6.6911764705882355,8.096153846153847,283.06673076923073,8.028846153846153,6.184810126582279,298.4777215189873,6.063291139240507,8.3,307.23758620689654,6.189655172413793,4.7215686274509805,309.68549019607843,5.901960784313726,9.057777777777778,315.7886666666667,6.133333333333334,11.286486486486487,315.82216216216216,6.513513513513513,3.771428571428572,320.53464285714284,6.642857142857143,12.416000000000002,329.7432,6.72,1.4857142857142858,335.1142857142857,5.857142857142857,5.626666666666667,335.81,6.733333333333333,3.1,338.62416666666667,6.75,10.266666666666667,339.2711111111111,6.0,-1.0,343.98375,5.75,8.64,341.178,5.8,-1.0,338.33000000000004,5.0,24.1,346.85,6.0,-1.0,351.15999999999997,6.5,-1.0,356.015,4.0,False,False,False,False,False,False,False,False,False,False,True,False,False,False,False,False
8,7,306.33,2,-1,310.04,2.0,9,314.28,9.0,10,318.76,226.0,11.0,322.85,23.0,12.0,326.95,102.0,13.0,330.76,3.0,-1.0,332.56,3.0,10.877932960893855,238.12659217877098,30.310055865921786,10.177131782945736,246.79166666666666,17.75968992248062,11.51222222222222,258.64344444444447,11.255555555555556,8.044117647058824,272.95323529411763,6.6911764705882355,8.096153846153847,283.06673076923073,8.028846153846153,6.184810126582279,298.4777215189873,6.063291139240507,8.3,307.23758620689654,6.189655172413793,4.7215686274509805,309.68549019607843,5.901960784313726,9.057777777777778,315.7886666666667,6.133333333333334,11.286486486486487,315.82216216216216,6.513513513513513,3.771428571428572,320.53464285714284,6.642857142857143,12.416000000000002,329.7432,6.72,1.4857142857142858,335.1142857142857,5.857142857142857,5.626666666666667,335.81,6.733333333333333,3.1,338.62416666666667,6.75,10.266666666666667,339.2711111111111,6.0,-1.0,343.98375,5.75,8.64,341.178,5.8,-1.0,338.33000000000004,5.0,24.1,346.85,6.0,-1.0,351.15999999999997,6.5,-1.0,356.015,4.0,False,True,False,False,False,False,False,False,False,False,False,False,False,False,False,False
5,-1,101.28,7,14,118.39,692.0,15,122.26,435.0,18,134.48,126.0,-1.0,139.76,7.0,12.028571428571428,222.8513210445469,66.27035330261137,12.041229656419528,226.86157323688968,52.7992766726944,12.037473233404711,230.39813704496785,41.95289079229122,10.877932960893855,238.12659217877098,30.310055865921786,10.177131782945736,246.79166666666666,17.75968992248062,11.51222222222222,258.64344444444447,11.255555555555556,8.044117647058824,272.95323529411763,6.6911764705882355,8.096153846153847,283.06673076923073,8.028846153846153,6.184810126582279,298.4777215189873,6.063291139240507,8.3,307.23758620689654,6.189655172413793,4.7215686274509805,309.68549019607843,5.901960784313726,9.057777777777778,315.7886666666667,6.133333333333334,11.286486486486487,315.82216216216216,6.513513513513513,3.771428571428572,320.53464285714284,6.642857142857143,12.416000000000002,329.7432,6.72,1.4857142857142858,335.1142857142857,5.857142857142857,5.626666666666667,335.81,6.733333333333333,3.1,338.62416666666667,6.75,10.266666666666667,339.2711111111111,6.0,-1.0,343.98375,5.75,8.64,341.178,5.8,-1.0,338.33000000000004,5.0,24.1,346.85,6.0,-1.0,351.15999999999997,6.5,-1.0,356.015,4.0,False,False,False,False,False,False,False,False,True,False,False,False,False,False,False,False
8,-1,157.98,9,-1,162.0,6.0,-1,163.08,8.0,-1,166.42,5.0,6.0,168.59,268.0,7.0,172.61,436.0,8.0,176.8,18.0,9.0,180.77,682.0,10.877932960893855,238.12659217877098,30.310055865921786,10.177131782945736,246.79166666666666,17.75968992248062,11.51222222222222,258.64344444444447,11.255555555555556,8.044117647058824,272.95323529411763,6.6911764705882355,8.096153846153847,283.06673076923073,8.028846153846153,6.184810126582279,298.4777215189873,6.063291139240507,8.3,307.23758620689654,6.189655172413793,4.7215686274509805,309.68549019607843,5.901960784313726,9.057777777777778,315.7886666666667,6.133333333333334,11.286486486486487,315.82216216216216,6.513513513513513,3.771428571428572,320.53464285714284,6.642857142857143,12.416000000000002,329.7432,6.72,1.4857142857142858,335.1142857142857,5.857142857142857,5.626666666666667,335.81,6.733333333333333,3.1,338.62416666666667,6.75,10.266666666666667,339.2711111111111,6.0,-1.0,343.98375,5.75,8.64,341.178,5.8,-1.0,338.33000000000004,5.0,24.1,346.85,6.0,-1.0,351.15999999999997,6.5,-1.0,356.015,4.0,False,False,False,False,False,False,False,False,False,False,False,False,False,True,False,False
3,-1,207.56,11,11,227.22,49.0,12,231.27,643.0,,216.6818641810919,87.4513981358189,11.362921348314606,219.41106741573032,77.95786516853933,12.028571428571428,222.8513210445469,66.27035330261137,12.041229656419528,226.86157323688968,52.7992766726944,12.037473233404711,230.39813704496785,41.95289079229122,10.877932960893855,238.12659217877098,30.310055865921786,10.177131782945736,246.79166666666666,17.75968992248062,11.51222222222222,258.64344444444447,11.255555555555556,8.044117647058824,272.95323529411763,6.6911764705882355,8.096153846153847,283.06673076923073,8.028846153846153,6.184810126582279,298.4777215189873,6.063291139240507,8.3,307.23758620689654,6.189655172413793,4.7215686274509805,309.68549019607843,5.901960784313726,9.057777777777778,315.7886666666667,6.133333333333334,11.286486486486487,315.82216216216216,6.513513513513513,3.771428571428572,320.53464285714284,6.642857142857143,12.416000000000002,329.7432,6.72,1.4857142857142858,335.1142857142857,5.857142857142857,5.626666666666667,335.81,6.733333333333333,3.1,338.62416666666667,6.75,10.266666666666667,339.2711111111111,6.0,-1.0,343.98375,5.75,8.64,341.178,5.8,-1.0,338.33000000000004,5.0,24.1,346.85,6.0,-1.0,351.15999999999997,6.5,-1.0,356.015,4.0,False,False,True,False,False,False,False,False,False,False,False,False,False,False,False,False
5,-1,258.28,5,9,267.35,115.0,11,275.33,325.0,12,279.3,331.0,13.0,283.23,172.0,12.028571428571428,222.8513210445469,66.27035330261137,12.041229656419528,226.86157323688968,52.7992766726944,12.037473233404711,230.39813704496785,41.95289079229122,10.877932960893855,238.12659217877098,30.310055865921786,10.177131782945736,246.79166666666666,17.75968992248062,11.51222222222222,258.64344444444447,11.255555555555556,8.044117647058824,272.95323529411763,6.6911764705882355,8.096153846153847,283.06673076923073,8.028846153846153,6.184810126582279,298.4777215189873,6.063291139240507,8.3,307.23758620689654,6.189655172413793,4.7215686274509805,309.68549019607843,5.901960784313726,9.057777777777778,315.7886666666667,6.133333333333334,11.286486486486487,315.82216216216216,6.513513513513513,3.771428571428572,320.53464285714284,6.642857142857143,12.416000000000002,329.7432,6.72,1.4857142857142858,335.1142857142857,5.857142857142857,5.626666666666667,335.81,6.733333333333333,3.1,338.62416666666667,6.75,10.266666666666667,339.2711111111111,6.0,-1.0,343.98375,5.75,8.64,341.178,5.8,-1.0,338.33000000000004,5.0,24.1,346.85,6.0,-1.0,351.15999999999997,6.5,-1.0,356.015,4.0,False,False,False,True,False,False,False,False,False,False,False,False,False,False,False,False
10,-1,305.97,7,17,312.73,63.0,-1,330.67,3.0,22,333.2,19.0,23.0,337.23,237.0,24.0,341.19,161.0,25.0,345.22,336.0,-1.0,355.77,4.0,-1.0,357.06,3.0,-1.0,363.37,4.0,11.51222222222222,258.64344444444447,11.255555555555556,8.044117647058824,272.95323529411763,6.6911764705882355,8.096153846153847,283.06673076923073,8.028846153846153,6.184810126582279,298.4777215189873,6.063291139240507,8.3,307.23758620689654,6.189655172413793,4.7215686274509805,309.68549019607843,5.901960784313726,9.057777777777778,315.7886666666667,6.133333333333334,11.286486486486487,315.82216216216216,6.513513513513513,3.771428571428572,320.53464285714284,6.642857142857143,12.416000000000002,329.7432,6.72,1.4857142857142858,335.1142857142857,5.857142857142857,5.626666666666667,335.81,6.733333333333333,3.1,338.62416666666667,6.75,10.266666666666667,339.2711111111111,6.0,-1.0,343.98375,5.75,8.64,341.178,5.8,-1.0,338.33000000000004,5.0,24.1,346.85,6.0,-1.0,351.15999999999997,6.5,-1.0,356.015,4.0,False,False,False,False,False,False,False,True,False,False,False,False,False,False,False,False
10,10,104.0,165,12,112.18,47.0,-1,113.37,6.0,13,116.23,368.0,14.0,120.16,125.0,14.2,122.1,258.0,15.0,124.06,101.0,-1.0,130.87,10.0,17.0,131.67,9.0,-1.0,139.67,11.0,11.51222222222222,258.64344444444447,11.255555555555556,8.044117647058824,272.95323529411763,6.6911764705882355,8.096153846153847,283.06673076923073,8.028846153846153,6.184810126582279,298.4777215189873,6.063291139240507,8.3,307.23758620689654,6.189655172413793,4.7215686274509805,309.68549019607843,5.901960784313726,9.057777777777778,315.7886666666667,6.133333333333334,11.286486486486487,315.82216216216216,6.513513513513513,3.771428571428572,320.53464285714284,6.642857142857143,12.416000000000002,329.7432,6.72,1.4857142857142858,335.1142857142857,5.857142857142857,5.626666666666667,335.81,6.733333333333333,3.1,338.62416666666667,6.75,10.266666666666667,339.2711111111111,6.0,-1.0,343.98375,5.75,8.64,341.178,5.8,-1.0,338.33000000000004,5.0,24.1,346.85,6.0,-1.0,351.15999999999997,6.5,-1.0,356.015,4.0,False,False,False,False,False,True,False,False,False,False,False,False,False,False,False,False
7,15,168.09,32,16,172.19,499.0,17,176.3,116.0,18,180.34,150.0,-1.0,181.71,9.0,-1.0,198.03,10.0,24.0,204.87,9.0,12.037473233404711,230.39813704496785,41.95289079229122,10.877932960893855,238.12659217877098,30.310055865921786,10.177131782945736,246.79166666666666,17.75968992248062,11.51222222222222,258.64344444444447,11.255555555555556,8.044117647058824,272.95323529411763,6.6911764705882355,8.096153846153847,283.06673076923073,8.028846153846153,6.184810126582279,298.4777215189873,6.063291139240507,8.3,307.23758620689654,6.189655172413793,4.7215686274509805,309.68549019607843,5.901960784313726,9.057777777777778,315.7886666666667,6.133333333333334,11.286486486486487,315.82216216216216,6.513513513513513,3.771428571428572,320.53464285714284,6.642857142857143,12.416000000000002,329.7432,6.72,1.4857142857142858,335.1142857142857,5.857142857142857,5.626666666666667,335.81,6.733333333333333,3.1,338.62416666666667,6.75,10.266666666666667,339.2711111111111,6.0,-1.0,343.98375,5.75,8.64,341.178,5.8,-1.0,338.33000000000004,5.0,24.1,346.85,6.0,-1.0,351.15999999999997,6.5,-1.0,356.015,4.0,False,False,False,False,False,False,False,False,False,False,False,False,False,False,False,True
9,-1,220.17,10,7,224.81,20.0,8,228.77,604.0,9,232.82,95.0,10.0,236.8,154.0,-1.0,238.27,9.0,13.0,248.59,7.0,-1.0,251.3,8.0,14.0,252.85,6.0,10.177131782945736,246.79166666666666,17.75968992248062,11.51222222222222,258.64344444444447,11.255555555555556,8.044117647058824,272.95323529411763,6.6911764705882355,8.096153846153847,283.06673076923073,8.028846153846153,6.184810126582279,298.4777215189873,6.063291139240507,8.3,307.23758620689654,6.189655172413793,4.7215686274509805,309.68549019607843,5.901960784313726,9.057777777777778,315.7886666666667,6.133333333333334,11.286486486486487,315.82216216216216,6.513513513513513,3.771428571428572,320.53464285714284,6.642857142857143,12.416000000000002,329.7432,6.72,1.4857142857142858,335.1142857142857,5.857142857142857,5.626666666666667,335.81,6.733333333333333,3.1,338.62416666666667,6.75,10.266666666666667,339.2711111111111,6.0,-1.0,343.98375,5.75,8.64,341.178,5.8,-1.0,338.33000000000004,5.0,24.1,346.85,6.0,-1.0,351.15999999999997,6.5,-1.0,356.015,4.0,False,False,False,False,False,False,False,False,False,False,False,False,False,False,True,False
11,-1,262.88,8,9,269.01,13.0,12,281.05,145.0,13,285.15,213.0,15.0,293.09,148.0,17.0,301.03,65.0,18.0,305.01,123.0,-1.0,308.18,9.0,-1.0,314.28,6.0,24.0,329.86,5.0,27.0,342.38,6.0,8.044117647058824,272.95323529411763,6.6911764705882355,8.096153846153847,283.06673076923073,8.028846153846153,6.184810126582279,298.4777215189873,6.063291139240507,8.3,307.23758620689654,6.189655172413793,4.7215686274509805,309.68549019607843,5.901960784313726,9.057777777777778,315.7886666666667,6.133333333333334,11.286486486486487,315.82216216216216,6.513513513513513,3.771428571428572,320.53464285714284,6.642857142857143,12.416000000000002,329.7432,6.72,1.4857142857142858,335.1142857142857,5.857142857142857,5.626666666666667,335.81,6.733333333333333,3.1,338.62416666666667,6.75,10.266666666666667,339.2711111111111,6.0,-1.0,343.98375,5.75,8.64,341.178,5.8,-1.0,338.33000000000004,5.0,24.1,346.85,6.0,-1.0,351.15999999999997,6.5,-1.0,356.015,4.0,False,False,False,False,True,False,False,False,False,False,False,False,False,False,False,False
2,X,104.95,497,Y,110.84,487.0,,210.75846753246756,71.04545454545455,,216.6818641810919,87.4513981358189,11.362921348314606,219.41106741573032,77.95786516853933,12.028571428571428,222.8513210445469,66.27035330261137,12.041229656419528,226.86157323688968,52.7992766726944,12.037473233404711,230.39813704496785,41.95289079229122,10.877932960893855,238.12659217877098,30.310055865921786,10.177131782945736,246.79166666666666,17.75968992248062,11.51222222222222,258.64344444444447,11.255555555555556,8.044117647058824,272.95323529411763,6.6911764705882355,8.096153846153847,283.06673076923073,8.028846153846153,6.184810126582279,298.4777215189873,6.063291139240507,8.3,307.23758620689654,6.189655172413793,4.7215686274509805,309.68549019607843,5.901960784313726,9.057777777777778,315.7886666666667,6.133333333333334,11.286486486486487,315.82216216216216,6.513513513513513,3.771428571428572,320.53464285714284,6.642857142857143,12.416000000000002,329.7432,6.72,1.4857142857142858,335.1142857142857,5.857142857142857,5.626666666666667,335.81,6.733333333333333,3.1,338.62416666666667,6.75,10.266666666666667,339.2711111111111,6.0,-1.0,343.98375,5.75,8.64,341.178,5.8,-1.0,338.33000000000004,5.0,24.1,346.85,6.0,-1.0,351.15999999999997,6.5,-1.0,356.015,4.0,True,False,False,False,False,False,False,False,False,False,False,False,False,False,False,False
9,-1,126.98,10,11,148.86,314.0,12,152.94,394.0,13,157.05,260.0,-1.0,159.24,8.0,14.0,161.25,110.0,-1.0,164.58,9.0,15.0,165.41,9.0,-1.0,178.32,8.0,10.177131782945736,246.79166666666666,17.75968992248062,11.51222222222222,258.64344444444447,11.255555555555556,8.044117647058824,272.95323529411763,6.6911764705882355,8.096153846153847,283.06673076923073,8.028846153846153,6.184810126582279,298.4777215189873,6.063291139240507,8.3,307.23758620689654,6.189655172413793,4.7215686274509805,309.68549019607843,5.901960784313726,9.057777777777778,315.7886666666667,6.133333333333334,11.286486486486487,315.82216216216216,6.513513513513513,3.771428571428572,320.53464285714284,6.642857142857143,12.416000000000002,329.7432,6.72,1.4857142857142858,335.1142857142857,5.857142857142857,5.626666666666667,335.81,6.733333333333333,3.1,338.62416666666667,6.75,10.266666666666667,339.2711111111111,6.0,-1.0,343.98375,5.75,8.64,341.178,5.8,-1.0,338.33000000000004,5.0,24.1,346.85,6.0,-1.0,351.15999999999997,6.5,-1.0,356.015,4.0,False,False,False,False,False,False,False,False,False,True,False,False,False,False,False,False
16,19,220.94,105,20,225.15,14.0,21,229.11,176.0,22,233.17,105.0,-1.0,237.92,7.0,24.0,241.33,13.0,25.0,245.49,72.0,26.0,249.47,75.0,27.0,253.54,79.0,27.2,255.61,9.0,-1.0,262.36,12.0,-1.0,289.51,5.0,-1.0,299.74,6.0,-1.0,302.23,9.0,-1.0,313.73,9.0,-1.0,326.68,8.0,9.057777777777778,315.7886666666667,6.133333333333334,11.286486486486487,315.82216216216216,6.513513513513513,3.771428571428572,320.53464285714284,6.642857142857143,12.416000000000002,329.7432,6.72,1.4857142857142858,335.1142857142857,5.857142857142857,5.626666666666667,335.81,6.733333333333333,3.1,338.62416666666667,6.75,10.266666666666667,339.2711111111111,6.0,-1.0,343.98375,5.75,8.64,341.178,5.8,-1.0,338.33000000000004,5.0,24.1,346.85,6.0,-1.0,351.15999999999997,6.5,-1.0,356.015,4.0,False,False,False,False,False,False,False,False,False,False,False,False,True,False,False,False
8,9,125.27,5,-1,137.12,5.0,12,137.8,7.0,13,141.93,64.0,14.0,146.09,47.0,15.0,150.12,7.0,-1.0,161.22,3.0,-1.0,171.57,3.0,10.877932960893855,238.12659217877098,30.310055865921786,10.177131782945736,246.79166666666666,17.75968992248062,11.51222222222222,258.64344444444447,11.255555555555556,8.044117647058824,272.95323529411763,6.6911764705882355,8.096153846153847,283.06673076923073,8.028846153846153,6.184810126582279,298.4777215189873,6.063291139240507,8.3,307.23758620689654,6.189655172413793,4.7215686274509805,309.68549019607843,5.901960784313726,9.057777777777778,315.7886666666667,6.133333333333334,11.286486486486487,315.82216216216216,6.513513513513513,3.771428571428572,320.53464285714284,6.642857142857143,12.416000000000002,329.7432,6.72,1.4857142857142858,335.1142857142857,5.857142857142857,5.626666666666667,335.81,6.733333333333333,3.1,338.62416666666667,6.75,10.266666666666667,339.2711111111111,6.0,-1.0,343.98375,5.75,8.64,341.178,5.8,-1.0,338.33000000000004,5.0,24.1,346.85,6.0,-1.0,351.15999999999997,6.5,-1.0,356.015,4.0,False,False,False,False,False,False,False,False,False,False,False,True,False,False,False,False
11,-1,185.14,7,-1,189.81,5.0,-1,191.37,6.0,27,194.48,15.0,29.0,202.75,8.0,-1.0,209.63,3.0,31.2,212.62,11.0,32.0,214.54,5.0,32.2,216.72,24.0,33.0,219.22,6.0,-1.0,240.4,4.0,8.044117647058824,272.95323529411763,6.6911764705882355,8.096153846153847,283.06673076923073,8.028846153846153,6.184810126582279,298.4777215189873,6.063291139240507,8.3,307.23758620689654,6.189655172413793,4.7215686274509805,309.68549019607843,5.901960784313726,9.057777777777778,315.7886666666667,6.133333333333334,11.286486486486487,315.82216216216216,6.513513513513513,3.771428571428572,320.53464285714284,6.642857142857143,12.416000000000002,329.7432,6.72,1.4857142857142858,335.1142857142857,5.857142857142857,5.626666666666667,335.81,6.733333333333333,3.1,338.62416666666667,6.75,10.266666666666667,339.2711111111111,6.0,-1.0,343.98375,5.75,8.64,341.178,5.8,-1.0,338.33000000000004,5.0,24.1,346.85,6.0,-1.0,351.15999999999997,6.5,-1.0,356.015,4.0,False,False,False,False,False,False,True,False,False,False,False,False,False,False,False,False
6,-1,247.23,4,-1,260.23,5.0,8,261.95,10.0,9,266.01,18.0,12.0,278.03,15.0,-1.0,279.92,4.0,12.041229656419528,226.86157323688968,52.7992766726944,12.037473233404711,230.39813704496785,41.95289079229122,10.877932960893855,238.12659217877098,30.310055865921786,10.177131782945736,246.79166666666666,17.75968992248062,11.51222222222222,258.64344444444447,11.255555555555556,8.044117647058824,272.95323529411763,6.6911764705882355,8.096153846153847,283.06673076923073,8.028846153846153,6.184810126582279,298.4777215189873,6.063291139240507,8.3,307.23758620689654,6.189655172413793,4.7215686274509805,309.68549019607843,5.901960784313726,9.057777777777778,315.7886666666667,6.133333333333334,11.286486486486487,315.82216216216216,6.513513513513513,3.771428571428572,320.53464285714284,6.642857142857143,12.416000000000002,329.7432,6.72,1.4857142857142858,335.1142857142857,5.857142857142857,5.626666666666667,335.81,6.733333333333333,3.1,338.62416666666667,6.75,10.266666666666667,339.2711111111111,6.0,-1.0,343.98375,5.75,8.64,341.178,5.8,-1.0,338.33000000000004,5.0,24.1,346.85,6.0,-1.0,351.15999999999997,6.5,-1.0,356.015,4.0,False,False,False,False,False,False,False,False,False,False,True,False,False,False,False,False
7,-1,304.99,4,-1,305.61,4.0,7,306.24,4.0,-1,312.64,4.0,-1.0,316.44,2.0,10.0,318.73,36.0,12.0,326.84,24.0,12.037473233404711,230.39813704496785,41.95289079229122,10.877932960893855,238.12659217877098,30.310055865921786,10.177131782945736,246.79166666666666,17.75968992248062,11.51222222222222,258.64344444444447,11.255555555555556,8.044117647058824,272.95323529411763,6.6911764705882355,8.096153846153847,283.06673076923073,8.028846153846153,6.184810126582279,298.4777215189873,6.063291139240507,8.3,307.23758620689654,6.189655172413793,4.7215686274509805,309.68549019607843,5.901960784313726,9.057777777777778,315.7886666666667,6.133333333333334,11.286486486486487,315.82216216216216,6.513513513513513,3.771428571428572,320.53464285714284,6.642857142857143,12.416000000000002,329.7432,6.72,1.4857142857142858,335.1142857142857,5.857142857142857,5.626666666666667,335.81,6.733333333333333,3.1,338.62416666666667,6.75,10.266666666666667,339.2711111111111,6.0,-1.0,343.98375,5.75,8.64,341.178,5.8,-1.0,338.33000000000004,5.0,24.1,346.85,6.0,-1.0,351.15999999999997,6.5,-1.0,356.015,4.0,False,True,False,False,False,False,False,False,False,False,False,False,False,False,False,False
5,14,118.41,96,15.2,124.53,6.0,16.2,128.15,9.0,-1,131.57,9.0,18.0,134.41,35.0,12.028571428571428,222.8513210445469,66.27035330261137,12.041229656419528,226.86157323688968,52.7992766726944,12.037473233404711,230.39813704496785,41.95289079229122,10.877932960893855,238.12659217877098,30.310055865921786,10.177131782945736,246.79166666666666,17.75968992248062,11.51222222222222,258.64344444444447,11.255555555555556,8.044117647058824,272.95323529411763,6.6911764705882355,8.096153846153847,283.06673076923073,8.028846153846153,6.184810126582279,298.4777215189873,6.063291139240507,8.3,307.23758620689654,6.189655172413793,4.7215686274509805,309.68549019607843,5.901960784313726,9.057777777777778,315.7886666666667,6.133333333333334,11.286486486486487,315.82216216216216,6.513513513513513,3.771428571428572,320.53464285714284,6.642857142857143,12.416000000000002,329.7432,6.72,1.4857142857142858,335.1142857142857,5.857142857142857,5.626666666666667,335.81,6.733333333333333,3.1,338.62416666666667,6.75,10.266666666666667,339.2711111111111,6.0,-1.0,343.98375,5.75,8.64,341.178,5.8,-1.0,338.33000000000004,5.0,24.1,346.85,6.0,-1.0,351.15999999999997,6.5,-1.0,356.015,4.0,False,False,False,False,False,False,False,False,True,False,False,False,False,False,False,False
10,-1,158.59,6,-1,159.84,5.0,5,164.44,6.0,-1,165.44,7.0,-1.0,166.13,7.0,6.0,168.58,104.0,7.0,172.72,34.0,-1.0,173.56,13.0,8.0,176.7,4.0,9.0,180.7,62.0,11.51222222222222,258.64344444444447,11.255555555555556,8.044117647058824,272.95323529411763,6.6911764705882355,8.096153846153847,283.06673076923073,8.028846153846153,6.184810126582279,298.4777215189873,6.063291139240507,8.3,307.23758620689654,6.189655172413793,4.7215686274509805,309.68549019607843,5.901960784313726,9.057777777777778,315.7886666666667,6.133333333333334,11.286486486486487,315.82216216216216,6.513513513513513,3.771428571428572,320.53464285714284,6.642857142857143,12.416000000000002,329.7432,6.72,1.4857142857142858,335.1142857142857,5.857142857142857,5.626666666666667,335.81,6.733333333333333,3.1,338.62416666666667,6.75,10.266666666666667,339.2711111111111,6.0,-1.0,343.98375,5.75,8.64,341.178,5.8,-1.0,338.33000000000004,5.0,24.1,346.85,6.0,-1.0,351.15999999999997,6.5,-1.0,356.015,4.0,False,False,False,False,False,False,False,False,False,False,False,False,False,True,False,False
6,-1,206.88,5,11,227.13,37.0,12,231.25,63.0,-1,233.28,5.0,14.0,239.77,7.0,-1.0,241.84,9.0,12.041229656419528,226.86157323688968,52.7992766726944,12.037473233404711,230.39813704496785,41.95289079229122,10.877932960893855,238.12659217877098,30.310055865921786,10.177131782945736,246.79166666666666,17.75968992248062,11.51222222222222,258.64344444444447,11.255555555555556,8.044117647058824,272.95323529411763,6.6911764705882355,8.096153846153847,283.06673076923073,8.028846153846153,6.184810126582279,298.4777215189873,6.063291139240507,8.3,307.23758620689654,6.189655172413793,4.7215686274509805,309.68549019607843,5.901960784313726,9.057777777777778,315.7886666666667,6.133333333333334,11.286486486486487,315.82216216216216,6.513513513513513,3.771428571428572,320.53464285714284,6.642857142857143,12.416000000000002,329.7432,6.72,1.4857142857142858,335.1142857142857,5.857142857142857,5.626666666666667,335.81,6.733333333333333,3.1,338.62416666666667,6.75,10.266666666666667,339.2711111111111,6.0,-1.0,343.98375,5.75,8.64,341.178,5.8,-1.0,338.33000000000004,5.0,24.1,346.85,6.0,-1.0,351.15999999999997,6.5,-1.0,356.015,4.0,False,False,True,False,False,False,False,False,False,False,False,False,False,False,False,False
6,-1,260.78,7,9,267.26,15.0,11,275.35,16.0,12,279.13,15.0,-1.0,283.81,4.0,15.0,290.98,7.0,12.041229656419528,226.86157323688968,52.7992766726944,12.037473233404711,230.39813704496785,41.95289079229122,10.877932960893855,238.12659217877098,30.310055865921786,10.177131782945736,246.79166666666666,17.75968992248062,11.51222222222222,258.64344444444447,11.255555555555556,8.044117647058824,272.95323529411763,6.6911764705882355,8.096153846153847,283.06673076923073,8.028846153846153,6.184810126582279,298.4777215189873,6.063291139240507,8.3,307.23758620689654,6.189655172413793,4.7215686274509805,309.68549019607843,5.901960784313726,9.057777777777778,315.7886666666667,6.133333333333334,11.286486486486487,315.82216216216216,6.513513513513513,3.771428571428572,320.53464285714284,6.642857142857143,12.416000000000002,329.7432,6.72,1.4857142857142858,335.1142857142857,5.857142857142857,5.626666666666667,335.81,6.733333333333333,3.1,338.62416666666667,6.75,10.266666666666667,339.2711111111111,6.0,-1.0,343.98375,5.75,8.64,341.178,5.8,-1.0,338.33000000000004,5.0,24.1,346.85,6.0,-1.0,351.15999999999997,6.5,-1.0,356.015,4.0,False,False,False,True,False,False,False,False,False,False,False,False,False,False,False,False
10,-1,309.85,2,17,312.64,21.0,18,317.37,5.0,-1,331.2,6.0,-1.0,331.85,7.0,23.0,336.73,5.0,24.0,340.98,16.0,25.0,345.21,49.0,28.0,357.3,5.0,-1.0,362.92,7.0,11.51222222222222,258.64344444444447,11.255555555555556,8.044117647058824,272.95323529411763,6.6911764705882355,8.096153846153847,283.06673076923073,8.028846153846153,6.184810126582279,298.4777215189873,6.063291139240507,8.3,307.23758620689654,6.189655172413793,4.7215686274509805,309.68549019607843,5.901960784313726,9.057777777777778,315.7886666666667,6.133333333333334,11.286486486486487,315.82216216216216,6.513513513513513,3.771428571428572,320.53464285714284,6.642857142857143,12.416000000000002,329.7432,6.72,1.4857142857142858,335.1142857142857,5.857142857142857,5.626666666666667,335.81,6.733333333333333,3.1,338.62416666666667,6.75,10.266666666666667,339.2711111111111,6.0,-1.0,343.98375,5.75,8.64,341.178,5.8,-1.0,338.33000000000004,5.0,24.1,346.85,6.0,-1.0,351.15999999999997,6.5,-1.0,356.015,4.0,False,False,False,False,False,False,False,True,False,False,False,False,False,False,False,False
8,10,103.77,14,12,112.66,5.0,12.2,114.14,6.0,14,120.0,25.0,14.2,122.12,17.0,15.0,124.17,17.0,-1.0,124.9,9.0,-1.0,141.85,6.0,10.877932960893855,238.12659217877098,30.310055865921786,10.177131782945736,246.79166666666666,17.75968992248062,11.51222222222222,258.64344444444447,11.255555555555556,8.044117647058824,272.95323529411763,6.6911764705882355,8.096153846153847,283.06673076923073,8.028846153846153,6.184810126582279,298.4777215189873,6.063291139240507,8.3,307.23758620689654,6.189655172413793,4.7215686274509805,309.68549019607843,5.901960784313726,9.057777777777778,315.7886666666667,6.133333333333334,11.286486486486487,315.82216216216216,6.513513513513513,3.771428571428572,320.53464285714284,6.642857142857143,12.416000000000002,329.7432,6.72,1.4857142857142858,335.1142857142857,5.857142857142857,5.626666666666667,335.81,6.733333333333333,3.1,338.62416666666667,6.75,10.266666666666667,339.2711111111111,6.0,-1.0,343.98375,5.75,8.64,341.178,5.8,-1.0,338.33000000000004,5.0,24.1,346.85,6.0,-1.0,351.15999999999997,6.5,-1.0,356.015,4.0,False,False,False,False,False,True,False,False,False,False,False,False,False,False,False,False
8,-1,158.28,11,-1,164.82,9.0,16,172.18,55.0,-1,175.02,8.0,-1.0,187.24,6.0,-1.0,198.91,11.0,24.0,204.89,9.0,-1.0,206.42,6.0,10.877932960893855,238.12659217877098,30.310055865921786,10.177131782945736,246.79166666666666,17.75968992248062,11.51222222222222,258.64344444444447,11.255555555555556,8.044117647058824,272.95323529411763,6.6911764705882355,8.096153846153847,283.06673076923073,8.028846153846153,6.184810126582279,298.4777215189873,6.063291139240507,8.3,307.23758620689654,6.189655172413793,4.7215686274509805,309.68549019607843,5.901960784313726,9.057777777777778,315.7886666666667,6.133333333333334,11.286486486486487,315.82216216216216,6.513513513513513,3.771428571428572,320.53464285714284,6.642857142857143,12.416000000000002,329.7432,6.72,1.4857142857142858,335.1142857142857,5.857142857142857,5.626666666666667,335.81,6.733333333333333,3.1,338.62416666666667,6.75,10.266666666666667,339.2711111111111,6.0,-1.0,343.98375,5.75,8.64,341.178,5.8,-1.0,338.33000000000004,5.0,24.1,346.85,6.0,-1.0,351.15999999999997,6.5,-1.0,356.015,4.0,False,False,False,False,False,False,False,False,False,False,False,False,False,False,False,True
6,-1,222.48,9,8,228.76,52.0,-1,230.94,10.0,9,232.66,40.0,-1.0,248.26,9.0,-1.0,251.0,9.0,12.041229656419528,226.86157323688968,52.7992766726944,12.037473233404711,230.39813704496785,41.95289079229122,10.877932960893855,238.12659217877098,30.310055865921786,10.177131782945736,246.79166666666666,17.75968992248062,11.51222222222222,258.64344444444447,11.255555555555556,8.044117647058824,272.95323529411763,6.6911764705882355,8.096153846153847,283.06673076923073,8.028846153846153,6.184810126582279,298.4777215189873,6.063291139240507,8.3,307.23758620689654,6.189655172413793,4.7215686274509805,309.68549019607843,5.901960784313726,9.057777777777778,315.7886666666667,6.133333333333334,11.286486486486487,315.82216216216216,6.513513513513513,3.771428571428572,320.53464285714284,6.642857142857143,12.416000000000002,329.7432,6.72,1.4857142857142858,335.1142857142857,5.857142857142857,5.626666666666667,335.81,6.733333333333333,3.1,338.62416666666667,6.75,10.266666666666667,339.2711111111111,6.0,-1.0,343.98375,5.75,8.64,341.178,5.8,-1.0,338.33000000000004,5.0,24.1,346.85,6.0,-1.0,351.15999999999997,6.5,-1.0,356.015,4.0,False,False,False,False,False,False,False,False,False,False,False,False,False,False,True,False
12,7,260.47,10,10,272.75,8.0,-1,278.26,6.0,13,285.06,21.0,15.0,293.23,40.0,-1.0,303.91,4.0,18.0,304.91,16.0,-1.0,306.16,7.0,21.2,319.41,6.0,-1.0,320.98,7.0,-1.0,323.1,6.0,-1.0,345.13,4.0,8.096153846153847,283.06673076923073,8.028846153846153,6.184810126582279,298.4777215189873,6.063291139240507,8.3,307.23758620689654,6.189655172413793,4.7215686274509805,309.68549019607843,5.901960784313726,9.057777777777778,315.7886666666667,6.133333333333334,11.286486486486487,315.82216216216216,6.513513513513513,3.771428571428572,320.53464285714284,6.642857142857143,12.416000000000002,329.7432,6.72,1.4857142857142858,335.1142857142857,5.857142857142857,5.626666666666667,335.81,6.733333333333333,3.1,338.62416666666667,6.75,10.266666666666667,339.2711111111111,6.0,-1.0,343.98375,5.75,8.64,341.178,5.8,-1.0,338.33000000000004,5.0,24.1,346.85,6.0,-1.0,351.15999999999997,6.5,-1.0,356.015,4.0,False,False,False,False,True,False,False,False,False,False,False,False,False,False,False,False
2,X,104.97,60,Y,110.88,86.0,,210.75846753246756,71.04545454545455,,216.6818641810919,87.4513981358189,11.362921348314606,219.41106741573032,77.95786516853933,12.028571428571428,222.8513210445469,66.27035330261137,12.041229656419528,226.86157323688968,52.7992766726944,12.037473233404711,230.39813704496785,41.95289079229122,10.877932960893855,238.12659217877098,30.310055865921786,10.177131782945736,246.79166666666666,17.75968992248062,11.51222222222222,258.64344444444447,11.255555555555556,8.044117647058824,272.95323529411763,6.6911764705882355,8.096153846153847,283.06673076923073,8.028846153846153,6.184810126582279,298.4777215189873,6.063291139240507,8.3,307.23758620689654,6.189655172413793,4.7215686274509805,309.68549019607843,5.901960784313726,9.057777777777778,315.7886666666667,6.133333333333334,11.286486486486487,315.82216216216216,6.513513513513513,3.771428571428572,320.53464285714284,6.642857142857143,12.416000000000002,329.7432,6.72,1.4857142857142858,335.1142857142857,5.857142857142857,5.626666666666667,335.81,6.733333333333333,3.1,338.62416666666667,6.75,10.266666666666667,339.2711111111111,6.0,-1.0,343.98375,5.75,8.64,341.178,5.8,-1.0,338.33000000000004,5.0,24.1,346.85,6.0,-1.0,351.15999999999997,6.5,-1.0,356.015,4.0,True,False,False,False,False,False,False,False,False,False,False,False,False,False,False,False
11,-1,127.48,8,-1,141.46,7.0,11,148.72,14.0,12,153.14,15.0,-1.0,154.54,8.0,13.0,157.11,42.0,-1.0,160.61,7.0,-1.0,168.58,7.0,16.0,169.8,4.0,-1.0,172.72,7.0,-1.0,174.17,10.0,8.044117647058824,272.95323529411763,6.6911764705882355,8.096153846153847,283.06673076923073,8.028846153846153,6.184810126582279,298.4777215189873,6.063291139240507,8.3,307.23758620689654,6.189655172413793,4.7215686274509805,309.68549019607843,5.901960784313726,9.057777777777778,315.7886666666667,6.133333333333334,11.286486486486487,315.82216216216216,6.513513513513513,3.771428571428572,320.53464285714284,6.642857142857143,12.416000000000002,329.7432,6.72,1.4857142857142858,335.1142857142857,5.857142857142857,5.626666666666667,335.81,6.733333333333333,3.1,338.62416666666667,6.75,10.266666666666667,339.2711111111111,6.0,-1.0,343.98375,5.75,8.64,341.178,5.8,-1.0,338.33000000000004,5.0,24.1,346.85,6.0,-1.0,351.15999999999997,6.5,-1.0,356.015,4.0,False,False,False,False,False,False,False,False,False,True,False,False,False,False,False,False
21,-1,207.56,10,16.2,210.86,12.0,17.2,214.7,9.0,-1,236.48,9.0,-1.0,237.97,6.0,27.0,253.45,19.0,29.2,263.51,6.0,30.2,267.5,7.0,-1.0,274.32,12.0,-1.0,278.74,9.0,34.2,283.89,11.0,-1.0,291.83,8.0,-1.0,295.57,8.0,-1.0,302.52,9.0,-1.0,305.69,9.0,42.2,315.51,9.0,44.2,323.92,6.0,46.2,332.89,7.0,-1.0,335.46,9.0,-1.0,351.33,9.0,51.2,352.48,6.0,5.626666666666667,335.81,6.733333333333333,3.1,338.62416666666667,6.75,10.266666666666667,339.2711111111111,6.0,-1.0,343.98375,5.75,8.64,341.178,5.8,-1.0,338.33000000000004,5.0,24.1,346.85,6.0,-1.0,351.15999999999997,6.5,-1.0,356.015,4.0,False,False,False,False,False,False,False,False,False,False,False,False,True,False,False,False
8,11,133.78,9,12,137.81,17.0,-1,140.17,1.0,13,141.99,215.0,14.0,146.15,232.0,-1.0,152.92,4.0,-1.0,177.08,6.0,-1.0,178.17,6.0,10.877932960893855,238.12659217877098,30.310055865921786,10.177131782945736,246.79166666666666,17.75968992248062,11.51222222222222,258.64344444444447,11.255555555555556,8.044117647058824,272.95323529411763,6.6911764705882355,8.096153846153847,283.06673076923073,8.028846153846153,6.184810126582279,298.4777215189873,6.063291139240507,8.3,307.23758620689654,6.189655172413793,4.7215686274509805,309.68549019607843,5.901960784313726,9.057777777777778,315.7886666666667,6.133333333333334,11.286486486486487,315.82216216216216,6.513513513513513,3.771428571428572,320.53464285714284,6.642857142857143,12.416000000000002,329.7432,6.72,1.4857142857142858,335.1142857142857,5.857142857142857,5.626666666666667,335.81,6.733333333333333,3.1,338.62416666666667,6.75,10.266666666666667,339.2711111111111,6.0,-1.0,343.98375,5.75,8.64,341.178,5.8,-1.0,338.33000000000004,5.0,24.1,346.85,6.0,-1.0,351.15999999999997,6.5,-1.0,356.015,4.0,False,False,False,False,False,False,False,False,False,False,False,True,False,False,False,False
12,23.2,179.92,6,26,190.42,5.0,27,194.61,74.0,-1,197.52,4.0,28.0,198.63,7.0,29.0,202.75,68.0,30.0,206.68,49.0,30.2,208.69,6.0,31.0,210.62,54.0,31.2,212.65,36.0,32.2,216.69,36.0,-1.0,223.52,5.0,8.096153846153847,283.06673076923073,8.028846153846153,6.184810126582279,298.4777215189873,6.063291139240507,8.3,307.23758620689654,6.189655172413793,4.7215686274509805,309.68549019607843,5.901960784313726,9.057777777777778,315.7886666666667,6.133333333333334,11.286486486486487,315.82216216216216,6.513513513513513,3.771428571428572,320.53464285714284,6.642857142857143,12.416000000000002,329.7432,6.72,1.4857142857142858,335.1142857142857,5.857142857142857,5.626666666666667,335.81,6.733333333333333,3.1,338.62416666666667,6.75,10.266666666666667,339.2711111111111,6.0,-1.0,343.98375,5.75,8.64,341.178,5.8,-1.0,338.33000000000004,5.0,24.1,346.85,6.0,-1.0,351.15999999999997,6.5,-1.0,356.015,4.0,False,False,False,False,False,False,True,False,False,False,False,False,False,False,False,False
7,-1,248.24,4,-1,255.22,4.0,8,262.18,24.0,-1,263.23,4.0,9.0,266.11,82.0,10.0,270.14,84.0,12.0,278.15,23.0,12.037473233404711,230.39813704496785,41.95289079229122,10.877932960893855,238.12659217877098,30.310055865921786,10.177131782945736,246.79166666666666,17.75968992248062,11.51222222222222,258.64344444444447,11.255555555555556,8.044117647058824,272.95323529411763,6.6911764705882355,8.096153846153847,283.06673076923073,8.028846153846153,6.184810126582279,298.4777215189873,6.063291139240507,8.3,307.23758620689654,6.189655172413793,4.7215686274509805,309.68549019607843,5.901960784313726,9.057777777777778,315.7886666666667,6.133333333333334,11.286486486486487,315.82216216216216,6.513513513513513,3.771428571428572,320.53464285714284,6.642857142857143,12.416000000000002,329.7432,6.72,1.4857142857142858,335.1142857142857,5.857142857142857,5.626666666666667,335.81,6.733333333333333,3.1,338.62416666666667,6.75,10.266666666666667,339.2711111111111,6.0,-1.0,343.98375,5.75,8.64,341.178,5.8,-1.0,338.33000000000004,5.0,24.1,346.85,6.0,-1.0,351.15999999999997,6.5,-1.0,356.015,4.0,False,False,False,False,False,False,False,False,False,False,True,False,False,False,False,False
6,6,302.42,4,7,306.43,3.0,-1,315.87,3.0,10,318.78,128.0,11.0,322.82,22.0,12.0,326.9,153.0,12.041229656419528,226.86157323688968,52.7992766726944,12.037473233404711,230.39813704496785,41.95289079229122,10.877932960893855,238.12659217877098,30.310055865921786,10.177131782945736,246.79166666666666,17.75968992248062,11.51222222222222,258.64344444444447,11.255555555555556,8.044117647058824,272.95323529411763,6.6911764705882355,8.096153846153847,283.06673076923073,8.028846153846153,6.184810126582279,298.4777215189873,6.063291139240507,8.3,307.23758620689654,6.189655172413793,4.7215686274509805,309.68549019607843,5.901960784313726,9.057777777777778,315.7886666666667,6.133333333333334,11.286486486486487,315.82216216216216,6.513513513513513,3.771428571428572,320.53464285714284,6.642857142857143,12.416000000000002,329.7432,6.72,1.4857142857142858,335.1142857142857,5.857142857142857,5.626666666666667,335.81,6.733333333333333,3.1,338.62416666666667,6.75,10.266666666666667,339.2711111111111,6.0,-1.0,343.98375,5.75,8.64,341.178,5.8,-1.0,338.33000000000004,5.0,24.1,346.85,6.0,-1.0,351.15999999999997,6.5,-1.0,356.015,4.0,False,True,False,False,False,False,False,False,False,False,False,False,False,False,False,False
6,-1,97.64,5,14,118.39,464.0,15,122.25,140.0,16.2,127.89,9.0,17.0,130.35,10.0,18.0,134.5,107.0,12.041229656419528,226.86157323688968,52.7992766726944,12.037473233404711,230.39813704496785,41.95289079229122,10.877932960893855,238.12659217877098,30.310055865921786,10.177131782945736,246.79166666666666,17.75968992248062,11.51222222222222,258.64344444444447,11.255555555555556,8.044117647058824,272.95323529411763,6.6911764705882355,8.096153846153847,283.06673076923073,8.028846153846153,6.184810126582279,298.4777215189873,6.063291139240507,8.3,307.23758620689654,6.189655172413793,4.7215686274509805,309.68549019607843,5.901960784313726,9.057777777777778,315.7886666666667,6.133333333333334,11.286486486486487,315.82216216216216,6.513513513513513,3.771428571428572,320.53464285714284,6.642857142857143,12.416000000000002,329.7432,6.72,1.4857142857142858,335.1142857142857,5.857142857142857,5.626666666666667,335.81,6.733333333333333,3.1,338.62416666666667,6.75,10.266666666666667,339.2711111111111,6.0,-1.0,343.98375,5.75,8.64,341.178,5.8,-1.0,338.33000000000004,5.0,24.1,346.85,6.0,-1.0,351.15999999999997,6.5,-1.0,356.015,4.0,False,False,False,False,False,False,False,False,True,False,False,False,False,False,False,False
10,-1,157.38,7,4,160.33,7.0,-1,161.49,4.0,6,168.6,269.0,-1.0,169.77,10.0,7.0,172.67,140.0,-1.0,174.92,7.0,8.0,176.42,12.0,9.0,180.68,298.0,-1.0,187.26,5.0,11.51222222222222,258.64344444444447,11.255555555555556,8.044117647058824,272.95323529411763,6.6911764705882355,8.096153846153847,283.06673076923073,8.028846153846153,6.184810126582279,298.4777215189873,6.063291139240507,8.3,307.23758620689654,6.189655172413793,4.7215686274509805,309.68549019607843,5.901960784313726,9.057777777777778,315.7886666666667,6.133333333333334,11.286486486486487,315.82216216216216,6.513513513513513,3.771428571428572,320.53464285714284,6.642857142857143,12.416000000000002,329.7432,6.72,1.4857142857142858,335.1142857142857,5.857142857142857,5.626666666666667,335.81,6.733333333333333,3.1,338.62416666666667,6.75,10.266666666666667,339.2711111111111,6.0,-1.0,343.98375,5.75,8.64,341.178,5.8,-1.0,338.33000000000004,5.0,24.1,346.85,6.0,-1.0,351.15999999999997,6.5,-1.0,356.015,4.0,False,False,False,False,False,False,False,False,False,False,False,False,False,True,False,False
6,8,214.95,11,-1,220.86,8.0,10,223.35,9.0,11,227.22,100.0,12.0,231.27,378.0,-1.0,240.98,4.0,12.041229656419528,226.86157323688968,52.7992766726944,12.037473233404711,230.39813704496785,41.95289079229122,10.877932960893855,238.12659217877098,30.310055865921786,10.177131782945736,246.79166666666666,17.75968992248062,11.51222222222222,258.64344444444447,11.255555555555556,8.044117647058824,272.95323529411763,6.6911764705882355,8.096153846153847,283.06673076923073,8.028846153846153,6.184810126582279,298.4777215189873,6.063291139240507,8.3,307.23758620689654,6.189655172413793,4.7215686274509805,309.68549019607843,5.901960784313726,9.057777777777778,315.7886666666667,6.133333333333334,11.286486486486487,315.82216216216216,6.513513513513513,3.771428571428572,320.53464285714284,6.642857142857143,12.416000000000002,329.7432,6.72,1.4857142857142858,335.1142857142857,5.857142857142857,5.626666666666667,335.81,6.733333333333333,3.1,338.62416666666667,6.75,10.266666666666667,339.2711111111111,6.0,-1.0,343.98375,5.75,8.64,341.178,5.8,-1.0,338.33000000000004,5.0,24.1,346.85,6.0,-1.0,351.15999999999997,6.5,-1.0,356.015,4.0,False,False,True,False,False,False,False,False,False,False,False,False,False,False,False,False
6,-1,261.22,4,9,267.25,43.0,11,275.33,109.0,12,279.29,151.0,13.0,283.21,67.0,-1.0,289.12,6.0,12.041229656419528,226.86157323688968,52.7992766726944,12.037473233404711,230.39813704496785,41.95289079229122,10.877932960893855,238.12659217877098,30.310055865921786,10.177131782945736,246.79166666666666,17.75968992248062,11.51222222222222,258.64344444444447,11.255555555555556,8.044117647058824,272.95323529411763,6.6911764705882355,8.096153846153847,283.06673076923073,8.028846153846153,6.184810126582279,298.4777215189873,6.063291139240507,8.3,307.23758620689654,6.189655172413793,4.7215686274509805,309.68549019607843,5.901960784313726,9.057777777777778,315.7886666666667,6.133333333333334,11.286486486486487,315.82216216216216,6.513513513513513,3.771428571428572,320.53464285714284,6.642857142857143,12.416000000000002,329.7432,6.72,1.4857142857142858,335.1142857142857,5.857142857142857,5.626666666666667,335.81,6.733333333333333,3.1,338.62416666666667,6.75,10.266666666666667,339.2711111111111,6.0,-1.0,343.98375,5.75,8.64,341.178,5.8,-1.0,338.33000000000004,5.0,24.1,346.85,6.0,-1.0,351.15999999999997,6.5,-1.0,356.015,4.0,False,False,False,True,False,False,False,False,False,False,False,False,False,False,False,False
11,14,301.03,5,-1,303.54,3.0,16,308.9,11.0,17,312.83,83.0,-1.0,332.49,8.0,23.0,337.24,57.0,24.0,341.18,62.0,25.0,345.2,138.0,-1.0,347.75,4.0,-1.0,356.43,5.0,-1.0,365.44,7.0,8.044117647058824,272.95323529411763,6.6911764705882355,8.096153846153847,283.06673076923073,8.028846153846153,6.184810126582279,298.4777215189873,6.063291139240507,8.3,307.23758620689654,6.189655172413793,4.7215686274509805,309.68549019607843,5.901960784313726,9.057777777777778,315.7886666666667,6.133333333333334,11.286486486486487,315.82216216216216,6.513513513513513,3.771428571428572,320.53464285714284,6.642857142857143,12.416000000000002,329.7432,6.72,1.4857142857142858,335.1142857142857,5.857142857142857,5.626666666666667,335.81,6.733333333333333,3.1,338.62416666666667,6.75,10.266666666666667,339.2711111111111,6.0,-1.0,343.98375,5.75,8.64,341.178,5.8,-1.0,338.33000000000004,5.0,24.1,346.85,6.0,-1.0,351.15999999999997,6.5,-1.0,356.015,4.0,False,False,False,False,False,False,False,True,False,False,False,False,False,False,False,False
13,-1,95.36,9,10,103.92,135.0,12,112.42,18.0,12.2,113.92,6.0,13.0,116.23,258.0,14.0,120.15,71.0,14.2,122.17,51.0,15.0,123.97,20.0,15.2,126.55,7.0,-1.0,129.24,13.0,17.0,131.86,8.0,-1.0,140.41,8.0,-1.0,141.08,6.0,6.184810126582279,298.4777215189873,6.063291139240507,8.3,307.23758620689654,6.189655172413793,4.7215686274509805,309.68549019607843,5.901960784313726,9.057777777777778,315.7886666666667,6.133333333333334,11.286486486486487,315.82216216216216,6.513513513513513,3.771428571428572,320.53464285714284,6.642857142857143,12.416000000000002,329.7432,6.72,1.4857142857142858,335.1142857142857,5.857142857142857,5.626666666666667,335.81,6.733333333333333,3.1,338.62416666666667,6.75,10.266666666666667,339.2711111111111,6.0,-1.0,343.98375,5.75,8.64,341.178,5.8,-1.0,338.33000000000004,5.0,24.1,346.85,6.0,-1.0,351.15999999999997,6.5,-1.0,356.015,4.0,False,False,False,False,False,True,False,False,False,False,False,False,False,False,False,False
10,-1,150.07,5,13,160.33,8.0,16,172.26,193.0,17,176.08,32.0,18.0,180.34,66.0,19.0,184.61,6.0,-1.0,198.89,4.0,23.0,200.25,7.0,-1.0,203.25,7.0,-1.0,206.84,11.0,11.51222222222222,258.64344444444447,11.255555555555556,8.044117647058824,272.95323529411763,6.6911764705882355,8.096153846153847,283.06673076923073,8.028846153846153,6.184810126582279,298.4777215189873,6.063291139240507,8.3,307.23758620689654,6.189655172413793,4.7215686274509805,309.68549019607843,5.901960784313726,9.057777777777778,315.7886666666667,6.133333333333334,11.286486486486487,315.82216216216216,6.513513513513513,3.771428571428572,320.53464285714284,6.642857142857143,12.416000000000002,329.7432,6.72,1.4857142857142858,335.1142857142857,5.857142857142857,5.626666666666667,335.81,6.733333333333333,3.1,338.62416666666667,6.75,10.266666666666667,339.2711111111111,6.0,-1.0,343.98375,5.75,8.64,341.178,5.8,-1.0,338.33000000000004,5.0,24.1,346.85,6.0,-1.0,351.15999999999997,6.5,-1.0,356.015,4.0,False,False,False,False,False,False,False,False,False,False,False,False,False,False,False,True
6,-1,214.52,9,8,228.77,223.0,9,232.73,42.0,10,236.8,47.0,12.0,244.61,6.0,-1.0,248.15,7.0,12.041229656419528,226.86157323688968,52.7992766726944,12.037473233404711,230.39813704496785,41.95289079229122,10.877932960893855,238.12659217877098,30.310055865921786,10.177131782945736,246.79166666666666,17.75968992248062,11.51222222222222,258.64344444444447,11.255555555555556,8.044117647058824,272.95323529411763,6.6911764705882355,8.096153846153847,283.06673076923073,8.028846153846153,6.184810126582279,298.4777215189873,6.063291139240507,8.3,307.23758620689654,6.189655172413793,4.7215686274509805,309.68549019607843,5.901960784313726,9.057777777777778,315.7886666666667,6.133333333333334,11.286486486486487,315.82216216216216,6.513513513513513,3.771428571428572,320.53464285714284,6.642857142857143,12.416000000000002,329.7432,6.72,1.4857142857142858,335.1142857142857,5.857142857142857,5.626666666666667,335.81,6.733333333333333,3.1,338.62416666666667,6.75,10.266666666666667,339.2711111111111,6.0,-1.0,343.98375,5.75,8.64,341.178,5.8,-1.0,338.33000000000004,5.0,24.1,346.85,6.0,-1.0,351.15999999999997,6.5,-1.0,356.015,4.0,False,False,False,False,False,False,False,False,False,False,False,False,False,False,True,False
11,11,277.09,12,12,281.13,71.0,13,285.12,104.0,14,289.12,14.0,15.0,293.12,115.0,17.0,301.12,38.0,18.0,304.94,21.0,19.0,308.99,6.0,23.0,325.27,9.0,-1.0,335.54,8.0,-1.0,342.92,7.0,8.044117647058824,272.95323529411763,6.6911764705882355,8.096153846153847,283.06673076923073,8.028846153846153,6.184810126582279,298.4777215189873,6.063291139240507,8.3,307.23758620689654,6.189655172413793,4.7215686274509805,309.68549019607843,5.901960784313726,9.057777777777778,315.7886666666667,6.133333333333334,11.286486486486487,315.82216216216216,6.513513513513513,3.771428571428572,320.53464285714284,6.642857142857143,12.416000000000002,329.7432,6.72,1.4857142857142858,335.1142857142857,5.857142857142857,5.626666666666667,335.81,6.733333333333333,3.1,338.62416666666667,6.75,10.266666666666667,339.2711111111111,6.0,-1.0,343.98375,5.75,8.64,341.178,5.8,-1.0,338.33000000000004,5.0,24.1,346.85,6.0,-1.0,351.15999999999997,6.5,-1.0,356.015,4.0,False,False,False,False,True,False,False,False,False,False,False,False,False,False,False,False
2,X,104.95,253,Y,110.84,188.0,,210.75846753246756,71.04545454545455,,216.6818641810919,87.4513981358189,11.362921348314606,219.41106741573032,77.95786516853933,12.028571428571428,222.8513210445469,66.27035330261137,12.041229656419528,226.86157323688968,52.7992766726944,12.037473233404711,230.39813704496785,41.95289079229122,10.877932960893855,238.12659217877098,30.310055865921786,10.177131782945736,246.79166666666666,17.75968992248062,11.51222222222222,258.64344444444447,11.255555555555556,8.044117647058824,272.95323529411763,6.6911764705882355,8.096153846153847,283.06673076923073,8.028846153846153,6.184810126582279,298.4777215189873,6.063291139240507,8.3,307.23758620689654,6.189655172413793,4.7215686274509805,309.68549019607843,5.901960784313726,9.057777777777778,315.7886666666667,6.133333333333334,11.286486486486487,315.82216216216216,6.513513513513513,3.771428571428572,320.53464285714284,6.642857142857143,12.416000000000002,329.7432,6.72,1.4857142857142858,335.1142857142857,5.857142857142857,5.626666666666667,335.81,6.733333333333333,3.1,338.62416666666667,6.75,10.266666666666667,339.2711111111111,6.0,-1.0,343.98375,5.75,8.64,341.178,5.8,-1.0,338.33000000000004,5.0,24.1,346.85,6.0,-1.0,351.15999999999997,6.5,-1.0,356.015,4.0,True,False,False,False,False,False,False,False,False,False,False,False,False,False,False,False
10,-1,130.99,4,11,148.9,182.0,12,153.0,65.0,-1,154.94,7.0,13.0,157.13,102.0,14.0,161.24,53.0,-1.0,162.89,9.0,-1.0,163.97,8.0,15.0,165.46,9.0,-1.0,166.37,11.0,11.51222222222222,258.64344444444447,11.255555555555556,8.044117647058824,272.95323529411763,6.6911764705882355,8.096153846153847,283.06673076923073,8.028846153846153,6.184810126582279,298.4777215189873,6.063291139240507,8.3,307.23758620689654,6.189655172413793,4.7215686274509805,309.68549019607843,5.901960784313726,9.057777777777778,315.7886666666667,6.133333333333334,11.286486486486487,315.82216216216216,6.513513513513513,3.771428571428572,320.53464285714284,6.642857142857143,12.416000000000002,329.7432,6.72,1.4857142857142858,335.1142857142857,5.857142857142857,5.626666666666667,335.81,6.733333333333333,3.1,338.62416666666667,6.75,10.266666666666667,339.2711111111111,6.0,-1.0,343.98375,5.75,8.64,341.178,5.8,-1.0,338.33000000000004,5.0,24.1,346.85,6.0,-1.0,351.15999999999997,6.5,-1.0,356.015,4.0,False,False,False,False,False,False,False,False,False,True,False,False,False,False,False,False
18,-1,205.84,8,-1,206.42,11.0,16.2,211.21,11.0,19,220.94,23.0,21.0,229.11,113.0,22.0,233.17,118.0,-1.0,234.55,7.0,-1.0,237.83,10.0,26.0,249.65,33.0,27.0,253.6,60.0,29.0,261.22,3.0,31.2,271.2,11.0,-1.0,286.69,10.0,-1.0,307.49,5.0,-1.0,316.71,5.0,-1.0,321.09,7.0,-1.0,335.18,5.0,-1.0,353.41,5.0,3.771428571428572,320.53464285714284,6.642857142857143,12.416000000000002,329.7432,6.72,1.4857142857142858,335.1142857142857,5.857142857142857,5.626666666666667,335.81,6.733333333333333,3.1,338.62416666666667,6.75,10.266666666666667,339.2711111111111,6.0,-1.0,343.98375,5.75,8.64,341.178,5.8,-1.0,338.33000000000004,5.0,24.1,346.85,6.0,-1.0,351.15999999999997,6.5,-1.0,356.015,4.0,False,False,False,False,False,False,False,False,False,False,False,False,True,False,False,False
10,-1,114.39,5,-1,119.08,4.0,-1,122.78,7.0,-1,127.68,5.0,11.0,133.68,44.0,12.0,137.75,11.0,13.0,141.98,232.0,14.0,146.12,89.0,17.0,158.15,3.0,-1.0,161.97,2.0,11.51222222222222,258.64344444444447,11.255555555555556,8.044117647058824,272.95323529411763,6.6911764705882355,8.096153846153847,283.06673076923073,8.028846153846153,6.184810126582279,298.4777215189873,6.063291139240507,8.3,307.23758620689654,6.189655172413793,4.7215686274509805,309.68549019607843,5.901960784313726,9.057777777777778,315.7886666666667,6.133333333333334,11.286486486486487,315.82216216216216,6.513513513513513,3.771428571428572,320.53464285714284,6.642857142857143,12.416000000000002,329.7432,6.72,1.4857142857142858,335.1142857142857,5.857142857142857,5.626666666666667,335.81,6.733333333333333,3.1,338.62416666666667,6.75,10.266666666666667,339.2711111111111,6.0,-1.0,343.98375,5.75,8.64,341.178,5.8,-1.0,338.33000000000004,5.0,24.1,346.85,6.0,-1.0,351.15999999999997,6.5,-1.0,356.015,4.0,False,False,False,False,False,False,False,False,False,False,False,True,False,False,False,False
7,-1,182.97,2,27,194.63,58.0,29,202.67,38.0,30,206.77,67.0,31.0,210.72,38.0,31.2,212.65,20.0,32.2,216.74,43.0,12.037473233404711,230.39813704496785,41.95289079229122,10.877932960893855,238.12659217877098,30.310055865921786,10.177131782945736,246.79166666666666,17.75968992248062,11.51222222222222,258.64344444444447,11.255555555555556,8.044117647058824,272.95323529411763,6.6911764705882355,8.096153846153847,283.06673076923073,8.028846153846153,6.184810126582279,298.4777215189873,6.063291139240507,8.3,307.23758620689654,6.189655172413793,4.7215686274509805,309.68549019607843,5.901960784313726,9.057777777777778,315.7886666666667,6.133333333333334,11.286486486486487,315.82216216216216,6.513513513513513,3.771428571428572,320.53464285714284,6.642857142857143,12.416000000000002,329.7432,6.72,1.4857142857142858,335.1142857142857,5.857142857142857,5.626666666666667,335.81,6.733333333333333,3.1,338.62416666666667,6.75,10.266666666666667,339.2711111111111,6.0,-1.0,343.98375,5.75,8.64,341.178,5.8,-1.0,338.33000000000004,5.0,24.1,346.85,6.0,-1.0,351.15999999999997,6.5,-1.0,356.015,4.0,False,False,False,False,False,False,True,False,False,False,False,False,False,False,False,False
7,5,249.82,3,7,258.15,2.0,9,266.06,29.0,10,270.14,77.0,12.0,278.07,16.0,-1.0,283.46,3.0,16.0,294.1,3.0,12.037473233404711,230.39813704496785,41.95289079229122,10.877932960893855,238.12659217877098,30.310055865921786,10.177131782945736,246.79166666666666,17.75968992248062,11.51222222222222,258.64344444444447,11.255555555555556,8.044117647058824,272.95323529411763,6.6911764705882355,8.096153846153847,283.06673076923073,8.028846153846153,6.184810126582279,298.4777215189873,6.063291139240507,8.3,307.23758620689654,6.189655172413793,4.7215686274509805,309.68549019607843,5.901960784313726,9.057777777777778,315.7886666666667,6.133333333333334,11.286486486486487,315.82216216216216,6.513513513513513,3.771428571428572,320.53464285714284,6.642857142857143,12.416000000000002,329.7432,6.72,1.4857142857142858,335.1142857142857,5.857142857142857,5.626666666666667,335.81,6.733333333333333,3.1,338.62416666666667,6.75,10.266666666666667,339.2711111111111,6.0,-1.0,343.98375,5.75,8.64,341.178,5.8,-1.0,338.33000000000004,5.0,24.1,346.85,6.0,-1.0,351.15999999999997,6.5,-1.0,356.015,4.0,False,False,False,False,False,False,False,False,False,False,True,False,False,False,False,False
13,5,299.13,3,-1,304.38,3.0,-1,311.41,2.0,9,314.28,6.0,10.0,318.78,109.0,11.0,322.81,13.0,12.0,326.88,114.0,13.0,330.83,3.0,-1.0,333.6,3.0,-1.0,335.83,3.0,15.0,338.49,3.0,-1.0,339.65,3.0,-1.0,342.09,3.0,6.184810126582279,298.4777215189873,6.063291139240507,8.3,307.23758620689654,6.189655172413793,4.7215686274509805,309.68549019607843,5.901960784313726,9.057777777777778,315.7886666666667,6.133333333333334,11.286486486486487,315.82216216216216,6.513513513513513,3.771428571428572,320.53464285714284,6.642857142857143,12.416000000000002,329.7432,6.72,1.4857142857142858,335.1142857142857,5.857142857142857,5.626666666666667,335.81,6.733333333333333,3.1,338.62416666666667,6.75,10.266666666666667,339.2711111111111,6.0,-1.0,343.98375,5.75,8.64,341.178,5.8,-1.0,338.33000000000004,5.0,24.1,346.85,6.0,-1.0,351.15999999999997,6.5,-1.0,356.015,4.0,False,True,False,False,False,False,False,False,False,False,False,False,False,False,False,False
8,14,118.46,220,15,122.24,43.0,15.2,124.33,2.0,-1,129.73,5.0,17.0,130.59,4.0,17.2,132.41,6.0,18.0,134.55,26.0,-1.0,144.13,5.0,10.877932960893855,238.12659217877098,30.310055865921786,10.177131782945736,246.79166666666666,17.75968992248062,11.51222222222222,258.64344444444447,11.255555555555556,8.044117647058824,272.95323529411763,6.6911764705882355,8.096153846153847,283.06673076923073,8.028846153846153,6.184810126582279,298.4777215189873,6.063291139240507,8.3,307.23758620689654,6.189655172413793,4.7215686274509805,309.68549019607843,5.901960784313726,9.057777777777778,315.7886666666667,6.133333333333334,11.286486486486487,315.82216216216216,6.513513513513513,3.771428571428572,320.53464285714284,6.642857142857143,12.416000000000002,329.7432,6.72,1.4857142857142858,335.1142857142857,5.857142857142857,5.626666666666667,335.81,6.733333333333333,3.1,338.62416666666667,6.75,10.266666666666667,339.2711111111111,6.0,-1.0,343.98375,5.75,8.64,341.178,5.8,-1.0,338.33000000000004,5.0,24.1,346.85,6.0,-1.0,351.15999999999997,6.5,-1.0,356.015,4.0,False,False,False,False,False,False,False,False,True,False,False,False,False,False,False,False
4,-1,155.37,7,6,168.57,124.0,7,172.54,51.0,9,180.68,198.0,11.362921348314606,219.41106741573032,77.95786516853933,12.028571428571428,222.8513210445469,66.27035330261137,12.041229656419528,226.86157323688968,52.7992766726944,12.037473233404711,230.39813704496785,41.95289079229122,10.877932960893855,238.12659217877098,30.310055865921786,10.177131782945736,246.79166666666666,17.75968992248062,11.51222222222222,258.64344444444447,11.255555555555556,8.044117647058824,272.95323529411763,6.6911764705882355,8.096153846153847,283.06673076923073,8.028846153846153,6.184810126582279,298.4777215189873,6.063291139240507,8.3,307.23758620689654,6.189655172413793,4.7215686274509805,309.68549019607843,5.901960784313726,9.057777777777778,315.7886666666667,6.133333333333334,11.286486486486487,315.82216216216216,6.513513513513513,3.771428571428572,320.53464285714284,6.642857142857143,12.416000000000002,329.7432,6.72,1.4857142857142858,335.1142857142857,5.857142857142857,5.626666666666667,335.81,6.733333333333333,3.1,338.62416666666667,6.75,10.266666666666667,339.2711111111111,6.0,-1.0,343.98375,5.75,8.64,341.178,5.8,-1.0,338.33000000000004,5.0,24.1,346.85,6.0,-1.0,351.15999999999997,6.5,-1.0,356.015,4.0,False,False,False,False,False,False,False,False,False,False,False,False,False,True,False,False
9,-1,210.47,4,-1,217.68,4.0,9,219.14,3.0,-1,222.13,4.0,11.0,227.25,67.0,12.0,231.28,413.0,-1.0,242.13,5.0,-1.0,244.44,4.0,16.0,247.44,4.0,10.177131782945736,246.79166666666666,17.75968992248062,11.51222222222222,258.64344444444447,11.255555555555556,8.044117647058824,272.95323529411763,6.6911764705882355,8.096153846153847,283.06673076923073,8.028846153846153,6.184810126582279,298.4777215189873,6.063291139240507,8.3,307.23758620689654,6.189655172413793,4.7215686274509805,309.68549019607843,5.901960784313726,9.057777777777778,315.7886666666667,6.133333333333334,11.286486486486487,315.82216216216216,6.513513513513513,3.771428571428572,320.53464285714284,6.642857142857143,12.416000000000002,329.7432,6.72,1.4857142857142858,335.1142857142857,5.857142857142857,5.626666666666667,335.81,6.733333333333333,3.1,338.62416666666667,6.75,10.266666666666667,339.2711111111111,6.0,-1.0,343.98375,5.75,8.64,341.178,5.8,-1.0,338.33000000000004,5.0,24.1,346.85,6.0,-1.0,351.15999999999997,6.5,-1.0,356.015,4.0,False,False,True,False,False,False,False,False,False,False,False,False,False,False,False,False
7,-1,254.93,4,-1,256.54,4.0,-1,261.21,4.0,9,267.27,45.0,11.0,275.28,139.0,12.0,279.3,179.0,16.0,295.32,5.0,12.037473233404711,230.39813704496785,41.95289079229122,10.877932960893855,238.12659217877098,30.310055865921786,10.177131782945736,246.79166666666666,17.75968992248062,11.51222222222222,258.64344444444447,11.255555555555556,8.044117647058824,272.95323529411763,6.6911764705882355,8.096153846153847,283.06673076923073,8.028846153846153,6.184810126582279,298.4777215189873,6.063291139240507,8.3,307.23758620689654,6.189655172413793,4.7215686274509805,309.68549019607843,5.901960784313726,9.057777777777778,315.7886666666667,6.133333333333334,11.286486486486487,315.82216216216216,6.513513513513513,3.771428571428572,320.53464285714284,6.642857142857143,12.416000000000002,329.7432,6.72,1.4857142857142858,335.1142857142857,5.857142857142857,5.626666666666667,335.81,6.733333333333333,3.1,338.62416666666667,6.75,10.266666666666667,339.2711111111111,6.0,-1.0,343.98375,5.75,8.64,341.178,5.8,-1.0,338.33000000000004,5.0,24.1,346.85,6.0,-1.0,351.15999999999997,6.5,-1.0,356.015,4.0,False,False,False,True,False,False,False,False,False,False,False,False,False,False,False,False
11,16,308.66,9,-1,309.99,7.0,17,312.74,63.0,-1,318.78,7.0,-1.0,323.09,7.0,20.0,325.07,4.0,22.0,333.07,8.0,23.0,337.16,102.0,-1.0,338.76,4.0,24.0,341.09,31.0,25.0,345.18,74.0,8.044117647058824,272.95323529411763,6.6911764705882355,8.096153846153847,283.06673076923073,8.028846153846153,6.184810126582279,298.4777215189873,6.063291139240507,8.3,307.23758620689654,6.189655172413793,4.7215686274509805,309.68549019607843,5.901960784313726,9.057777777777778,315.7886666666667,6.133333333333334,11.286486486486487,315.82216216216216,6.513513513513513,3.771428571428572,320.53464285714284,6.642857142857143,12.416000000000002,329.7432,6.72,1.4857142857142858,335.1142857142857,5.857142857142857,5.626666666666667,335.81,6.733333333333333,3.1,338.62416666666667,6.75,10.266666666666667,339.2711111111111,6.0,-1.0,343.98375,5.75,8.64,341.178,5.8,-1.0,338.33000000000004,5.0,24.1,346.85,6.0,-1.0,351.15999999999997,6.5,-1.0,356.015,4.0,False,False,False,False,False,False,False,True,False,False,False,False,False,False,False,False
9,-1,96.87,6,10,103.91,32.0,12,112.18,13.0,12.2,114.54,4.0,13.0,116.23,146.0,14.0,120.15,44.0,14.2,122.16,65.0,15.0,124.1,28.0,17.2,134.24,7.0,10.177131782945736,246.79166666666666,17.75968992248062,11.51222222222222,258.64344444444447,11.255555555555556,8.044117647058824,272.95323529411763,6.6911764705882355,8.096153846153847,283.06673076923073,8.028846153846153,6.184810126582279,298.4777215189873,6.063291139240507,8.3,307.23758620689654,6.189655172413793,4.7215686274509805,309.68549019607843,5.901960784313726,9.057777777777778,315.7886666666667,6.133333333333334,11.286486486486487,315.82216216216216,6.513513513513513,3.771428571428572,320.53464285714284,6.642857142857143,12.416000000000002,329.7432,6.72,1.4857142857142858,335.1142857142857,5.857142857142857,5.626666666666667,335.81,6.733333333333333,3.1,338.62416666666667,6.75,10.266666666666667,339.2711111111111,6.0,-1.0,343.98375,5.75,8.64,341.178,5.8,-1.0,338.33000000000004,5.0,24.1,346.85,6.0,-1.0,351.15999999999997,6.5,-1.0,356.015,4.0,False,False,False,False,False,True,False,False,False,False,False,False,False,False,False,False
8,-1,152.36,7,-1,154.45,9.0,12,155.63,6.0,16,172.21,127.0,-1.0,174.94,8.0,17.0,176.18,30.0,18.0,180.25,39.0,-1.0,198.72,9.0,10.877932960893855,238.12659217877098,30.310055865921786,10.177131782945736,246.79166666666666,17.75968992248062,11.51222222222222,258.64344444444447,11.255555555555556,8.044117647058824,272.95323529411763,6.6911764705882355,8.096153846153847,283.06673076923073,8.028846153846153,6.184810126582279,298.4777215189873,6.063291139240507,8.3,307.23758620689654,6.189655172413793,4.7215686274509805,309.68549019607843,5.901960784313726,9.057777777777778,315.7886666666667,6.133333333333334,11.286486486486487,315.82216216216216,6.513513513513513,3.771428571428572,320.53464285714284,6.642857142857143,12.416000000000002,329.7432,6.72,1.4857142857142858,335.1142857142857,5.857142857142857,5.626666666666667,335.81,6.733333333333333,3.1,338.62416666666667,6.75,10.266666666666667,339.2711111111111,6.0,-1.0,343.98375,5.75,8.64,341.178,5.8,-1.0,338.33000000000004,5.0,24.1,346.85,6.0,-1.0,351.15999999999997,6.5,-1.0,356.015,4.0,False,False,False,False,False,False,False,False,False,False,False,False,False,False,False,True
5,-1,219.31,7,6,220.42,6.0,8,228.7,85.0,-1,230.42,6.0,10.0,236.71,75.0,12.028571428571428,222.8513210445469,66.27035330261137,12.041229656419528,226.86157323688968,52.7992766726944,12.037473233404711,230.39813704496785,41.95289079229122,10.877932960893855,238.12659217877098,30.310055865921786,10.177131782945736,246.79166666666666,17.75968992248062,11.51222222222222,258.64344444444447,11.255555555555556,8.044117647058824,272.95323529411763,6.6911764705882355,8.096153846153847,283.06673076923073,8.028846153846153,6.184810126582279,298.4777215189873,6.063291139240507,8.3,307.23758620689654,6.189655172413793,4.7215686274509805,309.68549019607843,5.901960784313726,9.057777777777778,315.7886666666667,6.133333333333334,11.286486486486487,315.82216216216216,6.513513513513513,3.771428571428572,320.53464285714284,6.642857142857143,12.416000000000002,329.7432,6.72,1.4857142857142858,335.1142857142857,5.857142857142857,5.626666666666667,335.81,6.733333333333333,3.1,338.62416666666667,6.75,10.266666666666667,339.2711111111111,6.0,-1.0,343.98375,5.75,8.64,341.178,5.8,-1.0,338.33000000000004,5.0,24.1,346.85,6.0,-1.0,351.15999999999997,6.5,-1.0,356.015,4.0,False,False,False,False,False,False,False,False,False,False,False,False,False,False,True,False
8,12,281.12,40,13,285.1,85.0,17,301.11,44.0,18,304.99,31.0,-1.0,311.58,5.0,20.2,314.75,4.0,23.0,326.16,10.0,-1.0,339.91,7.0,10.877932960893855,238.12659217877098,30.310055865921786,10.177131782945736,246.79166666666666,17.75968992248062,11.51222222222222,258.64344444444447,11.255555555555556,8.044117647058824,272.95323529411763,6.6911764705882355,8.096153846153847,283.06673076923073,8.028846153846153,6.184810126582279,298.4777215189873,6.063291139240507,8.3,307.23758620689654,6.189655172413793,4.7215686274509805,309.68549019607843,5.901960784313726,9.057777777777778,315.7886666666667,6.133333333333334,11.286486486486487,315.82216216216216,6.513513513513513,3.771428571428572,320.53464285714284,6.642857142857143,12.416000000000002,329.7432,6.72,1.4857142857142858,335.1142857142857,5.857142857142857,5.626666666666667,335.81,6.733333333333333,3.1,338.62416666666667,6.75,10.266666666666667,339.2711111111111,6.0,-1.0,343.98375,5.75,8.64,341.178,5.8,-1.0,338.33000000000004,5.0,24.1,346.85,6.0,-1.0,351.15999999999997,6.5,-1.0,356.015,4.0,False,False,False,False,True,False,False,False,False,False,False,False,False,False,False,False
2,X,104.95,122,Y,110.91,137.0,,210.75846753246756,71.04545454545455,,216.6818641810919,87.4513981358189,11.362921348314606,219.41106741573032,77.95786516853933,12.028571428571428,222.8513210445469,66.27035330261137,12.041229656419528,226.86157323688968,52.7992766726944,12.037473233404711,230.39813704496785,41.95289079229122,10.877932960893855,238.12659217877098,30.310055865921786,10.177131782945736,246.79166666666666,17.75968992248062,11.51222222222222,258.64344444444447,11.255555555555556,8.044117647058824,272.95323529411763,6.6911764705882355,8.096153846153847,283.06673076923073,8.028846153846153,6.184810126582279,298.4777215189873,6.063291139240507,8.3,307.23758620689654,6.189655172413793,4.7215686274509805,309.68549019607843,5.901960784313726,9.057777777777778,315.7886666666667,6.133333333333334,11.286486486486487,315.82216216216216,6.513513513513513,3.771428571428572,320.53464285714284,6.642857142857143,12.416000000000002,329.7432,6.72,1.4857142857142858,335.1142857142857,5.857142857142857,5.626666666666667,335.81,6.733333333333333,3.1,338.62416666666667,6.75,10.266666666666667,339.2711111111111,6.0,-1.0,343.98375,5.75,8.64,341.178,5.8,-1.0,338.33000000000004,5.0,24.1,346.85,6.0,-1.0,351.15999999999997,6.5,-1.0,356.015,4.0,True,False,False,False,False,False,False,False,False,False,False,False,False,False,False,False
9,-1,125.65,7,-1,142.72,5.0,-1,143.3,5.0,11,148.86,71.0,12.0,152.95,98.0,13.0,157.14,52.0,-1.0,159.58,4.0,14.0,161.23,19.0,-1.0,170.8,8.0,10.177131782945736,246.79166666666666,17.75968992248062,11.51222222222222,258.64344444444447,11.255555555555556,8.044117647058824,272.95323529411763,6.6911764705882355,8.096153846153847,283.06673076923073,8.028846153846153,6.184810126582279,298.4777215189873,6.063291139240507,8.3,307.23758620689654,6.189655172413793,4.7215686274509805,309.68549019607843,5.901960784313726,9.057777777777778,315.7886666666667,6.133333333333334,11.286486486486487,315.82216216216216,6.513513513513513,3.771428571428572,320.53464285714284,6.642857142857143,12.416000000000002,329.7432,6.72,1.4857142857142858,335.1142857142857,5.857142857142857,5.626666666666667,335.81,6.733333333333333,3.1,338.62416666666667,6.75,10.266666666666667,339.2711111111111,6.0,-1.0,343.98375,5.75,8.64,341.178,5.8,-1.0,338.33000000000004,5.0,24.1,346.85,6.0,-1.0,351.15999999999997,6.5,-1.0,356.015,4.0,False,False,False,False,False,False,False,False,False,True,False,False,False,False,False,False
13,-1,205.94,7,-1,210.13,6.0,19,220.85,26.0,-1,224.17,14.0,21.0,229.05,53.0,22.0,233.17,54.0,25.0,245.41,27.0,27.0,253.57,13.0,-1.0,289.17,8.0,42.2,315.87,7.0,-1.0,318.12,9.0,45.2,328.86,9.0,49.2,344.72,8.0,6.184810126582279,298.4777215189873,6.063291139240507,8.3,307.23758620689654,6.189655172413793,4.7215686274509805,309.68549019607843,5.901960784313726,9.057777777777778,315.7886666666667,6.133333333333334,11.286486486486487,315.82216216216216,6.513513513513513,3.771428571428572,320.53464285714284,6.642857142857143,12.416000000000002,329.7432,6.72,1.4857142857142858,335.1142857142857,5.857142857142857,5.626666666666667,335.81,6.733333333333333,3.1,338.62416666666667,6.75,10.266666666666667,339.2711111111111,6.0,-1.0,343.98375,5.75,8.64,341.178,5.8,-1.0,338.33000000000004,5.0,24.1,346.85,6.0,-1.0,351.15999999999997,6.5,-1.0,356.015,4.0,False,False,False,False,False,False,False,False,False,False,False,False,True,False,False,False
7,-1,128.18,3,-1,134.93,3.0,12,137.82,25.0,13,141.9,40.0,14.0,146.12,18.0,15.0,150.44,9.0,-1.0,178.17,5.0,12.037473233404711,230.39813704496785,41.95289079229122,10.877932960893855,238.12659217877098,30.310055865921786,10.177131782945736,246.79166666666666,17.75968992248062,11.51222222222222,258.64344444444447,11.255555555555556,8.044117647058824,272.95323529411763,6.6911764705882355,8.096153846153847,283.06673076923073,8.028846153846153,6.184810126582279,298.4777215189873,6.063291139240507,8.3,307.23758620689654,6.189655172413793,4.7215686274509805,309.68549019607843,5.901960784313726,9.057777777777778,315.7886666666667,6.133333333333334,11.286486486486487,315.82216216216216,6.513513513513513,3.771428571428572,320.53464285714284,6.642857142857143,12.416000000000002,329.7432,6.72,1.4857142857142858,335.1142857142857,5.857142857142857,5.626666666666667,335.81,6.733333333333333,3.1,338.62416666666667,6.75,10.266666666666667,339.2711111111111,6.0,-1.0,343.98375,5.75,8.64,341.178,5.8,-1.0,338.33000000000004,5.0,24.1,346.85,6.0,-1.0,351.15999999999997,6.5,-1.0,356.015,4.0,False,False,False,False,False,False,False,False,False,False,False,True,False,False,False,False
9,26.2,192.25,4,27,194.55,8.0,29,202.66,14.0,30,206.5,7.0,31.2,212.73,9.0,32.0,214.61,6.0,-1.0,217.56,3.0,35.0,226.84,8.0,39.0,242.84,4.0,10.177131782945736,246.79166666666666,17.75968992248062,11.51222222222222,258.64344444444447,11.255555555555556,8.044117647058824,272.95323529411763,6.6911764705882355,8.096153846153847,283.06673076923073,8.028846153846153,6.184810126582279,298.4777215189873,6.063291139240507,8.3,307.23758620689654,6.189655172413793,4.7215686274509805,309.68549019607843,5.901960784313726,9.057777777777778,315.7886666666667,6.133333333333334,11.286486486486487,315.82216216216216,6.513513513513513,3.771428571428572,320.53464285714284,6.642857142857143,12.416000000000002,329.7432,6.72,1.4857142857142858,335.1142857142857,5.857142857142857,5.626666666666667,335.81,6.733333333333333,3.1,338.62416666666667,6.75,10.266666666666667,339.2711111111111,6.0,-1.0,343.98375,5.75,8.64,341.178,5.8,-1.0,338.33000000000004,5.0,24.1,346.85,6.0,-1.0,351.15999999999997,6.5,-1.0,356.015,4.0,False,False,False,False,False,False,True,False,False,False,False,False,False,False,False,False
5,-1,265.03,4,10,269.99,4.0,11,274.02,24.0,-1,276.48,3.0,-1.0,284.45,3.0,12.028571428571428,222.8513210445469,66.27035330261137,12.041229656419528,226.86157323688968,52.7992766726944,12.037473233404711,230.39813704496785,41.95289079229122,10.877932960893855,238.12659217877098,30.310055865921786,10.177131782945736,246.79166666666666,17.75968992248062,11.51222222222222,258.64344444444447,11.255555555555556,8.044117647058824,272.95323529411763,6.6911764705882355,8.096153846153847,283.06673076923073,8.028846153846153,6.184810126582279,298.4777215189873,6.063291139240507,8.3,307.23758620689654,6.189655172413793,4.7215686274509805,309.68549019607843,5.901960784313726,9.057777777777778,315.7886666666667,6.133333333333334,11.286486486486487,315.82216216216216,6.513513513513513,3.771428571428572,320.53464285714284,6.642857142857143,12.416000000000002,329.7432,6.72,1.4857142857142858,335.1142857142857,5.857142857142857,5.626666666666667,335.81,6.733333333333333,3.1,338.62416666666667,6.75,10.266666666666667,339.2711111111111,6.0,-1.0,343.98375,5.75,8.64,341.178,5.8,-1.0,338.33000000000004,5.0,24.1,346.85,6.0,-1.0,351.15999999999997,6.5,-1.0,356.015,4.0,False,False,False,False,False,False,False,False,False,False,True,False,False,False,False,False
9,-1,305.0,3,9,314.47,3.0,-1,317.65,4.0,10,319.06,3.0,11.0,322.74,5.0,12.0,326.84,16.0,-1.0,329.02,3.0,-1.0,335.69,3.0,-1.0,336.95,3.0,10.177131782945736,246.79166666666666,17.75968992248062,11.51222222222222,258.64344444444447,11.255555555555556,8.044117647058824,272.95323529411763,6.6911764705882355,8.096153846153847,283.06673076923073,8.028846153846153,6.184810126582279,298.4777215189873,6.063291139240507,8.3,307.23758620689654,6.189655172413793,4.7215686274509805,309.68549019607843,5.901960784313726,9.057777777777778,315.7886666666667,6.133333333333334,11.286486486486487,315.82216216216216,6.513513513513513,3.771428571428572,320.53464285714284,6.642857142857143,12.416000000000002,329.7432,6.72,1.4857142857142858,335.1142857142857,5.857142857142857,5.626666666666667,335.81,6.733333333333333,3.1,338.62416666666667,6.75,10.266666666666667,339.2711111111111,6.0,-1.0,343.98375,5.75,8.64,341.178,5.8,-1.0,338.33000000000004,5.0,24.1,346.85,6.0,-1.0,351.15999999999997,6.5,-1.0,356.015,4.0,False,True,False,False,False,False,False,False,False,False,False,False,False,False,False,False
9,-1,95.22,8,-1,96.23,9.0,-1,102.88,4.0,11,106.15,7.0,-1.0,116.62,10.0,15.0,122.24,65.0,16.0,126.3,53.0,17.0,130.55,26.0,20.0,142.06,4.0,10.177131782945736,246.79166666666666,17.75968992248062,11.51222222222222,258.64344444444447,11.255555555555556,8.044117647058824,272.95323529411763,6.6911764705882355,8.096153846153847,283.06673076923073,8.028846153846153,6.184810126582279,298.4777215189873,6.063291139240507,8.3,307.23758620689654,6.189655172413793,4.7215686274509805,309.68549019607843,5.901960784313726,9.057777777777778,315.7886666666667,6.133333333333334,11.286486486486487,315.82216216216216,6.513513513513513,3.771428571428572,320.53464285714284,6.642857142857143,12.416000000000002,329.7432,6.72,1.4857142857142858,335.1142857142857,5.857142857142857,5.626666666666667,335.81,6.733333333333333,3.1,338.62416666666667,6.75,10.266666666666667,339.2711111111111,6.0,-1.0,343.98375,5.75,8.64,341.178,5.8,-1.0,338.33000000000004,5.0,24.1,346.85,6.0,-1.0,351.15999999999997,6.5,-1.0,356.015,4.0,False,False,False,False,False,False,False,False,True,False,False,False,False,False,False,False
7,-1,166.28,4,6,168.27,6.0,7,172.59,23.0,8,176.67,25.0,9.3,183.91,27.0,10.3,187.48,4.0,-1.0,195.48,4.0,12.037473233404711,230.39813704496785,41.95289079229122,10.877932960893855,238.12659217877098,30.310055865921786,10.177131782945736,246.79166666666666,17.75968992248062,11.51222222222222,258.64344444444447,11.255555555555556,8.044117647058824,272.95323529411763,6.6911764705882355,8.096153846153847,283.06673076923073,8.028846153846153,6.184810126582279,298.4777215189873,6.063291139240507,8.3,307.23758620689654,6.189655172413793,4.7215686274509805,309.68549019607843,5.901960784313726,9.057777777777778,315.7886666666667,6.133333333333334,11.286486486486487,315.82216216216216,6.513513513513513,3.771428571428572,320.53464285714284,6.642857142857143,12.416000000000002,329.7432,6.72,1.4857142857142858,335.1142857142857,5.857142857142857,5.626666666666667,335.81,6.733333333333333,3.1,338.62416666666667,6.75,10.266666666666667,339.2711111111111,6.0,-1.0,343.98375,5.75,8.64,341.178,5.8,-1.0,338.33000000000004,5.0,24.1,346.85,6.0,-1.0,351.15999999999997,6.5,-1.0,356.015,4.0,False,False,False,False,False,False,False,False,False,False,False,False,False,True,False,False
10,-1,206.67,8,7,211.63,4.0,-1,212.31,5.0,-1,213.49,9.0,-1.0,224.62,6.0,11.0,227.1,8.0,12.0,231.13,29.0,13.0,235.26,31.0,-1.0,240.44,6.0,15.0,243.38,5.0,11.51222222222222,258.64344444444447,11.255555555555556,8.044117647058824,272.95323529411763,6.6911764705882355,8.096153846153847,283.06673076923073,8.028846153846153,6.184810126582279,298.4777215189873,6.063291139240507,8.3,307.23758620689654,6.189655172413793,4.7215686274509805,309.68549019607843,5.901960784313726,9.057777777777778,315.7886666666667,6.133333333333334,11.286486486486487,315.82216216216216,6.513513513513513,3.771428571428572,320.53464285714284,6.642857142857143,12.416000000000002,329.7432,6.72,1.4857142857142858,335.1142857142857,5.857142857142857,5.626666666666667,335.81,6.733333333333333,3.1,338.62416666666667,6.75,10.266666666666667,339.2711111111111,6.0,-1.0,343.98375,5.75,8.64,341.178,5.8,-1.0,338.33000000000004,5.0,24.1,346.85,6.0,-1.0,351.15999999999997,6.5,-1.0,356.015,4.0,False,False,True,False,False,False,False,False,False,False,False,False,False,False,False,False
7,-1,252.81,5,-1,257.64,5.0,9,267.29,18.0,10,271.74,3.0,-1.0,272.7,5.0,-1.0,274.46,5.0,-1.0,285.85,3.0,12.037473233404711,230.39813704496785,41.95289079229122,10.877932960893855,238.12659217877098,30.310055865921786,10.177131782945736,246.79166666666666,17.75968992248062,11.51222222222222,258.64344444444447,11.255555555555556,8.044117647058824,272.95323529411763,6.6911764705882355,8.096153846153847,283.06673076923073,8.028846153846153,6.184810126582279,298.4777215189873,6.063291139240507,8.3,307.23758620689654,6.189655172413793,4.7215686274509805,309.68549019607843,5.901960784313726,9.057777777777778,315.7886666666667,6.133333333333334,11.286486486486487,315.82216216216216,6.513513513513513,3.771428571428572,320.53464285714284,6.642857142857143,12.416000000000002,329.7432,6.72,1.4857142857142858,335.1142857142857,5.857142857142857,5.626666666666667,335.81,6.733333333333333,3.1,338.62416666666667,6.75,10.266666666666667,339.2711111111111,6.0,-1.0,343.98375,5.75,8.64,341.178,5.8,-1.0,338.33000000000004,5.0,24.1,346.85,6.0,-1.0,351.15999999999997,6.5,-1.0,356.015,4.0,False,False,False,True,False,False,False,False,False,False,False,False,False,False,False,False
8,-1,302.31,5,16,309.02,4.0,19,321.19,10.0,-1,322.01,4.0,22.0,333.17,12.0,23.0,337.31,10.0,-1.0,347.12,6.0,-1.0,364.51,1.0,10.877932960893855,238.12659217877098,30.310055865921786,10.177131782945736,246.79166666666666,17.75968992248062,11.51222222222222,258.64344444444447,11.255555555555556,8.044117647058824,272.95323529411763,6.6911764705882355,8.096153846153847,283.06673076923073,8.028846153846153,6.184810126582279,298.4777215189873,6.063291139240507,8.3,307.23758620689654,6.189655172413793,4.7215686274509805,309.68549019607843,5.901960784313726,9.057777777777778,315.7886666666667,6.133333333333334,11.286486486486487,315.82216216216216,6.513513513513513,3.771428571428572,320.53464285714284,6.642857142857143,12.416000000000002,329.7432,6.72,1.4857142857142858,335.1142857142857,5.857142857142857,5.626666666666667,335.81,6.733333333333333,3.1,338.62416666666667,6.75,10.266666666666667,339.2711111111111,6.0,-1.0,343.98375,5.75,8.64,341.178,5.8,-1.0,338.33000000000004,5.0,24.1,346.85,6.0,-1.0,351.15999999999997,6.5,-1.0,356.015,4.0,False,False,False,False,False,False,False,True,False,False,False,False,False,False,False,False
4,13,116.23,21,13.2,118.16,16.0,14,120.0,14.0,14.2,122.17,11.0,11.362921348314606,219.41106741573032,77.95786516853933,12.028571428571428,222.8513210445469,66.27035330261137,12.041229656419528,226.86157323688968,52.7992766726944,12.037473233404711,230.39813704496785,41.95289079229122,10.877932960893855,238.12659217877098,30.310055865921786,10.177131782945736,246.79166666666666,17.75968992248062,11.51222222222222,258.64344444444447,11.255555555555556,8.044117647058824,272.95323529411763,6.6911764705882355,8.096153846153847,283.06673076923073,8.028846153846153,6.184810126582279,298.4777215189873,6.063291139240507,8.3,307.23758620689654,6.189655172413793,4.7215686274509805,309.68549019607843,5.901960784313726,9.057777777777778,315.7886666666667,6.133333333333334,11.286486486486487,315.82216216216216,6.513513513513513,3.771428571428572,320.53464285714284,6.642857142857143,12.416000000000002,329.7432,6.72,1.4857142857142858,335.1142857142857,5.857142857142857,5.626666666666667,335.81,6.733333333333333,3.1,338.62416666666667,6.75,10.266666666666667,339.2711111111111,6.0,-1.0,343.98375,5.75,8.64,341.178,5.8,-1.0,338.33000000000004,5.0,24.1,346.85,6.0,-1.0,351.15999999999997,6.5,-1.0,356.015,4.0,False,False,False,False,False,True,False,False,False,False,False,False,False,False,False,False
12,10,148.19,7,-1,148.86,9.0,11,151.86,12.0,-1,153.61,9.0,13.0,159.83,10.0,-1.0,161.9,7.0,15.0,168.11,8.0,16.0,172.76,7.0,17.0,176.25,25.0,18.0,180.34,22.0,-1.0,190.29,4.0,-1.0,206.17,9.0,8.096153846153847,283.06673076923073,8.028846153846153,6.184810126582279,298.4777215189873,6.063291139240507,8.3,307.23758620689654,6.189655172413793,4.7215686274509805,309.68549019607843,5.901960784313726,9.057777777777778,315.7886666666667,6.133333333333334,11.286486486486487,315.82216216216216,6.513513513513513,3.771428571428572,320.53464285714284,6.642857142857143,12.416000000000002,329.7432,6.72,1.4857142857142858,335.1142857142857,5.857142857142857,5.626666666666667,335.81,6.733333333333333,3.1,338.62416666666667,6.75,10.266666666666667,339.2711111111111,6.0,-1.0,343.98375,5.75,8.64,341.178,5.8,-1.0,338.33000000000004,5.0,24.1,346.85,6.0,-1.0,351.15999999999997,6.5,-1.0,356.015,4.0,False,False,False,False,False,False,False,False,False,False,False,False,False,False,False,True
4,-1,219.39,7,7,224.45,5.0,8,228.73,23.0,-1,235.52,8.0,11.362921348314606,219.41106741573032,77.95786516853933,12.028571428571428,222.8513210445469,66.27035330261137,12.041229656419528,226.86157323688968,52.7992766726944,12.037473233404711,230.39813704496785,41.95289079229122,10.877932960893855,238.12659217877098,30.310055865921786,10.177131782945736,246.79166666666666,17.75968992248062,11.51222222222222,258.64344444444447,11.255555555555556,8.044117647058824,272.95323529411763,6.6911764705882355,8.096153846153847,283.06673076923073,8.028846153846153,6.184810126582279,298.4777215189873,6.063291139240507,8.3,307.23758620689654,6.189655172413793,4.7215686274509805,309.68549019607843,5.901960784313726,9.057777777777778,315.7886666666667,6.133333333333334,11.286486486486487,315.82216216216216,6.513513513513513,3.771428571428572,320.53464285714284,6.642857142857143,12.416000000000002,329.7432,6.72,1.4857142857142858,335.1142857142857,5.857142857142857,5.626666666666667,335.81,6.733333333333333,3.1,338.62416666666667,6.75,10.266666666666667,339.2711111111111,6.0,-1.0,343.98375,5.75,8.64,341.178,5.8,-1.0,338.33000000000004,5.0,24.1,346.85,6.0,-1.0,351.15999999999997,6.5,-1.0,356.015,4.0,False,False,False,False,False,False,False,False,False,False,False,False,False,False,True,False
10,12,281.57,6,13,285.06,9.0,14,288.73,5.0,15,293.1,17.0,-1.0,300.51,9.0,18.0,305.34,19.0,-1.0,312.39,9.0,23.0,325.57,6.0,-1.0,328.56,5.0,-1.0,338.57,7.0,11.51222222222222,258.64344444444447,11.255555555555556,8.044117647058824,272.95323529411763,6.6911764705882355,8.096153846153847,283.06673076923073,8.028846153846153,6.184810126582279,298.4777215189873,6.063291139240507,8.3,307.23758620689654,6.189655172413793,4.7215686274509805,309.68549019607843,5.901960784313726,9.057777777777778,315.7886666666667,6.133333333333334,11.286486486486487,315.82216216216216,6.513513513513513,3.771428571428572,320.53464285714284,6.642857142857143,12.416000000000002,329.7432,6.72,1.4857142857142858,335.1142857142857,5.857142857142857,5.626666666666667,335.81,6.733333333333333,3.1,338.62416666666667,6.75,10.266666666666667,339.2711111111111,6.0,-1.0,343.98375,5.75,8.64,341.178,5.8,-1.0,338.33000000000004,5.0,24.1,346.85,6.0,-1.0,351.15999999999997,6.5,-1.0,356.015,4.0,False,False,False,False,True,False,False,False,False,False,False,False,False,False,False,False
2,X,104.95,73,Y,110.91,40.0,,210.75846753246756,71.04545454545455,,216.6818641810919,87.4513981358189,11.362921348314606,219.41106741573032,77.95786516853933,12.028571428571428,222.8513210445469,66.27035330261137,12.041229656419528,226.86157323688968,52.7992766726944,12.037473233404711,230.39813704496785,41.95289079229122,10.877932960893855,238.12659217877098,30.310055865921786,10.177131782945736,246.79166666666666,17.75968992248062,11.51222222222222,258.64344444444447,11.255555555555556,8.044117647058824,272.95323529411763,6.6911764705882355,8.096153846153847,283.06673076923073,8.028846153846153,6.184810126582279,298.4777215189873,6.063291139240507,8.3,307.23758620689654,6.189655172413793,4.7215686274509805,309.68549019607843,5.901960784313726,9.057777777777778,315.7886666666667,6.133333333333334,11.286486486486487,315.82216216216216,6.513513513513513,3.771428571428572,320.53464285714284,6.642857142857143,12.416000000000002,329.7432,6.72,1.4857142857142858,335.1142857142857,5.857142857142857,5.626666666666667,335.81,6.733333333333333,3.1,338.62416666666667,6.75,10.266666666666667,339.2711111111111,6.0,-1.0,343.98375,5.75,8.64,341.178,5.8,-1.0,338.33000000000004,5.0,24.1,346.85,6.0,-1.0,351.15999999999997,6.5,-1.0,356.015,4.0,True,False,False,False,False,False,False,False,False,False,False,False,False,False,False,False
6,-1,126.38,6,11,148.86,14.0,-1,151.19,7.0,12,152.95,25.0,13.0,157.05,16.0,-1.0,172.42,6.0,12.041229656419528,226.86157323688968,52.7992766726944,12.037473233404711,230.39813704496785,41.95289079229122,10.877932960893855,238.12659217877098,30.310055865921786,10.177131782945736,246.79166666666666,17.75968992248062,11.51222222222222,258.64344444444447,11.255555555555556,8.044117647058824,272.95323529411763,6.6911764705882355,8.096153846153847,283.06673076923073,8.028846153846153,6.184810126582279,298.4777215189873,6.063291139240507,8.3,307.23758620689654,6.189655172413793,4.7215686274509805,309.68549019607843,5.901960784313726,9.057777777777778,315.7886666666667,6.133333333333334,11.286486486486487,315.82216216216216,6.513513513513513,3.771428571428572,320.53464285714284,6.642857142857143,12.416000000000002,329.7432,6.72,1.4857142857142858,335.1142857142857,5.857142857142857,5.626666666666667,335.81,6.733333333333333,3.1,338.62416666666667,6.75,10.266666666666667,339.2711111111111,6.0,-1.0,343.98375,5.75,8.64,341.178,5.8,-1.0,338.33000000000004,5.0,24.1,346.85,6.0,-1.0,351.15999999999997,6.5,-1.0,356.015,4.0,False,False,False,False,False,False,False,False,False,True,False,False,False,False,False,False
18,-1,204.33,7,-1,217.82,4.0,21,229.24,12.0,-1,236.64,6.0,24.0,241.33,9.0,26.0,249.3,5.0,-1.0,254.76,6.0,28.0,257.72,4.0,30.2,267.9,8.0,-1.0,285.59,5.0,-1.0,296.33,7.0,-1.0,297.82,12.0,-1.0,298.95,7.0,-1.0,305.69,4.0,-1.0,311.23,6.0,-1.0,321.28,3.0,45.2,328.11,7.0,-1.0,331.55,6.0,3.771428571428572,320.53464285714284,6.642857142857143,12.416000000000002,329.7432,6.72,1.4857142857142858,335.1142857142857,5.857142857142857,5.626666666666667,335.81,6.733333333333333,3.1,338.62416666666667,6.75,10.266666666666667,339.2711111111111,6.0,-1.0,343.98375,5.75,8.64,341.178,5.8,-1.0,338.33000000000004,5.0,24.1,346.85,6.0,-1.0,351.15999999999997,6.5,-1.0,356.015,4.0,False,False,False,False,False,False,False,False,False,False,False,False,True,False,False,False
6,-1,111.87,4,11,133.73,122.0,12,137.82,143.0,13,141.98,233.0,14.0,146.2,354.0,15.0,150.27,80.0,12.041229656419528,226.86157323688968,52.7992766726944,12.037473233404711,230.39813704496785,41.95289079229122,10.877932960893855,238.12659217877098,30.310055865921786,10.177131782945736,246.79166666666666,17.75968992248062,11.51222222222222,258.64344444444447,11.255555555555556,8.044117647058824,272.95323529411763,6.6911764705882355,8.096153846153847,283.06673076923073,8.028846153846153,6.184810126582279,298.4777215189873,6.063291139240507,8.3,307.23758620689654,6.189655172413793,4.7215686274509805,309.68549019607843,5.901960784313726,9.057777777777778,315.7886666666667,6.133333333333334,11.286486486486487,315.82216216216216,6.513513513513513,3.771428571428572,320.53464285714284,6.642857142857143,12.416000000000002,329.7432,6.72,1.4857142857142858,335.1142857142857,5.857142857142857,5.626666666666667,335.81,6.733333333333333,3.1,338.62416666666667,6.75,10.266666666666667,339.2711111111111,6.0,-1.0,343.98375,5.75,8.64,341.178,5.8,-1.0,338.33000000000004,5.0,24.1,346.85,6.0,-1.0,351.15999999999997,6.5,-1.0,356.015,4.0,False,False,False,False,False,False,False,False,False,False,False,True,False,False,False,False
10,-1,185.27,4,25,186.29,3.0,27,194.63,98.0,28,198.64,56.0,29.0,202.66,176.0,30.0,206.67,88.0,31.0,210.62,80.0,31.2,212.65,70.0,35.0,226.96,33.0,39.0,242.84,3.0,11.51222222222222,258.64344444444447,11.255555555555556,8.044117647058824,272.95323529411763,6.6911764705882355,8.096153846153847,283.06673076923073,8.028846153846153,6.184810126582279,298.4777215189873,6.063291139240507,8.3,307.23758620689654,6.189655172413793,4.7215686274509805,309.68549019607843,5.901960784313726,9.057777777777778,315.7886666666667,6.133333333333334,11.286486486486487,315.82216216216216,6.513513513513513,3.771428571428572,320.53464285714284,6.642857142857143,12.416000000000002,329.7432,6.72,1.4857142857142858,335.1142857142857,5.857142857142857,5.626666666666667,335.81,6.733333333333333,3.1,338.62416666666667,6.75,10.266666666666667,339.2711111111111,6.0,-1.0,343.98375,5.75,8.64,341.178,5.8,-1.0,338.33000000000004,5.0,24.1,346.85,6.0,-1.0,351.15999999999997,6.5,-1.0,356.015,4.0,False,False,False,False,False,False,True,False,False,False,False,False,False,False,False,False
5,5.2,252.04,2,-1,252.72,2.0,8,262.09,40.0,9,266.1,77.0,11.0,274.08,73.0,12.028571428571428,222.8513210445469,66.27035330261137,12.041229656419528,226.86157323688968,52.7992766726944,12.037473233404711,230.39813704496785,41.95289079229122,10.877932960893855,238.12659217877098,30.310055865921786,10.177131782945736,246.79166666666666,17.75968992248062,11.51222222222222,258.64344444444447,11.255555555555556,8.044117647058824,272.95323529411763,6.6911764705882355,8.096153846153847,283.06673076923073,8.028846153846153,6.184810126582279,298.4777215189873,6.063291139240507,8.3,307.23758620689654,6.189655172413793,4.7215686274509805,309.68549019607843,5.901960784313726,9.057777777777778,315.7886666666667,6.133333333333334,11.286486486486487,315.82216216216216,6.513513513513513,3.771428571428572,320.53464285714284,6.642857142857143,12.416000000000002,329.7432,6.72,1.4857142857142858,335.1142857142857,5.857142857142857,5.626666666666667,335.81,6.733333333333333,3.1,338.62416666666667,6.75,10.266666666666667,339.2711111111111,6.0,-1.0,343.98375,5.75,8.64,341.178,5.8,-1.0,338.33000000000004,5.0,24.1,346.85,6.0,-1.0,351.15999999999997,6.5,-1.0,356.015,4.0,False,False,False,False,False,False,False,False,False,False,True,False,False,False,False,False
8,5,298.78,2,8,310.52,16.0,-1,316.34,1.0,10,318.68,72.0,12.0,326.84,34.0,-1.0,336.95,3.0,-1.0,340.0,2.0,-1.0,341.37,2.0,10.877932960893855,238.12659217877098,30.310055865921786,10.177131782945736,246.79166666666666,17.75968992248062,11.51222222222222,258.64344444444447,11.255555555555556,8.044117647058824,272.95323529411763,6.6911764705882355,8.096153846153847,283.06673076923073,8.028846153846153,6.184810126582279,298.4777215189873,6.063291139240507,8.3,307.23758620689654,6.189655172413793,4.7215686274509805,309.68549019607843,5.901960784313726,9.057777777777778,315.7886666666667,6.133333333333334,11.286486486486487,315.82216216216216,6.513513513513513,3.771428571428572,320.53464285714284,6.642857142857143,12.416000000000002,329.7432,6.72,1.4857142857142858,335.1142857142857,5.857142857142857,5.626666666666667,335.81,6.733333333333333,3.1,338.62416666666667,6.75,10.266666666666667,339.2711111111111,6.0,-1.0,343.98375,5.75,8.64,341.178,5.8,-1.0,338.33000000000004,5.0,24.1,346.85,6.0,-1.0,351.15999999999997,6.5,-1.0,356.015,4.0,False,True,False,False,False,False,False,False,False,False,False,False,False,False,False,False
6,-1,106.9,6,14,118.23,50.0,15,122.32,564.0,16,126.22,354.0,17.0,130.39,226.0,17.2,132.93,5.0,12.041229656419528,226.86157323688968,52.7992766726944,12.037473233404711,230.39813704496785,41.95289079229122,10.877932960893855,238.12659217877098,30.310055865921786,10.177131782945736,246.79166666666666,17.75968992248062,11.51222222222222,258.64344444444447,11.255555555555556,8.044117647058824,272.95323529411763,6.6911764705882355,8.096153846153847,283.06673076923073,8.028846153846153,6.184810126582279,298.4777215189873,6.063291139240507,8.3,307.23758620689654,6.189655172413793,4.7215686274509805,309.68549019607843,5.901960784313726,9.057777777777778,315.7886666666667,6.133333333333334,11.286486486486487,315.82216216216216,6.513513513513513,3.771428571428572,320.53464285714284,6.642857142857143,12.416000000000002,329.7432,6.72,1.4857142857142858,335.1142857142857,5.857142857142857,5.626666666666667,335.81,6.733333333333333,3.1,338.62416666666667,6.75,10.266666666666667,339.2711111111111,6.0,-1.0,343.98375,5.75,8.64,341.178,5.8,-1.0,338.33000000000004,5.0,24.1,346.85,6.0,-1.0,351.15999999999997,6.5,-1.0,356.015,4.0,False,False,False,False,False,False,False,False,True,False,False,False,False,False,False,False
6,6,168.6,13,7,172.67,309.0,8,176.67,348.0,9,180.68,200.0,9.3,183.82,294.0,13.0,196.51,4.0,12.041229656419528,226.86157323688968,52.7992766726944,12.037473233404711,230.39813704496785,41.95289079229122,10.877932960893855,238.12659217877098,30.310055865921786,10.177131782945736,246.79166666666666,17.75968992248062,11.51222222222222,258.64344444444447,11.255555555555556,8.044117647058824,272.95323529411763,6.6911764705882355,8.096153846153847,283.06673076923073,8.028846153846153,6.184810126582279,298.4777215189873,6.063291139240507,8.3,307.23758620689654,6.189655172413793,4.7215686274509805,309.68549019607843,5.901960784313726,9.057777777777778,315.7886666666667,6.133333333333334,11.286486486486487,315.82216216216216,6.513513513513513,3.771428571428572,320.53464285714284,6.642857142857143,12.416000000000002,329.7432,6.72,1.4857142857142858,335.1142857142857,5.857142857142857,5.626666666666667,335.81,6.733333333333333,3.1,338.62416666666667,6.75,10.266666666666667,339.2711111111111,6.0,-1.0,343.98375,5.75,8.64,341.178,5.8,-1.0,338.33000000000004,5.0,24.1,346.85,6.0,-1.0,351.15999999999997,6.5,-1.0,356.015,4.0,False,False,False,False,False,False,False,False,False,False,False,False,False,True,False,False
6,-1,216.86,3,-1,219.91,5.0,-1,225.24,4.0,11,227.22,98.0,12.0,231.27,405.0,13.0,235.33,212.0,12.041229656419528,226.86157323688968,52.7992766726944,12.037473233404711,230.39813704496785,41.95289079229122,10.877932960893855,238.12659217877098,30.310055865921786,10.177131782945736,246.79166666666666,17.75968992248062,11.51222222222222,258.64344444444447,11.255555555555556,8.044117647058824,272.95323529411763,6.6911764705882355,8.096153846153847,283.06673076923073,8.028846153846153,6.184810126582279,298.4777215189873,6.063291139240507,8.3,307.23758620689654,6.189655172413793,4.7215686274509805,309.68549019607843,5.901960784313726,9.057777777777778,315.7886666666667,6.133333333333334,11.286486486486487,315.82216216216216,6.513513513513513,3.771428571428572,320.53464285714284,6.642857142857143,12.416000000000002,329.7432,6.72,1.4857142857142858,335.1142857142857,5.857142857142857,5.626666666666667,335.81,6.733333333333333,3.1,338.62416666666667,6.75,10.266666666666667,339.2711111111111,6.0,-1.0,343.98375,5.75,8.64,341.178,5.8,-1.0,338.33000000000004,5.0,24.1,346.85,6.0,-1.0,351.15999999999997,6.5,-1.0,356.015,4.0,False,False,True,False,False,False,False,False,False,False,False,False,False,False,False,False
11,6,255.61,6,8,263.22,13.0,-1,264.09,6.0,9,267.23,173.0,10.0,271.26,139.0,11.0,275.23,31.0,12.0,279.2,57.0,13.0,283.23,101.0,14.0,287.08,6.0,15.0,291.53,5.0,-1.0,294.33,5.0,8.044117647058824,272.95323529411763,6.6911764705882355,8.096153846153847,283.06673076923073,8.028846153846153,6.184810126582279,298.4777215189873,6.063291139240507,8.3,307.23758620689654,6.189655172413793,4.7215686274509805,309.68549019607843,5.901960784313726,9.057777777777778,315.7886666666667,6.133333333333334,11.286486486486487,315.82216216216216,6.513513513513513,3.771428571428572,320.53464285714284,6.642857142857143,12.416000000000002,329.7432,6.72,1.4857142857142858,335.1142857142857,5.857142857142857,5.626666666666667,335.81,6.733333333333333,3.1,338.62416666666667,6.75,10.266666666666667,339.2711111111111,6.0,-1.0,343.98375,5.75,8.64,341.178,5.8,-1.0,338.33000000000004,5.0,24.1,346.85,6.0,-1.0,351.15999999999997,6.5,-1.0,356.015,4.0,False,False,False,True,False,False,False,False,False,False,False,False,False,False,False,False
9,-1,302.14,6,-1,303.0,6.0,-1,307.35,4.0,19,321.1,69.0,20.0,325.02,30.0,-1.0,326.48,4.0,21.0,328.92,10.0,22.0,333.17,96.0,23.0,337.13,49.0,10.177131782945736,246.79166666666666,17.75968992248062,11.51222222222222,258.64344444444447,11.255555555555556,8.044117647058824,272.95323529411763,6.6911764705882355,8.096153846153847,283.06673076923073,8.028846153846153,6.184810126582279,298.4777215189873,6.063291139240507,8.3,307.23758620689654,6.189655172413793,4.7215686274509805,309.68549019607843,5.901960784313726,9.057777777777778,315.7886666666667,6.133333333333334,11.286486486486487,315.82216216216216,6.513513513513513,3.771428571428572,320.53464285714284,6.642857142857143,12.416000000000002,329.7432,6.72,1.4857142857142858,335.1142857142857,5.857142857142857,5.626666666666667,335.81,6.733333333333333,3.1,338.62416666666667,6.75,10.266666666666667,339.2711111111111,6.0,-1.0,343.98375,5.75,8.64,341.178,5.8,-1.0,338.33000000000004,5.0,24.1,346.85,6.0,-1.0,351.15999999999997,6.5,-1.0,356.015,4.0,False,False,False,False,False,False,False,True,False,False,False,False,False,False,False,False
10,-1,97.42,3,-1,100.4,7.0,11,108.17,127.0,12,112.19,23.0,12.2,114.39,24.0,13.0,116.23,303.0,13.2,118.23,250.0,14.0,120.15,291.0,14.2,122.17,207.0,16.2,130.08,140.0,11.51222222222222,258.64344444444447,11.255555555555556,8.044117647058824,272.95323529411763,6.6911764705882355,8.096153846153847,283.06673076923073,8.028846153846153,6.184810126582279,298.4777215189873,6.063291139240507,8.3,307.23758620689654,6.189655172413793,4.7215686274509805,309.68549019607843,5.901960784313726,9.057777777777778,315.7886666666667,6.133333333333334,11.286486486486487,315.82216216216216,6.513513513513513,3.771428571428572,320.53464285714284,6.642857142857143,12.416000000000002,329.7432,6.72,1.4857142857142858,335.1142857142857,5.857142857142857,5.626666666666667,335.81,6.733333333333333,3.1,338.62416666666667,6.75,10.266666666666667,339.2711111111111,6.0,-1.0,343.98375,5.75,8.64,341.178,5.8,-1.0,338.33000000000004,5.0,24.1,346.85,6.0,-1.0,351.15999999999997,6.5,-1.0,356.015,4.0,False,False,False,False,False,True,False,False,False,False,False,False,False,False,False,False
9,13,160.0,150,-1,166.45,5.0,15,168.11,99.0,16,172.26,95.0,17.0,176.25,254.0,18.0,180.25,65.0,19.0,184.42,80.0,-1.0,191.14,8.0,-1.0,206.67,6.0,10.177131782945736,246.79166666666666,17.75968992248062,11.51222222222222,258.64344444444447,11.255555555555556,8.044117647058824,272.95323529411763,6.6911764705882355,8.096153846153847,283.06673076923073,8.028846153846153,6.184810126582279,298.4777215189873,6.063291139240507,8.3,307.23758620689654,6.189655172413793,4.7215686274509805,309.68549019607843,5.901960784313726,9.057777777777778,315.7886666666667,6.133333333333334,11.286486486486487,315.82216216216216,6.513513513513513,3.771428571428572,320.53464285714284,6.642857142857143,12.416000000000002,329.7432,6.72,1.4857142857142858,335.1142857142857,5.857142857142857,5.626666666666667,335.81,6.733333333333333,3.1,338.62416666666667,6.75,10.266666666666667,339.2711111111111,6.0,-1.0,343.98375,5.75,8.64,341.178,5.8,-1.0,338.33000000000004,5.0,24.1,346.85,6.0,-1.0,351.15999999999997,6.5,-1.0,356.015,4.0,False,False,False,False,False,False,False,False,False,False,False,False,False,False,False,True
6,8,228.77,339,10,236.8,77.0,11,240.89,50.0,12,244.97,32.0,-1.0,255.27,6.0,-1.0,257.04,4.0,12.041229656419528,226.86157323688968,52.7992766726944,12.037473233404711,230.39813704496785,41.95289079229122,10.877932960893855,238.12659217877098,30.310055865921786,10.177131782945736,246.79166666666666,17.75968992248062,11.51222222222222,258.64344444444447,11.255555555555556,8.044117647058824,272.95323529411763,6.6911764705882355,8.096153846153847,283.06673076923073,8.028846153846153,6.184810126582279,298.4777215189873,6.063291139240507,8.3,307.23758620689654,6.189655172413793,4.7215686274509805,309.68549019607843,5.901960784313726,9.057777777777778,315.7886666666667,6.133333333333334,11.286486486486487,315.82216216216216,6.513513513513513,3.771428571428572,320.53464285714284,6.642857142857143,12.416000000000002,329.7432,6.72,1.4857142857142858,335.1142857142857,5.857142857142857,5.626666666666667,335.81,6.733333333333333,3.1,338.62416666666667,6.75,10.266666666666667,339.2711111111111,6.0,-1.0,343.98375,5.75,8.64,341.178,5.8,-1.0,338.33000000000004,5.0,24.1,346.85,6.0,-1.0,351.15999999999997,6.5,-1.0,356.015,4.0,False,False,False,False,False,False,False,False,False,False,False,False,False,False,True,False
14,12,281.05,55,13,284.89,9.0,-1,287.69,5.0,14,288.91,7.0,15.0,293.19,46.0,16.2,298.87,6.0,17.0,301.28,20.0,17.2,303.26,4.0,18.0,305.08,70.0,19.0,309.11,60.0,20.2,314.84,4.0,-1.0,316.43,7.0,23.0,325.2,5.0,23.2,327.29,6.0,8.3,307.23758620689654,6.189655172413793,4.7215686274509805,309.68549019607843,5.901960784313726,9.057777777777778,315.7886666666667,6.133333333333334,11.286486486486487,315.82216216216216,6.513513513513513,3.771428571428572,320.53464285714284,6.642857142857143,12.416000000000002,329.7432,6.72,1.4857142857142858,335.1142857142857,5.857142857142857,5.626666666666667,335.81,6.733333333333333,3.1,338.62416666666667,6.75,10.266666666666667,339.2711111111111,6.0,-1.0,343.98375,5.75,8.64,341.178,5.8,-1.0,338.33000000000004,5.0,24.1,346.85,6.0,-1.0,351.15999999999997,6.5,-1.0,356.015,4.0,False,False,False,False,True,False,False,False,False,False,False,False,False,False,False,False
2,X,105.0,940,Y,110.93,432.0,,210.75846753246756,71.04545454545455,,216.6818641810919,87.4513981358189,11.362921348314606,219.41106741573032,77.95786516853933,12.028571428571428,222.8513210445469,66.27035330261137,12.041229656419528,226.86157323688968,52.7992766726944,12.037473233404711,230.39813704496785,41.95289079229122,10.877932960893855,238.12659217877098,30.310055865921786,10.177131782945736,246.79166666666666,17.75968992248062,11.51222222222222,258.64344444444447,11.255555555555556,8.044117647058824,272.95323529411763,6.6911764705882355,8.096153846153847,283.06673076923073,8.028846153846153,6.184810126582279,298.4777215189873,6.063291139240507,8.3,307.23758620689654,6.189655172413793,4.7215686274509805,309.68549019607843,5.901960784313726,9.057777777777778,315.7886666666667,6.133333333333334,11.286486486486487,315.82216216216216,6.513513513513513,3.771428571428572,320.53464285714284,6.642857142857143,12.416000000000002,329.7432,6.72,1.4857142857142858,335.1142857142857,5.857142857142857,5.626666666666667,335.81,6.733333333333333,3.1,338.62416666666667,6.75,10.266666666666667,339.2711111111111,6.0,-1.0,343.98375,5.75,8.64,341.178,5.8,-1.0,338.33000000000004,5.0,24.1,346.85,6.0,-1.0,351.15999999999997,6.5,-1.0,356.015,4.0,True,False,False,False,False,False,False,False,False,False,False,False,False,False,False,False
4,10,144.71,20,11,148.86,268.0,12,152.95,279.0,13,157.05,164.0,11.362921348314606,219.41106741573032,77.95786516853933,12.028571428571428,222.8513210445469,66.27035330261137,12.041229656419528,226.86157323688968,52.7992766726944,12.037473233404711,230.39813704496785,41.95289079229122,10.877932960893855,238.12659217877098,30.310055865921786,10.177131782945736,246.79166666666666,17.75968992248062,11.51222222222222,258.64344444444447,11.255555555555556,8.044117647058824,272.95323529411763,6.6911764705882355,8.096153846153847,283.06673076923073,8.028846153846153,6.184810126582279,298.4777215189873,6.063291139240507,8.3,307.23758620689654,6.189655172413793,4.7215686274509805,309.68549019607843,5.901960784313726,9.057777777777778,315.7886666666667,6.133333333333334,11.286486486486487,315.82216216216216,6.513513513513513,3.771428571428572,320.53464285714284,6.642857142857143,12.416000000000002,329.7432,6.72,1.4857142857142858,335.1142857142857,5.857142857142857,5.626666666666667,335.81,6.733333333333333,3.1,338.62416666666667,6.75,10.266666666666667,339.2711111111111,6.0,-1.0,343.98375,5.75,8.64,341.178,5.8,-1.0,338.33000000000004,5.0,24.1,346.85,6.0,-1.0,351.15999999999997,6.5,-1.0,356.015,4.0,False,False,False,False,False,False,False,False,False,True,False,False,False,False,False,False
23,18.2,218.6,6,20,225.07,37.0,21,229.11,103.0,22,233.17,30.0,26.0,249.74,20.0,27.0,253.57,42.0,28.0,257.55,43.0,29.2,263.65,5.0,-1.0,274.43,6.0,-1.0,288.47,6.0,-1.0,289.17,6.0,-1.0,298.34,7.0,-1.0,299.3,6.0,-1.0,313.37,8.0,43.2,320.64,6.0,-1.0,322.01,5.0,-1.0,329.47,7.0,-1.0,335.87,3.0,-1.0,341.09,5.0,49.2,344.47,5.0,-1.0,345.38,5.0,-1.0,353.96,7.0,-1.0,357.25,8.0,10.266666666666667,339.2711111111111,6.0,-1.0,343.98375,5.75,8.64,341.178,5.8,-1.0,338.33000000000004,5.0,24.1,346.85,6.0,-1.0,351.15999999999997,6.5,-1.0,356.015,4.0,False,False,False,False,False,False,False,False,False,False,False,False,True,False,False,False
8,11,133.72,81,12,137.81,117.0,13,142.05,165.0,14,146.15,236.0,15.0,150.36,56.0,-1.0,164.94,2.0,19.0,167.16,3.0,-1.0,168.32,3.0,10.877932960893855,238.12659217877098,30.310055865921786,10.177131782945736,246.79166666666666,17.75968992248062,11.51222222222222,258.64344444444447,11.255555555555556,8.044117647058824,272.95323529411763,6.6911764705882355,8.096153846153847,283.06673076923073,8.028846153846153,6.184810126582279,298.4777215189873,6.063291139240507,8.3,307.23758620689654,6.189655172413793,4.7215686274509805,309.68549019607843,5.901960784313726,9.057777777777778,315.7886666666667,6.133333333333334,11.286486486486487,315.82216216216216,6.513513513513513,3.771428571428572,320.53464285714284,6.642857142857143,12.416000000000002,329.7432,6.72,1.4857142857142858,335.1142857142857,5.857142857142857,5.626666666666667,335.81,6.733333333333333,3.1,338.62416666666667,6.75,10.266666666666667,339.2711111111111,6.0,-1.0,343.98375,5.75,8.64,341.178,5.8,-1.0,338.33000000000004,5.0,24.1,346.85,6.0,-1.0,351.15999999999997,6.5,-1.0,356.015,4.0,False,False,False,False,False,False,False,False,False,False,False,True,False,False,False,False
13,26,190.59,4,27,194.57,51.0,28,198.64,45.0,29,202.64,40.0,30.0,206.63,65.0,31.0,210.64,51.0,31.2,212.65,49.0,32.0,214.61,9.0,-1.0,216.17,2.0,34.0,222.81,6.0,35.0,226.82,30.0,36.2,233.4,2.0,-1.0,240.18,5.0,6.184810126582279,298.4777215189873,6.063291139240507,8.3,307.23758620689654,6.189655172413793,4.7215686274509805,309.68549019607843,5.901960784313726,9.057777777777778,315.7886666666667,6.133333333333334,11.286486486486487,315.82216216216216,6.513513513513513,3.771428571428572,320.53464285714284,6.642857142857143,12.416000000000002,329.7432,6.72,1.4857142857142858,335.1142857142857,5.857142857142857,5.626666666666667,335.81,6.733333333333333,3.1,338.62416666666667,6.75,10.266666666666667,339.2711111111111,6.0,-1.0,343.98375,5.75,8.64,341.178,5.8,-1.0,338.33000000000004,5.0,24.1,346.85,6.0,-1.0,351.15999999999997,6.5,-1.0,356.015,4.0,False,False,False,False,False,False,True,False,False,False,False,False,False,False,False,False
4,5,250.6,3,8,262.07,11.0,9,266.14,32.0,11,274.14,71.0,11.362921348314606,219.41106741573032,77.95786516853933,12.028571428571428,222.8513210445469,66.27035330261137,12.041229656419528,226.86157323688968,52.7992766726944,12.037473233404711,230.39813704496785,41.95289079229122,10.877932960893855,238.12659217877098,30.310055865921786,10.177131782945736,246.79166666666666,17.75968992248062,11.51222222222222,258.64344444444447,11.255555555555556,8.044117647058824,272.95323529411763,6.6911764705882355,8.096153846153847,283.06673076923073,8.028846153846153,6.184810126582279,298.4777215189873,6.063291139240507,8.3,307.23758620689654,6.189655172413793,4.7215686274509805,309.68549019607843,5.901960784313726,9.057777777777778,315.7886666666667,6.133333333333334,11.286486486486487,315.82216216216216,6.513513513513513,3.771428571428572,320.53464285714284,6.642857142857143,12.416000000000002,329.7432,6.72,1.4857142857142858,335.1142857142857,5.857142857142857,5.626666666666667,335.81,6.733333333333333,3.1,338.62416666666667,6.75,10.266666666666667,339.2711111111111,6.0,-1.0,343.98375,5.75,8.64,341.178,5.8,-1.0,338.33000000000004,5.0,24.1,346.85,6.0,-1.0,351.15999999999997,6.5,-1.0,356.015,4.0,False,False,False,False,False,False,False,False,False,False,True,False,False,False,False,False
7,-1,303.84,3,8,310.54,29.0,-1,315.31,3.0,-1,316.62,2.0,10.0,318.68,47.0,11.0,322.81,10.0,12.0,326.87,133.0,12.037473233404711,230.39813704496785,41.95289079229122,10.877932960893855,238.12659217877098,30.310055865921786,10.177131782945736,246.79166666666666,17.75968992248062,11.51222222222222,258.64344444444447,11.255555555555556,8.044117647058824,272.95323529411763,6.6911764705882355,8.096153846153847,283.06673076923073,8.028846153846153,6.184810126582279,298.4777215189873,6.063291139240507,8.3,307.23758620689654,6.189655172413793,4.7215686274509805,309.68549019607843,5.901960784313726,9.057777777777778,315.7886666666667,6.133333333333334,11.286486486486487,315.82216216216216,6.513513513513513,3.771428571428572,320.53464285714284,6.642857142857143,12.416000000000002,329.7432,6.72,1.4857142857142858,335.1142857142857,5.857142857142857,5.626666666666667,335.81,6.733333333333333,3.1,338.62416666666667,6.75,10.266666666666667,339.2711111111111,6.0,-1.0,343.98375,5.75,8.64,341.178,5.8,-1.0,338.33000000000004,5.0,24.1,346.85,6.0,-1.0,351.15999999999997,6.5,-1.0,356.015,4.0,False,True,False,False,False,False,False,False,False,False,False,False,False,False,False,False
6,-1,111.64,4,14,118.25,24.0,15,122.24,347.0,16,126.21,221.0,16.2,127.94,4.0,17.0,130.38,158.0,12.041229656419528,226.86157323688968,52.7992766726944,12.037473233404711,230.39813704496785,41.95289079229122,10.877932960893855,238.12659217877098,30.310055865921786,10.177131782945736,246.79166666666666,17.75968992248062,11.51222222222222,258.64344444444447,11.255555555555556,8.044117647058824,272.95323529411763,6.6911764705882355,8.096153846153847,283.06673076923073,8.028846153846153,6.184810126582279,298.4777215189873,6.063291139240507,8.3,307.23758620689654,6.189655172413793,4.7215686274509805,309.68549019607843,5.901960784313726,9.057777777777778,315.7886666666667,6.133333333333334,11.286486486486487,315.82216216216216,6.513513513513513,3.771428571428572,320.53464285714284,6.642857142857143,12.416000000000002,329.7432,6.72,1.4857142857142858,335.1142857142857,5.857142857142857,5.626666666666667,335.81,6.733333333333333,3.1,338.62416666666667,6.75,10.266666666666667,339.2711111111111,6.0,-1.0,343.98375,5.75,8.64,341.178,5.8,-1.0,338.33000000000004,5.0,24.1,346.85,6.0,-1.0,351.15999999999997,6.5,-1.0,356.015,4.0,False,False,False,False,False,False,False,False,True,False,False,False,False,False,False,False
10,5.3,167.66,4,6,168.48,7.0,7,172.62,242.0,8,176.59,180.0,9.0,180.76,132.0,9.3,183.81,122.0,10.0,185.25,6.0,-1.0,186.1,5.0,-1.0,195.84,4.0,-1.0,196.44,3.0,11.51222222222222,258.64344444444447,11.255555555555556,8.044117647058824,272.95323529411763,6.6911764705882355,8.096153846153847,283.06673076923073,8.028846153846153,6.184810126582279,298.4777215189873,6.063291139240507,8.3,307.23758620689654,6.189655172413793,4.7215686274509805,309.68549019607843,5.901960784313726,9.057777777777778,315.7886666666667,6.133333333333334,11.286486486486487,315.82216216216216,6.513513513513513,3.771428571428572,320.53464285714284,6.642857142857143,12.416000000000002,329.7432,6.72,1.4857142857142858,335.1142857142857,5.857142857142857,5.626666666666667,335.81,6.733333333333333,3.1,338.62416666666667,6.75,10.266666666666667,339.2711111111111,6.0,-1.0,343.98375,5.75,8.64,341.178,5.8,-1.0,338.33000000000004,5.0,24.1,346.85,6.0,-1.0,351.15999999999997,6.5,-1.0,356.015,4.0,False,False,False,False,False,False,False,False,False,False,False,False,False,True,False,False
5,-1,212.9,4,11,227.24,57.0,12,231.26,194.0,13,235.28,48.0,-1.0,244.26,5.0,12.028571428571428,222.8513210445469,66.27035330261137,12.041229656419528,226.86157323688968,52.7992766726944,12.037473233404711,230.39813704496785,41.95289079229122,10.877932960893855,238.12659217877098,30.310055865921786,10.177131782945736,246.79166666666666,17.75968992248062,11.51222222222222,258.64344444444447,11.255555555555556,8.044117647058824,272.95323529411763,6.6911764705882355,8.096153846153847,283.06673076923073,8.028846153846153,6.184810126582279,298.4777215189873,6.063291139240507,8.3,307.23758620689654,6.189655172413793,4.7215686274509805,309.68549019607843,5.901960784313726,9.057777777777778,315.7886666666667,6.133333333333334,11.286486486486487,315.82216216216216,6.513513513513513,3.771428571428572,320.53464285714284,6.642857142857143,12.416000000000002,329.7432,6.72,1.4857142857142858,335.1142857142857,5.857142857142857,5.626666666666667,335.81,6.733333333333333,3.1,338.62416666666667,6.75,10.266666666666667,339.2711111111111,6.0,-1.0,343.98375,5.75,8.64,341.178,5.8,-1.0,338.33000000000004,5.0,24.1,346.85,6.0,-1.0,351.15999999999997,6.5,-1.0,356.015,4.0,False,False,True,False,False,False,False,False,False,False,False,False,False,False,False,False
8,-1,257.05,4,-1,264.75,5.0,9,267.35,48.0,10,271.26,50.0,-1.0,273.44,4.0,11.0,275.27,31.0,12.0,279.39,13.0,13.0,283.13,35.0,10.877932960893855,238.12659217877098,30.310055865921786,10.177131782945736,246.79166666666666,17.75968992248062,11.51222222222222,258.64344444444447,11.255555555555556,8.044117647058824,272.95323529411763,6.6911764705882355,8.096153846153847,283.06673076923073,8.028846153846153,6.184810126582279,298.4777215189873,6.063291139240507,8.3,307.23758620689654,6.189655172413793,4.7215686274509805,309.68549019607843,5.901960784313726,9.057777777777778,315.7886666666667,6.133333333333334,11.286486486486487,315.82216216216216,6.513513513513513,3.771428571428572,320.53464285714284,6.642857142857143,12.416000000000002,329.7432,6.72,1.4857142857142858,335.1142857142857,5.857142857142857,5.626666666666667,335.81,6.733333333333333,3.1,338.62416666666667,6.75,10.266666666666667,339.2711111111111,6.0,-1.0,343.98375,5.75,8.64,341.178,5.8,-1.0,338.33000000000004,5.0,24.1,346.85,6.0,-1.0,351.15999999999997,6.5,-1.0,356.015,4.0,False,False,False,True,False,False,False,False,False,False,False,False,False,False,False,False
15,14,300.59,6,-1,310.98,3.0,-1,319.25,3.0,19,321.09,31.0,20.0,325.07,48.0,21.0,329.3,6.0,22.0,333.06,37.0,-1.0,335.29,3.0,23.0,337.07,32.0,25.0,345.11,10.0,-1.0,351.14,4.0,-1.0,352.05,4.0,-1.0,354.7,4.0,-1.0,358.63,4.0,-1.0,365.57,5.0,4.7215686274509805,309.68549019607843,5.901960784313726,9.057777777777778,315.7886666666667,6.133333333333334,11.286486486486487,315.82216216216216,6.513513513513513,3.771428571428572,320.53464285714284,6.642857142857143,12.416000000000002,329.7432,6.72,1.4857142857142858,335.1142857142857,5.857142857142857,5.626666666666667,335.81,6.733333333333333,3.1,338.62416666666667,6.75,10.266666666666667,339.2711111111111,6.0,-1.0,343.98375,5.75,8.64,341.178,5.8,-1.0,338.33000000000004,5.0,24.1,346.85,6.0,-1.0,351.15999999999997,6.5,-1.0,356.015,4.0,False,False,False,False,False,False,False,True,False,False,False,False,False,False,False,False
9,11,108.1,75,12,112.04,11.0,12.2,114.3,10.0,13,116.2,158.0,13.2,118.18,89.0,14.0,120.08,157.0,14.2,122.08,66.0,15.2,125.98,14.0,16.2,129.99,90.0,10.177131782945736,246.79166666666666,17.75968992248062,11.51222222222222,258.64344444444447,11.255555555555556,8.044117647058824,272.95323529411763,6.6911764705882355,8.096153846153847,283.06673076923073,8.028846153846153,6.184810126582279,298.4777215189873,6.063291139240507,8.3,307.23758620689654,6.189655172413793,4.7215686274509805,309.68549019607843,5.901960784313726,9.057777777777778,315.7886666666667,6.133333333333334,11.286486486486487,315.82216216216216,6.513513513513513,3.771428571428572,320.53464285714284,6.642857142857143,12.416000000000002,329.7432,6.72,1.4857142857142858,335.1142857142857,5.857142857142857,5.626666666666667,335.81,6.733333333333333,3.1,338.62416666666667,6.75,10.266666666666667,339.2711111111111,6.0,-1.0,343.98375,5.75,8.64,341.178,5.8,-1.0,338.33000000000004,5.0,24.1,346.85,6.0,-1.0,351.15999999999997,6.5,-1.0,356.015,4.0,False,False,False,False,False,True,False,False,False,False,False,False,False,False,False,False
11,-1,153.51,7,13,160.0,41.0,15,168.07,41.0,16,172.2,65.0,17.0,176.18,158.0,18.0,180.25,47.0,-1.0,181.27,10.0,19.0,184.32,26.0,-1.0,186.86,4.0,24.0,205.3,4.0,25.0,208.54,6.0,8.044117647058824,272.95323529411763,6.6911764705882355,8.096153846153847,283.06673076923073,8.028846153846153,6.184810126582279,298.4777215189873,6.063291139240507,8.3,307.23758620689654,6.189655172413793,4.7215686274509805,309.68549019607843,5.901960784313726,9.057777777777778,315.7886666666667,6.133333333333334,11.286486486486487,315.82216216216216,6.513513513513513,3.771428571428572,320.53464285714284,6.642857142857143,12.416000000000002,329.7432,6.72,1.4857142857142858,335.1142857142857,5.857142857142857,5.626666666666667,335.81,6.733333333333333,3.1,338.62416666666667,6.75,10.266666666666667,339.2711111111111,6.0,-1.0,343.98375,5.75,8.64,341.178,5.8,-1.0,338.33000000000004,5.0,24.1,346.85,6.0,-1.0,351.15999999999997,6.5,-1.0,356.015,4.0,False,False,False,False,False,False,False,False,False,False,False,False,False,False,False,True
8,5,216.52,7,-1,218.34,6.0,8,228.78,256.0,10,236.82,46.0,11.0,240.8,46.0,12.0,244.88,36.0,13.0,248.59,5.0,-1.0,251.19,5.0,10.877932960893855,238.12659217877098,30.310055865921786,10.177131782945736,246.79166666666666,17.75968992248062,11.51222222222222,258.64344444444447,11.255555555555556,8.044117647058824,272.95323529411763,6.6911764705882355,8.096153846153847,283.06673076923073,8.028846153846153,6.184810126582279,298.4777215189873,6.063291139240507,8.3,307.23758620689654,6.189655172413793,4.7215686274509805,309.68549019607843,5.901960784313726,9.057777777777778,315.7886666666667,6.133333333333334,11.286486486486487,315.82216216216216,6.513513513513513,3.771428571428572,320.53464285714284,6.642857142857143,12.416000000000002,329.7432,6.72,1.4857142857142858,335.1142857142857,5.857142857142857,5.626666666666667,335.81,6.733333333333333,3.1,338.62416666666667,6.75,10.266666666666667,339.2711111111111,6.0,-1.0,343.98375,5.75,8.64,341.178,5.8,-1.0,338.33000000000004,5.0,24.1,346.85,6.0,-1.0,351.15999999999997,6.5,-1.0,356.015,4.0,False,False,False,False,False,False,False,False,False,False,False,False,False,False,True,False
12,-1,272.22,6,12,281.04,11.0,13,285.13,17.0,14,288.87,4.0,15.0,293.13,13.0,17.0,301.1,23.0,18.0,304.96,23.0,19.0,309.05,22.0,-1.0,320.82,5.0,-1.0,342.74,10.0,-1.0,344.65,7.0,-1.0,346.48,6.0,8.096153846153847,283.06673076923073,8.028846153846153,6.184810126582279,298.4777215189873,6.063291139240507,8.3,307.23758620689654,6.189655172413793,4.7215686274509805,309.68549019607843,5.901960784313726,9.057777777777778,315.7886666666667,6.133333333333334,11.286486486486487,315.82216216216216,6.513513513513513,3.771428571428572,320.53464285714284,6.642857142857143,12.416000000000002,329.7432,6.72,1.4857142857142858,335.1142857142857,5.857142857142857,5.626666666666667,335.81,6.733333333333333,3.1,338.62416666666667,6.75,10.266666666666667,339.2711111111111,6.0,-1.0,343.98375,5.75,8.64,341.178,5.8,-1.0,338.33000000000004,5.0,24.1,346.85,6.0,-1.0,351.15999999999997,6.5,-1.0,356.015,4.0,False,False,False,False,True,False,False,False,False,False,False,False,False,False,False,False
2,X,104.93,473,Y,110.86,248.0,,210.75846753246756,71.04545454545455,,216.6818641810919,87.4513981358189,11.362921348314606,219.41106741573032,77.95786516853933,12.028571428571428,222.8513210445469,66.27035330261137,12.041229656419528,226.86157323688968,52.7992766726944,12.037473233404711,230.39813704496785,41.95289079229122,10.877932960893855,238.12659217877098,30.310055865921786,10.177131782945736,246.79166666666666,17.75968992248062,11.51222222222222,258.64344444444447,11.255555555555556,8.044117647058824,272.95323529411763,6.6911764705882355,8.096153846153847,283.06673076923073,8.028846153846153,6.184810126582279,298.4777215189873,6.063291139240507,8.3,307.23758620689654,6.189655172413793,4.7215686274509805,309.68549019607843,5.901960784313726,9.057777777777778,315.7886666666667,6.133333333333334,11.286486486486487,315.82216216216216,6.513513513513513,3.771428571428572,320.53464285714284,6.642857142857143,12.416000000000002,329.7432,6.72,1.4857142857142858,335.1142857142857,5.857142857142857,5.626666666666667,335.81,6.733333333333333,3.1,338.62416666666667,6.75,10.266666666666667,339.2711111111111,6.0,-1.0,343.98375,5.75,8.64,341.178,5.8,-1.0,338.33000000000004,5.0,24.1,346.85,6.0,-1.0,351.15999999999997,6.5,-1.0,356.015,4.0,True,False,False,False,False,False,False,False,False,False,False,False,False,False,False,False
9,-1,134.36,7,-1,135.32,6.0,8,136.69,6.0,11,148.87,191.0,12.0,153.01,112.0,13.0,157.08,135.0,-1.0,167.08,6.0,16.0,169.31,5.0,-1.0,170.22,9.0,10.177131782945736,246.79166666666666,17.75968992248062,11.51222222222222,258.64344444444447,11.255555555555556,8.044117647058824,272.95323529411763,6.6911764705882355,8.096153846153847,283.06673076923073,8.028846153846153,6.184810126582279,298.4777215189873,6.063291139240507,8.3,307.23758620689654,6.189655172413793,4.7215686274509805,309.68549019607843,5.901960784313726,9.057777777777778,315.7886666666667,6.133333333333334,11.286486486486487,315.82216216216216,6.513513513513513,3.771428571428572,320.53464285714284,6.642857142857143,12.416000000000002,329.7432,6.72,1.4857142857142858,335.1142857142857,5.857142857142857,5.626666666666667,335.81,6.733333333333333,3.1,338.62416666666667,6.75,10.266666666666667,339.2711111111111,6.0,-1.0,343.98375,5.75,8.64,341.178,5.8,-1.0,338.33000000000004,5.0,24.1,346.85,6.0,-1.0,351.15999999999997,6.5,-1.0,356.015,4.0,False,False,False,False,False,False,False,False,False,True,False,False,False,False,False,False
23,-1,213.75,6,19,220.68,6.0,20,225.19,14.0,21,229.12,69.0,-1.0,234.51,11.0,23.0,237.08,4.0,-1.0,242.66,8.0,-1.0,248.15,8.0,26.0,249.65,33.0,-1.0,250.85,3.0,27.0,253.66,38.0,27.2,255.86,5.0,28.0,257.72,34.0,-1.0,281.3,3.0,-1.0,282.35,6.0,-1.0,295.04,5.0,-1.0,308.35,7.0,-1.0,311.51,6.0,-1.0,318.68,6.0,-1.0,321.81,8.0,-1.0,327.86,6.0,48.2,340.91,4.0,-1.0,350.68,9.0,10.266666666666667,339.2711111111111,6.0,-1.0,343.98375,5.75,8.64,341.178,5.8,-1.0,338.33000000000004,5.0,24.1,346.85,6.0,-1.0,351.15999999999997,6.5,-1.0,356.015,4.0,False,False,False,False,False,False,False,False,False,False,False,False,True,False,False,False
10,-1,114.0,3,11,133.46,269.0,12,137.49,150.0,13,141.72,237.0,14.0,145.93,501.0,15.0,150.07,100.0,-1.0,160.54,2.0,-1.0,161.36,2.0,18.0,162.72,2.0,19.0,167.0,3.0,11.51222222222222,258.64344444444447,11.255555555555556,8.044117647058824,272.95323529411763,6.6911764705882355,8.096153846153847,283.06673076923073,8.028846153846153,6.184810126582279,298.4777215189873,6.063291139240507,8.3,307.23758620689654,6.189655172413793,4.7215686274509805,309.68549019607843,5.901960784313726,9.057777777777778,315.7886666666667,6.133333333333334,11.286486486486487,315.82216216216216,6.513513513513513,3.771428571428572,320.53464285714284,6.642857142857143,12.416000000000002,329.7432,6.72,1.4857142857142858,335.1142857142857,5.857142857142857,5.626666666666667,335.81,6.733333333333333,3.1,338.62416666666667,6.75,10.266666666666667,339.2711111111111,6.0,-1.0,343.98375,5.75,8.64,341.178,5.8,-1.0,338.33000000000004,5.0,24.1,346.85,6.0,-1.0,351.15999999999997,6.5,-1.0,356.015,4.0,False,False,False,False,False,False,False,False,False,False,False,True,False,False,False,False
14,25,186.6,3,26,190.28,14.0,27,194.38,288.0,28,198.4,75.0,29.0,202.37,248.0,29.2,204.06,4.0,30.0,206.44,274.0,31.0,210.39,135.0,31.2,212.43,61.0,-1.0,213.93,3.0,32.0,214.63,1.0,34.0,222.62,13.0,35.0,226.62,114.0,-1.0,241.43,2.0,8.3,307.23758620689654,6.189655172413793,4.7215686274509805,309.68549019607843,5.901960784313726,9.057777777777778,315.7886666666667,6.133333333333334,11.286486486486487,315.82216216216216,6.513513513513513,3.771428571428572,320.53464285714284,6.642857142857143,12.416000000000002,329.7432,6.72,1.4857142857142858,335.1142857142857,5.857142857142857,5.626666666666667,335.81,6.733333333333333,3.1,338.62416666666667,6.75,10.266666666666667,339.2711111111111,6.0,-1.0,343.98375,5.75,8.64,341.178,5.8,-1.0,338.33000000000004,5.0,24.1,346.85,6.0,-1.0,351.15999999999997,6.5,-1.0,356.015,4.0,False,False,False,False,False,False,True,False,False,False,False,False,False,False,False,False
4,-1,247.03,3,8,261.88,124.0,9,265.85,209.0,11,273.89,498.0,11.362921348314606,219.41106741573032,77.95786516853933,12.028571428571428,222.8513210445469,66.27035330261137,12.041229656419528,226.86157323688968,52.7992766726944,12.037473233404711,230.39813704496785,41.95289079229122,10.877932960893855,238.12659217877098,30.310055865921786,10.177131782945736,246.79166666666666,17.75968992248062,11.51222222222222,258.64344444444447,11.255555555555556,8.044117647058824,272.95323529411763,6.6911764705882355,8.096153846153847,283.06673076923073,8.028846153846153,6.184810126582279,298.4777215189873,6.063291139240507,8.3,307.23758620689654,6.189655172413793,4.7215686274509805,309.68549019607843,5.901960784313726,9.057777777777778,315.7886666666667,6.133333333333334,11.286486486486487,315.82216216216216,6.513513513513513,3.771428571428572,320.53464285714284,6.642857142857143,12.416000000000002,329.7432,6.72,1.4857142857142858,335.1142857142857,5.857142857142857,5.626666666666667,335.81,6.733333333333333,3.1,338.62416666666667,6.75,10.266666666666667,339.2711111111111,6.0,-1.0,343.98375,5.75,8.64,341.178,5.8,-1.0,338.33000000000004,5.0,24.1,346.85,6.0,-1.0,351.15999999999997,6.5,-1.0,356.015,4.0,False,False,False,False,False,False,False,False,False,False,True,False,False,False,False,False
8,5,298.96,2,-1,300.0,4.0,8,310.32,103.0,9,314.3,16.0,10.0,318.57,266.0,11.0,322.69,46.0,12.0,326.67,763.0,13.0,330.64,6.0,10.877932960893855,238.12659217877098,30.310055865921786,10.177131782945736,246.79166666666666,17.75968992248062,11.51222222222222,258.64344444444447,11.255555555555556,8.044117647058824,272.95323529411763,6.6911764705882355,8.096153846153847,283.06673076923073,8.028846153846153,6.184810126582279,298.4777215189873,6.063291139240507,8.3,307.23758620689654,6.189655172413793,4.7215686274509805,309.68549019607843,5.901960784313726,9.057777777777778,315.7886666666667,6.133333333333334,11.286486486486487,315.82216216216216,6.513513513513513,3.771428571428572,320.53464285714284,6.642857142857143,12.416000000000002,329.7432,6.72,1.4857142857142858,335.1142857142857,5.857142857142857,5.626666666666667,335.81,6.733333333333333,3.1,338.62416666666667,6.75,10.266666666666667,339.2711111111111,6.0,-1.0,343.98375,5.75,8.64,341.178,5.8,-1.0,338.33000000000004,5.0,24.1,346.85,6.0,-1.0,351.15999999999997,6.5,-1.0,356.015,4.0,False,True,False,False,False,False,False,False,False,False,False,False,False,False,False,False
6,-1,105.49,15,14,118.13,47.0,15,122.09,593.0,16,126.15,476.0,17.0,130.26,311.0,-1.0,144.0,5.0,12.041229656419528,226.86157323688968,52.7992766726944,12.037473233404711,230.39813704496785,41.95289079229122,10.877932960893855,238.12659217877098,30.310055865921786,10.177131782945736,246.79166666666666,17.75968992248062,11.51222222222222,258.64344444444447,11.255555555555556,8.044117647058824,272.95323529411763,6.6911764705882355,8.096153846153847,283.06673076923073,8.028846153846153,6.184810126582279,298.4777215189873,6.063291139240507,8.3,307.23758620689654,6.189655172413793,4.7215686274509805,309.68549019607843,5.901960784313726,9.057777777777778,315.7886666666667,6.133333333333334,11.286486486486487,315.82216216216216,6.513513513513513,3.771428571428572,320.53464285714284,6.642857142857143,12.416000000000002,329.7432,6.72,1.4857142857142858,335.1142857142857,5.857142857142857,5.626666666666667,335.81,6.733333333333333,3.1,338.62416666666667,6.75,10.266666666666667,339.2711111111111,6.0,-1.0,343.98375,5.75,8.64,341.178,5.8,-1.0,338.33000000000004,5.0,24.1,346.85,6.0,-1.0,351.15999999999997,6.5,-1.0,356.015,4.0,False,False,False,False,False,False,False,False,True,False,False,False,False,False,False,False
9,-1,161.02,3,-1,166.32,2.0,6,168.3,10.0,7,172.38,477.0,8.0,176.39,836.0,9.0,180.42,306.0,9.3,183.61,704.0,12.0,193.27,1.0,13.3,199.79,4.0,10.177131782945736,246.79166666666666,17.75968992248062,11.51222222222222,258.64344444444447,11.255555555555556,8.044117647058824,272.95323529411763,6.6911764705882355,8.096153846153847,283.06673076923073,8.028846153846153,6.184810126582279,298.4777215189873,6.063291139240507,8.3,307.23758620689654,6.189655172413793,4.7215686274509805,309.68549019607843,5.901960784313726,9.057777777777778,315.7886666666667,6.133333333333334,11.286486486486487,315.82216216216216,6.513513513513513,3.771428571428572,320.53464285714284,6.642857142857143,12.416000000000002,329.7432,6.72,1.4857142857142858,335.1142857142857,5.857142857142857,5.626666666666667,335.81,6.733333333333333,3.1,338.62416666666667,6.75,10.266666666666667,339.2711111111111,6.0,-1.0,343.98375,5.75,8.64,341.178,5.8,-1.0,338.33000000000004,5.0,24.1,346.85,6.0,-1.0,351.15999999999997,6.5,-1.0,356.015,4.0,False,False,False,False,False,False,False,False,False,False,False,False,False,True,False,False
5,-1,217.9,1,10,223.1,12.0,11,227.17,353.0,12,231.19,1120.0,13.0,235.21,496.0,12.028571428571428,222.8513210445469,66.27035330261137,12.041229656419528,226.86157323688968,52.7992766726944,12.037473233404711,230.39813704496785,41.95289079229122,10.877932960893855,238.12659217877098,30.310055865921786,10.177131782945736,246.79166666666666,17.75968992248062,11.51222222222222,258.64344444444447,11.255555555555556,8.044117647058824,272.95323529411763,6.6911764705882355,8.096153846153847,283.06673076923073,8.028846153846153,6.184810126582279,298.4777215189873,6.063291139240507,8.3,307.23758620689654,6.189655172413793,4.7215686274509805,309.68549019607843,5.901960784313726,9.057777777777778,315.7886666666667,6.133333333333334,11.286486486486487,315.82216216216216,6.513513513513513,3.771428571428572,320.53464285714284,6.642857142857143,12.416000000000002,329.7432,6.72,1.4857142857142858,335.1142857142857,5.857142857142857,5.626666666666667,335.81,6.733333333333333,3.1,338.62416666666667,6.75,10.266666666666667,339.2711111111111,6.0,-1.0,343.98375,5.75,8.64,341.178,5.8,-1.0,338.33000000000004,5.0,24.1,346.85,6.0,-1.0,351.15999999999997,6.5,-1.0,356.015,4.0,False,False,True,False,False,False,False,False,False,False,False,False,False,False,False,False
8,8,263.13,22,9,267.17,476.0,10,271.09,612.0,11,275.15,222.0,12.0,279.16,339.0,13.0,283.05,175.0,-1.0,288.38,6.0,16.0,294.89,4.0,10.877932960893855,238.12659217877098,30.310055865921786,10.177131782945736,246.79166666666666,17.75968992248062,11.51222222222222,258.64344444444447,11.255555555555556,8.044117647058824,272.95323529411763,6.6911764705882355,8.096153846153847,283.06673076923073,8.028846153846153,6.184810126582279,298.4777215189873,6.063291139240507,8.3,307.23758620689654,6.189655172413793,4.7215686274509805,309.68549019607843,5.901960784313726,9.057777777777778,315.7886666666667,6.133333333333334,11.286486486486487,315.82216216216216,6.513513513513513,3.771428571428572,320.53464285714284,6.642857142857143,12.416000000000002,329.7432,6.72,1.4857142857142858,335.1142857142857,5.857142857142857,5.626666666666667,335.81,6.733333333333333,3.1,338.62416666666667,6.75,10.266666666666667,339.2711111111111,6.0,-1.0,343.98375,5.75,8.64,341.178,5.8,-1.0,338.33000000000004,5.0,24.1,346.85,6.0,-1.0,351.15999999999997,6.5,-1.0,356.015,4.0,False,False,False,True,False,False,False,False,False,False,False,False,False,False,False,False
13,18,316.54,31,19,320.8,438.0,20,324.87,247.0,21,328.91,55.0,22.0,332.93,571.0,23.0,336.94,256.0,24.0,340.87,14.0,25.0,344.88,188.0,-1.0,347.58,2.0,-1.0,350.06,3.0,-1.0,353.93,3.0,-1.0,355.32,2.0,-1.0,362.24,2.0,6.184810126582279,298.4777215189873,6.063291139240507,8.3,307.23758620689654,6.189655172413793,4.7215686274509805,309.68549019607843,5.901960784313726,9.057777777777778,315.7886666666667,6.133333333333334,11.286486486486487,315.82216216216216,6.513513513513513,3.771428571428572,320.53464285714284,6.642857142857143,12.416000000000002,329.7432,6.72,1.4857142857142858,335.1142857142857,5.857142857142857,5.626666666666667,335.81,6.733333333333333,3.1,338.62416666666667,6.75,10.266666666666667,339.2711111111111,6.0,-1.0,343.98375,5.75,8.64,341.178,5.8,-1.0,338.33000000000004,5.0,24.1,346.85,6.0,-1.0,351.15999999999997,6.5,-1.0,356.015,4.0,False,False,False,False,False,False,False,True,False,False,False,False,False,False,False,False
8,11,107.93,111,12,112.05,21.0,12.2,114.19,22.0,13,116.01,238.0,13.2,118.01,239.0,14.0,119.94,407.0,14.2,121.89,169.0,16.2,129.79,164.0,10.877932960893855,238.12659217877098,30.310055865921786,10.177131782945736,246.79166666666666,17.75968992248062,11.51222222222222,258.64344444444447,11.255555555555556,8.044117647058824,272.95323529411763,6.6911764705882355,8.096153846153847,283.06673076923073,8.028846153846153,6.184810126582279,298.4777215189873,6.063291139240507,8.3,307.23758620689654,6.189655172413793,4.7215686274509805,309.68549019607843,5.901960784313726,9.057777777777778,315.7886666666667,6.133333333333334,11.286486486486487,315.82216216216216,6.513513513513513,3.771428571428572,320.53464285714284,6.642857142857143,12.416000000000002,329.7432,6.72,1.4857142857142858,335.1142857142857,5.857142857142857,5.626666666666667,335.81,6.733333333333333,3.1,338.62416666666667,6.75,10.266666666666667,339.2711111111111,6.0,-1.0,343.98375,5.75,8.64,341.178,5.8,-1.0,338.33000000000004,5.0,24.1,346.85,6.0,-1.0,351.15999999999997,6.5,-1.0,356.015,4.0,False,False,False,False,False,True,False,False,False,False,False,False,False,False,False,False
11,10,147.65,5,13,159.86,166.0,14,163.94,14.0,15,168.02,141.0,16.0,172.1,253.0,17.0,176.05,554.0,-1.0,177.69,3.0,18.0,180.07,208.0,19.0,184.24,139.0,20.0,188.62,6.0,-1.0,189.52,4.0,8.044117647058824,272.95323529411763,6.6911764705882355,8.096153846153847,283.06673076923073,8.028846153846153,6.184810126582279,298.4777215189873,6.063291139240507,8.3,307.23758620689654,6.189655172413793,4.7215686274509805,309.68549019607843,5.901960784313726,9.057777777777778,315.7886666666667,6.133333333333334,11.286486486486487,315.82216216216216,6.513513513513513,3.771428571428572,320.53464285714284,6.642857142857143,12.416000000000002,329.7432,6.72,1.4857142857142858,335.1142857142857,5.857142857142857,5.626666666666667,335.81,6.733333333333333,3.1,338.62416666666667,6.75,10.266666666666667,339.2711111111111,6.0,-1.0,343.98375,5.75,8.64,341.178,5.8,-1.0,338.33000000000004,5.0,24.1,346.85,6.0,-1.0,351.15999999999997,6.5,-1.0,356.015,4.0,False,False,False,False,False,False,False,False,False,False,False,False,False,False,False,True
8,-1,217.41,6,7,224.48,16.0,8,228.56,865.0,-1,232.02,17.0,9.0,232.78,20.0,10.0,236.53,229.0,11.0,240.57,165.0,12.0,244.7,71.0,10.877932960893855,238.12659217877098,30.310055865921786,10.177131782945736,246.79166666666666,17.75968992248062,11.51222222222222,258.64344444444447,11.255555555555556,8.044117647058824,272.95323529411763,6.6911764705882355,8.096153846153847,283.06673076923073,8.028846153846153,6.184810126582279,298.4777215189873,6.063291139240507,8.3,307.23758620689654,6.189655172413793,4.7215686274509805,309.68549019607843,5.901960784313726,9.057777777777778,315.7886666666667,6.133333333333334,11.286486486486487,315.82216216216216,6.513513513513513,3.771428571428572,320.53464285714284,6.642857142857143,12.416000000000002,329.7432,6.72,1.4857142857142858,335.1142857142857,5.857142857142857,5.626666666666667,335.81,6.733333333333333,3.1,338.62416666666667,6.75,10.266666666666667,339.2711111111111,6.0,-1.0,343.98375,5.75,8.64,341.178,5.8,-1.0,338.33000000000004,5.0,24.1,346.85,6.0,-1.0,351.15999999999997,6.5,-1.0,356.015,4.0,False,False,False,False,False,False,False,False,False,False,False,False,False,False,True,False
15,10,272.56,9,12,280.83,84.0,13,284.85,215.0,15,292.88,67.0,16.0,296.89,17.0,-1.0,297.86,6.0,17.0,300.88,193.0,18.0,304.76,424.0,19.0,308.78,324.0,20.0,312.72,7.0,-1.0,328.26,5.0,24.0,329.2,4.0,-1.0,331.79,3.0,-1.0,334.58,9.0,-1.0,335.58,6.0,4.7215686274509805,309.68549019607843,5.901960784313726,9.057777777777778,315.7886666666667,6.133333333333334,11.286486486486487,315.82216216216216,6.513513513513513,3.771428571428572,320.53464285714284,6.642857142857143,12.416000000000002,329.7432,6.72,1.4857142857142858,335.1142857142857,5.857142857142857,5.626666666666667,335.81,6.733333333333333,3.1,338.62416666666667,6.75,10.266666666666667,339.2711111111111,6.0,-1.0,343.98375,5.75,8.64,341.178,5.8,-1.0,338.33000000000004,5.0,24.1,346.85,6.0,-1.0,351.15999999999997,6.5,-1.0,356.015,4.0,False,False,False,False,True,False,False,False,False,False,False,False,False,False,False,False
2,X,104.87,884,Y,110.84,372.0,,210.75846753246756,71.04545454545455,,216.6818641810919,87.4513981358189,11.362921348314606,219.41106741573032,77.95786516853933,12.028571428571428,222.8513210445469,66.27035330261137,12.041229656419528,226.86157323688968,52.7992766726944,12.037473233404711,230.39813704496785,41.95289079229122,10.877932960893855,238.12659217877098,30.310055865921786,10.177131782945736,246.79166666666666,17.75968992248062,11.51222222222222,258.64344444444447,11.255555555555556,8.044117647058824,272.95323529411763,6.6911764705882355,8.096153846153847,283.06673076923073,8.028846153846153,6.184810126582279,298.4777215189873,6.063291139240507,8.3,307.23758620689654,6.189655172413793,4.7215686274509805,309.68549019607843,5.901960784313726,9.057777777777778,315.7886666666667,6.133333333333334,11.286486486486487,315.82216216216216,6.513513513513513,3.771428571428572,320.53464285714284,6.642857142857143,12.416000000000002,329.7432,6.72,1.4857142857142858,335.1142857142857,5.857142857142857,5.626666666666667,335.81,6.733333333333333,3.1,338.62416666666667,6.75,10.266666666666667,339.2711111111111,6.0,-1.0,343.98375,5.75,8.64,341.178,5.8,-1.0,338.33000000000004,5.0,24.1,346.85,6.0,-1.0,351.15999999999997,6.5,-1.0,356.015,4.0,True,False,False,False,False,False,False,False,False,False,False,False,False,False,False,False
8,10,144.62,29,11,148.76,415.0,-1,151.04,3.0,12,152.91,316.0,-1.0,155.13,7.0,13.0,157.01,241.0,14.0,161.02,10.0,-1.0,166.93,3.0,10.877932960893855,238.12659217877098,30.310055865921786,10.177131782945736,246.79166666666666,17.75968992248062,11.51222222222222,258.64344444444447,11.255555555555556,8.044117647058824,272.95323529411763,6.6911764705882355,8.096153846153847,283.06673076923073,8.028846153846153,6.184810126582279,298.4777215189873,6.063291139240507,8.3,307.23758620689654,6.189655172413793,4.7215686274509805,309.68549019607843,5.901960784313726,9.057777777777778,315.7886666666667,6.133333333333334,11.286486486486487,315.82216216216216,6.513513513513513,3.771428571428572,320.53464285714284,6.642857142857143,12.416000000000002,329.7432,6.72,1.4857142857142858,335.1142857142857,5.857142857142857,5.626666666666667,335.81,6.733333333333333,3.1,338.62416666666667,6.75,10.266666666666667,339.2711111111111,6.0,-1.0,343.98375,5.75,8.64,341.178,5.8,-1.0,338.33000000000004,5.0,24.1,346.85,6.0,-1.0,351.15999999999997,6.5,-1.0,356.015,4.0,False,False,False,False,False,False,False,False,False,True,False,False,False,False,False,False
14,20,224.96,231,21,228.97,335.0,22,233.13,185.0,-1,242.57,8.0,26.0,249.51,76.0,27.0,253.48,134.0,-1.0,254.91,2.0,28.0,257.56,255.0,-1.0,260.35,3.0,-1.0,285.68,6.0,-1.0,317.59,6.0,-1.0,335.3,6.0,-1.0,342.19,8.0,-1.0,347.51,5.0,8.3,307.23758620689654,6.189655172413793,4.7215686274509805,309.68549019607843,5.901960784313726,9.057777777777778,315.7886666666667,6.133333333333334,11.286486486486487,315.82216216216216,6.513513513513513,3.771428571428572,320.53464285714284,6.642857142857143,12.416000000000002,329.7432,6.72,1.4857142857142858,335.1142857142857,5.857142857142857,5.626666666666667,335.81,6.733333333333333,3.1,338.62416666666667,6.75,10.266666666666667,339.2711111111111,6.0,-1.0,343.98375,5.75,8.64,341.178,5.8,-1.0,338.33000000000004,5.0,24.1,346.85,6.0,-1.0,351.15999999999997,6.5,-1.0,356.015,4.0,False,False,False,False,False,False,False,False,False,False,False,False,True,False,False,False
9,-1,111.93,3,-1,124.86,3.0,10,129.55,4.0,11,133.48,76.0,12.0,137.51,100.0,13.0,141.68,144.0,14.0,145.97,202.0,15.0,150.04,55.0,-1.0,157.6,5.0,10.177131782945736,246.79166666666666,17.75968992248062,11.51222222222222,258.64344444444447,11.255555555555556,8.044117647058824,272.95323529411763,6.6911764705882355,8.096153846153847,283.06673076923073,8.028846153846153,6.184810126582279,298.4777215189873,6.063291139240507,8.3,307.23758620689654,6.189655172413793,4.7215686274509805,309.68549019607843,5.901960784313726,9.057777777777778,315.7886666666667,6.133333333333334,11.286486486486487,315.82216216216216,6.513513513513513,3.771428571428572,320.53464285714284,6.642857142857143,12.416000000000002,329.7432,6.72,1.4857142857142858,335.1142857142857,5.857142857142857,5.626666666666667,335.81,6.733333333333333,3.1,338.62416666666667,6.75,10.266666666666667,339.2711111111111,6.0,-1.0,343.98375,5.75,8.64,341.178,5.8,-1.0,338.33000000000004,5.0,24.1,346.85,6.0,-1.0,351.15999999999997,6.5,-1.0,356.015,4.0,False,False,False,False,False,False,False,False,False,False,False,True,False,False,False,False
16,25,186.44,3,27,194.5,17.0,27.2,196.83,3.0,28,198.53,27.0,28.2,200.0,3.0,29.0,202.58,18.0,30.0,206.6,45.0,30.2,208.51,4.0,31.0,210.49,8.0,31.2,212.55,46.0,-1.0,215.48,2.0,34.0,222.93,6.0,35.0,226.8,47.0,37.0,234.55,2.0,-1.0,242.24,3.0,39.0,242.79,3.0,9.057777777777778,315.7886666666667,6.133333333333334,11.286486486486487,315.82216216216216,6.513513513513513,3.771428571428572,320.53464285714284,6.642857142857143,12.416000000000002,329.7432,6.72,1.4857142857142858,335.1142857142857,5.857142857142857,5.626666666666667,335.81,6.733333333333333,3.1,338.62416666666667,6.75,10.266666666666667,339.2711111111111,6.0,-1.0,343.98375,5.75,8.64,341.178,5.8,-1.0,338.33000000000004,5.0,24.1,346.85,6.0,-1.0,351.15999999999997,6.5,-1.0,356.015,4.0,False,False,False,False,False,False,True,False,False,False,False,False,False,False,False,False
7,5.2,251.83,2,8,261.94,14.0,9,265.91,49.0,10,269.89,6.0,11.0,274.04,105.0,-1.0,280.08,3.0,15.0,290.4,2.0,12.037473233404711,230.39813704496785,41.95289079229122,10.877932960893855,238.12659217877098,30.310055865921786,10.177131782945736,246.79166666666666,17.75968992248062,11.51222222222222,258.64344444444447,11.255555555555556,8.044117647058824,272.95323529411763,6.6911764705882355,8.096153846153847,283.06673076923073,8.028846153846153,6.184810126582279,298.4777215189873,6.063291139240507,8.3,307.23758620689654,6.189655172413793,4.7215686274509805,309.68549019607843,5.901960784313726,9.057777777777778,315.7886666666667,6.133333333333334,11.286486486486487,315.82216216216216,6.513513513513513,3.771428571428572,320.53464285714284,6.642857142857143,12.416000000000002,329.7432,6.72,1.4857142857142858,335.1142857142857,5.857142857142857,5.626666666666667,335.81,6.733333333333333,3.1,338.62416666666667,6.75,10.266666666666667,339.2711111111111,6.0,-1.0,343.98375,5.75,8.64,341.178,5.8,-1.0,338.33000000000004,5.0,24.1,346.85,6.0,-1.0,351.15999999999997,6.5,-1.0,356.015,4.0,False,False,False,False,False,False,False,False,False,False,True,False,False,False,False,False
9,-1,305.48,2,-1,316.74,3.0,10,318.74,33.0,-1,320.08,3.0,11.0,322.74,6.0,12.0,326.92,79.0,-1.0,328.6,2.0,-1.0,336.85,3.0,-1.0,338.27,3.0,10.177131782945736,246.79166666666666,17.75968992248062,11.51222222222222,258.64344444444447,11.255555555555556,8.044117647058824,272.95323529411763,6.6911764705882355,8.096153846153847,283.06673076923073,8.028846153846153,6.184810126582279,298.4777215189873,6.063291139240507,8.3,307.23758620689654,6.189655172413793,4.7215686274509805,309.68549019607843,5.901960784313726,9.057777777777778,315.7886666666667,6.133333333333334,11.286486486486487,315.82216216216216,6.513513513513513,3.771428571428572,320.53464285714284,6.642857142857143,12.416000000000002,329.7432,6.72,1.4857142857142858,335.1142857142857,5.857142857142857,5.626666666666667,335.81,6.733333333333333,3.1,338.62416666666667,6.75,10.266666666666667,339.2711111111111,6.0,-1.0,343.98375,5.75,8.64,341.178,5.8,-1.0,338.33000000000004,5.0,24.1,346.85,6.0,-1.0,351.15999999999997,6.5,-1.0,356.015,4.0,False,True,False,False,False,False,False,False,False,False,False,False,False,False,False,False
7,-1,96.97,3,-1,99.85,4.0,-1,103.01,2.0,14,118.22,37.0,15.0,122.17,470.0,16.0,126.1,234.0,17.0,130.29,60.0,12.037473233404711,230.39813704496785,41.95289079229122,10.877932960893855,238.12659217877098,30.310055865921786,10.177131782945736,246.79166666666666,17.75968992248062,11.51222222222222,258.64344444444447,11.255555555555556,8.044117647058824,272.95323529411763,6.6911764705882355,8.096153846153847,283.06673076923073,8.028846153846153,6.184810126582279,298.4777215189873,6.063291139240507,8.3,307.23758620689654,6.189655172413793,4.7215686274509805,309.68549019607843,5.901960784313726,9.057777777777778,315.7886666666667,6.133333333333334,11.286486486486487,315.82216216216216,6.513513513513513,3.771428571428572,320.53464285714284,6.642857142857143,12.416000000000002,329.7432,6.72,1.4857142857142858,335.1142857142857,5.857142857142857,5.626666666666667,335.81,6.733333333333333,3.1,338.62416666666667,6.75,10.266666666666667,339.2711111111111,6.0,-1.0,343.98375,5.75,8.64,341.178,5.8,-1.0,338.33000000000004,5.0,24.1,346.85,6.0,-1.0,351.15999999999997,6.5,-1.0,356.015,4.0,False,False,False,False,False,False,False,False,True,False,False,False,False,False,False,False
10,-1,165.18,5,5.3,166.94,2.0,-1,167.78,3.0,7,172.59,181.0,8.0,176.64,153.0,9.0,180.62,127.0,9.3,183.8,74.0,-1.0,189.39,4.0,-1.0,190.09,3.0,-1.0,191.87,2.0,11.51222222222222,258.64344444444447,11.255555555555556,8.044117647058824,272.95323529411763,6.6911764705882355,8.096153846153847,283.06673076923073,8.028846153846153,6.184810126582279,298.4777215189873,6.063291139240507,8.3,307.23758620689654,6.189655172413793,4.7215686274509805,309.68549019607843,5.901960784313726,9.057777777777778,315.7886666666667,6.133333333333334,11.286486486486487,315.82216216216216,6.513513513513513,3.771428571428572,320.53464285714284,6.642857142857143,12.416000000000002,329.7432,6.72,1.4857142857142858,335.1142857142857,5.857142857142857,5.626666666666667,335.81,6.733333333333333,3.1,338.62416666666667,6.75,10.266666666666667,339.2711111111111,6.0,-1.0,343.98375,5.75,8.64,341.178,5.8,-1.0,338.33000000000004,5.0,24.1,346.85,6.0,-1.0,351.15999999999997,6.5,-1.0,356.015,4.0,False,False,False,False,False,False,False,False,False,False,False,False,False,True,False,False
3,11,227.18,69,12,231.21,167.0,13,235.25,81.0,,216.6818641810919,87.4513981358189,11.362921348314606,219.41106741573032,77.95786516853933,12.028571428571428,222.8513210445469,66.27035330261137,12.041229656419528,226.86157323688968,52.7992766726944,12.037473233404711,230.39813704496785,41.95289079229122,10.877932960893855,238.12659217877098,30.310055865921786,10.177131782945736,246.79166666666666,17.75968992248062,11.51222222222222,258.64344444444447,11.255555555555556,8.044117647058824,272.95323529411763,6.6911764705882355,8.096153846153847,283.06673076923073,8.028846153846153,6.184810126582279,298.4777215189873,6.063291139240507,8.3,307.23758620689654,6.189655172413793,4.7215686274509805,309.68549019607843,5.901960784313726,9.057777777777778,315.7886666666667,6.133333333333334,11.286486486486487,315.82216216216216,6.513513513513513,3.771428571428572,320.53464285714284,6.642857142857143,12.416000000000002,329.7432,6.72,1.4857142857142858,335.1142857142857,5.857142857142857,5.626666666666667,335.81,6.733333333333333,3.1,338.62416666666667,6.75,10.266666666666667,339.2711111111111,6.0,-1.0,343.98375,5.75,8.64,341.178,5.8,-1.0,338.33000000000004,5.0,24.1,346.85,6.0,-1.0,351.15999999999997,6.5,-1.0,356.015,4.0,False,False,True,False,False,False,False,False,False,False,False,False,False,False,False,False
10,-1,249.76,4,-1,253.5,4.0,7,259.7,3.0,8,263.34,6.0,9.0,267.24,77.0,10.0,271.22,73.0,-1.0,275.92,4.0,12.0,279.21,26.0,13.0,283.16,37.0,-1.0,293.47,1.0,11.51222222222222,258.64344444444447,11.255555555555556,8.044117647058824,272.95323529411763,6.6911764705882355,8.096153846153847,283.06673076923073,8.028846153846153,6.184810126582279,298.4777215189873,6.063291139240507,8.3,307.23758620689654,6.189655172413793,4.7215686274509805,309.68549019607843,5.901960784313726,9.057777777777778,315.7886666666667,6.133333333333334,11.286486486486487,315.82216216216216,6.513513513513513,3.771428571428572,320.53464285714284,6.642857142857143,12.416000000000002,329.7432,6.72,1.4857142857142858,335.1142857142857,5.857142857142857,5.626666666666667,335.81,6.733333333333333,3.1,338.62416666666667,6.75,10.266666666666667,339.2711111111111,6.0,-1.0,343.98375,5.75,8.64,341.178,5.8,-1.0,338.33000000000004,5.0,24.1,346.85,6.0,-1.0,351.15999999999997,6.5,-1.0,356.015,4.0,False,False,False,True,False,False,False,False,False,False,False,False,False,False,False,False
9,-1,305.94,4,-1,311.23,4.0,-1,312.02,1.0,19,320.89,15.0,20.0,324.91,23.0,22.0,333.13,46.0,23.0,337.09,17.0,25.0,345.08,9.0,-1.0,358.55,5.0,10.177131782945736,246.79166666666666,17.75968992248062,11.51222222222222,258.64344444444447,11.255555555555556,8.044117647058824,272.95323529411763,6.6911764705882355,8.096153846153847,283.06673076923073,8.028846153846153,6.184810126582279,298.4777215189873,6.063291139240507,8.3,307.23758620689654,6.189655172413793,4.7215686274509805,309.68549019607843,5.901960784313726,9.057777777777778,315.7886666666667,6.133333333333334,11.286486486486487,315.82216216216216,6.513513513513513,3.771428571428572,320.53464285714284,6.642857142857143,12.416000000000002,329.7432,6.72,1.4857142857142858,335.1142857142857,5.857142857142857,5.626666666666667,335.81,6.733333333333333,3.1,338.62416666666667,6.75,10.266666666666667,339.2711111111111,6.0,-1.0,343.98375,5.75,8.64,341.178,5.8,-1.0,338.33000000000004,5.0,24.1,346.85,6.0,-1.0,351.15999999999997,6.5,-1.0,356.015,4.0,False,False,False,False,False,False,False,True,False,False,False,False,False,False,False,False
11,-1,100.38,6,11,108.08,95.0,11.2,109.86,6.0,12,112.08,13.0,12.2,114.14,11.0,13.0,116.15,174.0,13.2,118.15,47.0,14.0,120.07,204.0,14.2,122.1,123.0,16.2,130.0,46.0,-1.0,132.44,3.0,8.044117647058824,272.95323529411763,6.6911764705882355,8.096153846153847,283.06673076923073,8.028846153846153,6.184810126582279,298.4777215189873,6.063291139240507,8.3,307.23758620689654,6.189655172413793,4.7215686274509805,309.68549019607843,5.901960784313726,9.057777777777778,315.7886666666667,6.133333333333334,11.286486486486487,315.82216216216216,6.513513513513513,3.771428571428572,320.53464285714284,6.642857142857143,12.416000000000002,329.7432,6.72,1.4857142857142858,335.1142857142857,5.857142857142857,5.626666666666667,335.81,6.733333333333333,3.1,338.62416666666667,6.75,10.266666666666667,339.2711111111111,6.0,-1.0,343.98375,5.75,8.64,341.178,5.8,-1.0,338.33000000000004,5.0,24.1,346.85,6.0,-1.0,351.15999999999997,6.5,-1.0,356.015,4.0,False,False,False,False,False,True,False,False,False,False,False,False,False,False,False,False
9,-1,157.91,6,-1,167.01,4.0,15,168.16,18.0,16,172.13,36.0,17.0,176.18,80.0,18.0,180.16,47.0,19.0,184.27,42.0,-1.0,186.91,5.0,24.0,204.63,5.0,10.177131782945736,246.79166666666666,17.75968992248062,11.51222222222222,258.64344444444447,11.255555555555556,8.044117647058824,272.95323529411763,6.6911764705882355,8.096153846153847,283.06673076923073,8.028846153846153,6.184810126582279,298.4777215189873,6.063291139240507,8.3,307.23758620689654,6.189655172413793,4.7215686274509805,309.68549019607843,5.901960784313726,9.057777777777778,315.7886666666667,6.133333333333334,11.286486486486487,315.82216216216216,6.513513513513513,3.771428571428572,320.53464285714284,6.642857142857143,12.416000000000002,329.7432,6.72,1.4857142857142858,335.1142857142857,5.857142857142857,5.626666666666667,335.81,6.733333333333333,3.1,338.62416666666667,6.75,10.266666666666667,339.2711111111111,6.0,-1.0,343.98375,5.75,8.64,341.178,5.8,-1.0,338.33000000000004,5.0,24.1,346.85,6.0,-1.0,351.15999999999997,6.5,-1.0,356.015,4.0,False,False,False,False,False,False,False,False,False,False,False,False,False,False,False,True
9,-1,221.54,4,8,228.65,203.0,9,232.76,8.0,-1,235.87,8.0,10.0,236.73,19.0,-1.0,239.3,4.0,11.0,240.88,22.0,12.0,244.94,33.0,-1.0,255.7,5.0,10.177131782945736,246.79166666666666,17.75968992248062,11.51222222222222,258.64344444444447,11.255555555555556,8.044117647058824,272.95323529411763,6.6911764705882355,8.096153846153847,283.06673076923073,8.028846153846153,6.184810126582279,298.4777215189873,6.063291139240507,8.3,307.23758620689654,6.189655172413793,4.7215686274509805,309.68549019607843,5.901960784313726,9.057777777777778,315.7886666666667,6.133333333333334,11.286486486486487,315.82216216216216,6.513513513513513,3.771428571428572,320.53464285714284,6.642857142857143,12.416000000000002,329.7432,6.72,1.4857142857142858,335.1142857142857,5.857142857142857,5.626666666666667,335.81,6.733333333333333,3.1,338.62416666666667,6.75,10.266666666666667,339.2711111111111,6.0,-1.0,343.98375,5.75,8.64,341.178,5.8,-1.0,338.33000000000004,5.0,24.1,346.85,6.0,-1.0,351.15999999999997,6.5,-1.0,356.015,4.0,False,False,False,False,False,False,False,False,False,False,False,False,False,False,True,False
15,-1,271.45,5,10,272.55,7.0,12,280.93,15.0,13,285.09,14.0,-1.0,285.86,7.0,15.0,293.01,10.0,16.0,296.93,9.0,17.0,300.83,29.0,18.0,304.86,15.0,19.0,308.88,56.0,20.2,314.5,5.0,23.0,325.07,6.0,-1.0,326.2,6.0,24.0,329.39,5.0,-1.0,332.26,5.0,4.7215686274509805,309.68549019607843,5.901960784313726,9.057777777777778,315.7886666666667,6.133333333333334,11.286486486486487,315.82216216216216,6.513513513513513,3.771428571428572,320.53464285714284,6.642857142857143,12.416000000000002,329.7432,6.72,1.4857142857142858,335.1142857142857,5.857142857142857,5.626666666666667,335.81,6.733333333333333,3.1,338.62416666666667,6.75,10.266666666666667,339.2711111111111,6.0,-1.0,343.98375,5.75,8.64,341.178,5.8,-1.0,338.33000000000004,5.0,24.1,346.85,6.0,-1.0,351.15999999999997,6.5,-1.0,356.015,4.0,False,False,False,False,True,False,False,False,False,False,False,False,False,False,False,False
2,X,104.88,508,Y,110.83,215.0,,210.75846753246756,71.04545454545455,,216.6818641810919,87.4513981358189,11.362921348314606,219.41106741573032,77.95786516853933,12.028571428571428,222.8513210445469,66.27035330261137,12.041229656419528,226.86157323688968,52.7992766726944,12.037473233404711,230.39813704496785,41.95289079229122,10.877932960893855,238.12659217877098,30.310055865921786,10.177131782945736,246.79166666666666,17.75968992248062,11.51222222222222,258.64344444444447,11.255555555555556,8.044117647058824,272.95323529411763,6.6911764705882355,8.096153846153847,283.06673076923073,8.028846153846153,6.184810126582279,298.4777215189873,6.063291139240507,8.3,307.23758620689654,6.189655172413793,4.7215686274509805,309.68549019607843,5.901960784313726,9.057777777777778,315.7886666666667,6.133333333333334,11.286486486486487,315.82216216216216,6.513513513513513,3.771428571428572,320.53464285714284,6.642857142857143,12.416000000000002,329.7432,6.72,1.4857142857142858,335.1142857142857,5.857142857142857,5.626666666666667,335.81,6.733333333333333,3.1,338.62416666666667,6.75,10.266666666666667,339.2711111111111,6.0,-1.0,343.98375,5.75,8.64,341.178,5.8,-1.0,338.33000000000004,5.0,24.1,346.85,6.0,-1.0,351.15999999999997,6.5,-1.0,356.015,4.0,True,False,False,False,False,False,False,False,False,False,False,False,False,False,False,False
9,6,128.67,6,-1,129.7,8.0,-1,134.37,6.0,10,144.51,14.0,11.0,148.81,183.0,12.0,152.88,156.0,13.0,156.98,87.0,14.0,161.6,5.0,15.0,165.03,9.0,10.177131782945736,246.79166666666666,17.75968992248062,11.51222222222222,258.64344444444447,11.255555555555556,8.044117647058824,272.95323529411763,6.6911764705882355,8.096153846153847,283.06673076923073,8.028846153846153,6.184810126582279,298.4777215189873,6.063291139240507,8.3,307.23758620689654,6.189655172413793,4.7215686274509805,309.68549019607843,5.901960784313726,9.057777777777778,315.7886666666667,6.133333333333334,11.286486486486487,315.82216216216216,6.513513513513513,3.771428571428572,320.53464285714284,6.642857142857143,12.416000000000002,329.7432,6.72,1.4857142857142858,335.1142857142857,5.857142857142857,5.626666666666667,335.81,6.733333333333333,3.1,338.62416666666667,6.75,10.266666666666667,339.2711111111111,6.0,-1.0,343.98375,5.75,8.64,341.178,5.8,-1.0,338.33000000000004,5.0,24.1,346.85,6.0,-1.0,351.15999999999997,6.5,-1.0,356.015,4.0,False,False,False,False,False,False,False,False,False,True,False,False,False,False,False,False
30,-1,205.92,6,-1,207.82,3.0,19.2,222.39,5.0,20,225.02,28.0,21.0,229.04,58.0,22.0,233.07,42.0,-1.0,236.18,5.0,27.0,253.5,41.0,28.0,257.44,71.0,29.0,261.48,6.0,29.2,263.73,7.0,-1.0,264.59,4.0,31.0,269.03,5.0,-1.0,270.91,6.0,-1.0,276.15,6.0,-1.0,280.62,5.0,-1.0,284.85,5.0,-1.0,285.47,6.0,-1.0,286.32,6.0,-1.0,286.93,6.0,-1.0,301.96,4.0,-1.0,311.47,6.0,-1.0,312.89,6.0,-1.0,313.92,6.0,-1.0,321.94,4.0,-1.0,325.8,8.0,-1.0,337.8,4.0,49.2,344.11,4.0,-1.0,352.01,5.0,-1.0,353.38,4.0,False,False,False,False,False,False,False,False,False,False,False,False,True,False,False,False
6,11,133.41,154,12,137.5,118.0,13,141.72,181.0,14,145.92,142.0,15.0,149.93,16.0,17.0,158.68,1.0,12.041229656419528,226.86157323688968,52.7992766726944,12.037473233404711,230.39813704496785,41.95289079229122,10.877932960893855,238.12659217877098,30.310055865921786,10.177131782945736,246.79166666666666,17.75968992248062,11.51222222222222,258.64344444444447,11.255555555555556,8.044117647058824,272.95323529411763,6.6911764705882355,8.096153846153847,283.06673076923073,8.028846153846153,6.184810126582279,298.4777215189873,6.063291139240507,8.3,307.23758620689654,6.189655172413793,4.7215686274509805,309.68549019607843,5.901960784313726,9.057777777777778,315.7886666666667,6.133333333333334,11.286486486486487,315.82216216216216,6.513513513513513,3.771428571428572,320.53464285714284,6.642857142857143,12.416000000000002,329.7432,6.72,1.4857142857142858,335.1142857142857,5.857142857142857,5.626666666666667,335.81,6.733333333333333,3.1,338.62416666666667,6.75,10.266666666666667,339.2711111111111,6.0,-1.0,343.98375,5.75,8.64,341.178,5.8,-1.0,338.33000000000004,5.0,24.1,346.85,6.0,-1.0,351.15999999999997,6.5,-1.0,356.015,4.0,False,False,False,False,False,False,False,False,False,False,False,True,False,False,False,False
12,26,190.11,3,27,194.33,75.0,28,198.34,141.0,29,202.37,68.0,30.0,206.37,82.0,30.2,208.27,9.0,31.0,210.38,138.0,31.2,212.36,138.0,32.0,214.07,1.0,-1.0,219.79,2.0,34.0,222.55,6.0,35.0,226.62,65.0,8.096153846153847,283.06673076923073,8.028846153846153,6.184810126582279,298.4777215189873,6.063291139240507,8.3,307.23758620689654,6.189655172413793,4.7215686274509805,309.68549019607843,5.901960784313726,9.057777777777778,315.7886666666667,6.133333333333334,11.286486486486487,315.82216216216216,6.513513513513513,3.771428571428572,320.53464285714284,6.642857142857143,12.416000000000002,329.7432,6.72,1.4857142857142858,335.1142857142857,5.857142857142857,5.626666666666667,335.81,6.733333333333333,3.1,338.62416666666667,6.75,10.266666666666667,339.2711111111111,6.0,-1.0,343.98375,5.75,8.64,341.178,5.8,-1.0,338.33000000000004,5.0,24.1,346.85,6.0,-1.0,351.15999999999997,6.5,-1.0,356.015,4.0,False,False,False,False,False,False,True,False,False,False,False,False,False,False,False,False
5,-1,248.66,1,8,261.86,105.0,9,265.95,95.0,10,269.9,13.0,11.0,273.86,331.0,12.028571428571428,222.8513210445469,66.27035330261137,12.041229656419528,226.86157323688968,52.7992766726944,12.037473233404711,230.39813704496785,41.95289079229122,10.877932960893855,238.12659217877098,30.310055865921786,10.177131782945736,246.79166666666666,17.75968992248062,11.51222222222222,258.64344444444447,11.255555555555556,8.044117647058824,272.95323529411763,6.6911764705882355,8.096153846153847,283.06673076923073,8.028846153846153,6.184810126582279,298.4777215189873,6.063291139240507,8.3,307.23758620689654,6.189655172413793,4.7215686274509805,309.68549019607843,5.901960784313726,9.057777777777778,315.7886666666667,6.133333333333334,11.286486486486487,315.82216216216216,6.513513513513513,3.771428571428572,320.53464285714284,6.642857142857143,12.416000000000002,329.7432,6.72,1.4857142857142858,335.1142857142857,5.857142857142857,5.626666666666667,335.81,6.733333333333333,3.1,338.62416666666667,6.75,10.266666666666667,339.2711111111111,6.0,-1.0,343.98375,5.75,8.64,341.178,5.8,-1.0,338.33000000000004,5.0,24.1,346.85,6.0,-1.0,351.15999999999997,6.5,-1.0,356.015,4.0,False,False,False,False,False,False,False,False,False,False,True,False,False,False,False,False
6,8,310.33,25,9,314.15,7.0,10,318.59,125.0,11,322.68,29.0,12.0,326.66,470.0,13.0,330.76,11.0,12.041229656419528,226.86157323688968,52.7992766726944,12.037473233404711,230.39813704496785,41.95289079229122,10.877932960893855,238.12659217877098,30.310055865921786,10.177131782945736,246.79166666666666,17.75968992248062,11.51222222222222,258.64344444444447,11.255555555555556,8.044117647058824,272.95323529411763,6.6911764705882355,8.096153846153847,283.06673076923073,8.028846153846153,6.184810126582279,298.4777215189873,6.063291139240507,8.3,307.23758620689654,6.189655172413793,4.7215686274509805,309.68549019607843,5.901960784313726,9.057777777777778,315.7886666666667,6.133333333333334,11.286486486486487,315.82216216216216,6.513513513513513,3.771428571428572,320.53464285714284,6.642857142857143,12.416000000000002,329.7432,6.72,1.4857142857142858,335.1142857142857,5.857142857142857,5.626666666666667,335.81,6.733333333333333,3.1,338.62416666666667,6.75,10.266666666666667,339.2711111111111,6.0,-1.0,343.98375,5.75,8.64,341.178,5.8,-1.0,338.33000000000004,5.0,24.1,346.85,6.0,-1.0,351.15999999999997,6.5,-1.0,356.015,4.0,False,True,False,False,False,False,False,False,False,False,False,False,False,False,False,False
5,-1,102.13,3,14,118.18,39.0,15,122.16,480.0,16,126.17,227.0,17.0,130.21,206.0,12.028571428571428,222.8513210445469,66.27035330261137,12.041229656419528,226.86157323688968,52.7992766726944,12.037473233404711,230.39813704496785,41.95289079229122,10.877932960893855,238.12659217877098,30.310055865921786,10.177131782945736,246.79166666666666,17.75968992248062,11.51222222222222,258.64344444444447,11.255555555555556,8.044117647058824,272.95323529411763,6.6911764705882355,8.096153846153847,283.06673076923073,8.028846153846153,6.184810126582279,298.4777215189873,6.063291139240507,8.3,307.23758620689654,6.189655172413793,4.7215686274509805,309.68549019607843,5.901960784313726,9.057777777777778,315.7886666666667,6.133333333333334,11.286486486486487,315.82216216216216,6.513513513513513,3.771428571428572,320.53464285714284,6.642857142857143,12.416000000000002,329.7432,6.72,1.4857142857142858,335.1142857142857,5.857142857142857,5.626666666666667,335.81,6.733333333333333,3.1,338.62416666666667,6.75,10.266666666666667,339.2711111111111,6.0,-1.0,343.98375,5.75,8.64,341.178,5.8,-1.0,338.33000000000004,5.0,24.1,346.85,6.0,-1.0,351.15999999999997,6.5,-1.0,356.015,4.0,False,False,False,False,False,False,False,False,True,False,False,False,False,False,False,False
6,6,168.33,6,7,172.35,164.0,8,176.38,168.0,9,180.49,217.0,9.3,183.6,326.0,-1.0,186.86,1.0,12.041229656419528,226.86157323688968,52.7992766726944,12.037473233404711,230.39813704496785,41.95289079229122,10.877932960893855,238.12659217877098,30.310055865921786,10.177131782945736,246.79166666666666,17.75968992248062,11.51222222222222,258.64344444444447,11.255555555555556,8.044117647058824,272.95323529411763,6.6911764705882355,8.096153846153847,283.06673076923073,8.028846153846153,6.184810126582279,298.4777215189873,6.063291139240507,8.3,307.23758620689654,6.189655172413793,4.7215686274509805,309.68549019607843,5.901960784313726,9.057777777777778,315.7886666666667,6.133333333333334,11.286486486486487,315.82216216216216,6.513513513513513,3.771428571428572,320.53464285714284,6.642857142857143,12.416000000000002,329.7432,6.72,1.4857142857142858,335.1142857142857,5.857142857142857,5.626666666666667,335.81,6.733333333333333,3.1,338.62416666666667,6.75,10.266666666666667,339.2711111111111,6.0,-1.0,343.98375,5.75,8.64,341.178,5.8,-1.0,338.33000000000004,5.0,24.1,346.85,6.0,-1.0,351.15999999999997,6.5,-1.0,356.015,4.0,False,False,False,False,False,False,False,False,False,False,False,False,False,True,False,False
4,10,223.03,7,11,227.17,185.0,12,231.26,766.0,13,235.21,141.0,11.362921348314606,219.41106741573032,77.95786516853933,12.028571428571428,222.8513210445469,66.27035330261137,12.041229656419528,226.86157323688968,52.7992766726944,12.037473233404711,230.39813704496785,41.95289079229122,10.877932960893855,238.12659217877098,30.310055865921786,10.177131782945736,246.79166666666666,17.75968992248062,11.51222222222222,258.64344444444447,11.255555555555556,8.044117647058824,272.95323529411763,6.6911764705882355,8.096153846153847,283.06673076923073,8.028846153846153,6.184810126582279,298.4777215189873,6.063291139240507,8.3,307.23758620689654,6.189655172413793,4.7215686274509805,309.68549019607843,5.901960784313726,9.057777777777778,315.7886666666667,6.133333333333334,11.286486486486487,315.82216216216216,6.513513513513513,3.771428571428572,320.53464285714284,6.642857142857143,12.416000000000002,329.7432,6.72,1.4857142857142858,335.1142857142857,5.857142857142857,5.626666666666667,335.81,6.733333333333333,3.1,338.62416666666667,6.75,10.266666666666667,339.2711111111111,6.0,-1.0,343.98375,5.75,8.64,341.178,5.8,-1.0,338.33000000000004,5.0,24.1,346.85,6.0,-1.0,351.15999999999997,6.5,-1.0,356.015,4.0,False,False,True,False,False,False,False,False,False,False,False,False,False,False,False,False
8,-1,249.79,4,8,263.04,6.0,9,267.19,195.0,10,271.08,113.0,11.0,275.12,142.0,12.0,279.09,111.0,13.0,282.98,127.0,-1.0,289.62,2.0,10.877932960893855,238.12659217877098,30.310055865921786,10.177131782945736,246.79166666666666,17.75968992248062,11.51222222222222,258.64344444444447,11.255555555555556,8.044117647058824,272.95323529411763,6.6911764705882355,8.096153846153847,283.06673076923073,8.028846153846153,6.184810126582279,298.4777215189873,6.063291139240507,8.3,307.23758620689654,6.189655172413793,4.7215686274509805,309.68549019607843,5.901960784313726,9.057777777777778,315.7886666666667,6.133333333333334,11.286486486486487,315.82216216216216,6.513513513513513,3.771428571428572,320.53464285714284,6.642857142857143,12.416000000000002,329.7432,6.72,1.4857142857142858,335.1142857142857,5.857142857142857,5.626666666666667,335.81,6.733333333333333,3.1,338.62416666666667,6.75,10.266666666666667,339.2711111111111,6.0,-1.0,343.98375,5.75,8.64,341.178,5.8,-1.0,338.33000000000004,5.0,24.1,346.85,6.0,-1.0,351.15999999999997,6.5,-1.0,356.015,4.0,False,False,False,True,False,False,False,False,False,False,False,False,False,False,False,False
14,18,316.66,9,19,320.73,155.0,20,324.78,71.0,21,328.82,36.0,22.0,332.84,397.0,23.0,336.86,62.0,24.0,341.31,4.0,-1.0,342.47,2.0,25.0,344.95,43.0,-1.0,350.62,3.0,27.0,352.95,3.0,-1.0,355.71,2.0,-1.0,362.58,3.0,-1.0,364.16,2.0,8.3,307.23758620689654,6.189655172413793,4.7215686274509805,309.68549019607843,5.901960784313726,9.057777777777778,315.7886666666667,6.133333333333334,11.286486486486487,315.82216216216216,6.513513513513513,3.771428571428572,320.53464285714284,6.642857142857143,12.416000000000002,329.7432,6.72,1.4857142857142858,335.1142857142857,5.857142857142857,5.626666666666667,335.81,6.733333333333333,3.1,338.62416666666667,6.75,10.266666666666667,339.2711111111111,6.0,-1.0,343.98375,5.75,8.64,341.178,5.8,-1.0,338.33000000000004,5.0,24.1,346.85,6.0,-1.0,351.15999999999997,6.5,-1.0,356.015,4.0,False,False,False,False,False,False,False,True,False,False,False,False,False,False,False,False
9,10,103.91,9,11,107.85,75.0,12,112.05,14.0,12.2,114.0,10.0,13.0,116.03,185.0,13.2,117.98,69.0,14.0,119.94,192.0,14.2,121.96,117.0,16.2,129.81,83.0,10.177131782945736,246.79166666666666,17.75968992248062,11.51222222222222,258.64344444444447,11.255555555555556,8.044117647058824,272.95323529411763,6.6911764705882355,8.096153846153847,283.06673076923073,8.028846153846153,6.184810126582279,298.4777215189873,6.063291139240507,8.3,307.23758620689654,6.189655172413793,4.7215686274509805,309.68549019607843,5.901960784313726,9.057777777777778,315.7886666666667,6.133333333333334,11.286486486486487,315.82216216216216,6.513513513513513,3.771428571428572,320.53464285714284,6.642857142857143,12.416000000000002,329.7432,6.72,1.4857142857142858,335.1142857142857,5.857142857142857,5.626666666666667,335.81,6.733333333333333,3.1,338.62416666666667,6.75,10.266666666666667,339.2711111111111,6.0,-1.0,343.98375,5.75,8.64,341.178,5.8,-1.0,338.33000000000004,5.0,24.1,346.85,6.0,-1.0,351.15999999999997,6.5,-1.0,356.015,4.0,False,False,False,False,False,True,False,False,False,False,False,False,False,False,False,False
13,13,159.86,90,14,163.89,8.0,-1,165.8,6.0,15,167.99,66.0,16.0,172.08,148.0,17.0,176.11,186.0,18.0,180.14,112.0,19.0,184.23,78.0,20.0,188.24,11.0,-1.0,191.29,7.0,-1.0,194.68,6.0,-1.0,195.78,5.0,25.0,208.48,5.0,6.184810126582279,298.4777215189873,6.063291139240507,8.3,307.23758620689654,6.189655172413793,4.7215686274509805,309.68549019607843,5.901960784313726,9.057777777777778,315.7886666666667,6.133333333333334,11.286486486486487,315.82216216216216,6.513513513513513,3.771428571428572,320.53464285714284,6.642857142857143,12.416000000000002,329.7432,6.72,1.4857142857142858,335.1142857142857,5.857142857142857,5.626666666666667,335.81,6.733333333333333,3.1,338.62416666666667,6.75,10.266666666666667,339.2711111111111,6.0,-1.0,343.98375,5.75,8.64,341.178,5.8,-1.0,338.33000000000004,5.0,24.1,346.85,6.0,-1.0,351.15999999999997,6.5,-1.0,356.015,4.0,False,False,False,False,False,False,False,False,False,False,False,False,False,False,False,True
7,7,224.62,8,8,228.56,276.0,-1,230.49,5.0,9,232.64,9.0,10.0,236.53,156.0,11.0,240.57,94.0,12.0,244.7,62.0,12.037473233404711,230.39813704496785,41.95289079229122,10.877932960893855,238.12659217877098,30.310055865921786,10.177131782945736,246.79166666666666,17.75968992248062,11.51222222222222,258.64344444444447,11.255555555555556,8.044117647058824,272.95323529411763,6.6911764705882355,8.096153846153847,283.06673076923073,8.028846153846153,6.184810126582279,298.4777215189873,6.063291139240507,8.3,307.23758620689654,6.189655172413793,4.7215686274509805,309.68549019607843,5.901960784313726,9.057777777777778,315.7886666666667,6.133333333333334,11.286486486486487,315.82216216216216,6.513513513513513,3.771428571428572,320.53464285714284,6.642857142857143,12.416000000000002,329.7432,6.72,1.4857142857142858,335.1142857142857,5.857142857142857,5.626666666666667,335.81,6.733333333333333,3.1,338.62416666666667,6.75,10.266666666666667,339.2711111111111,6.0,-1.0,343.98375,5.75,8.64,341.178,5.8,-1.0,338.33000000000004,5.0,24.1,346.85,6.0,-1.0,351.15999999999997,6.5,-1.0,356.015,4.0,False,False,False,False,False,False,False,False,False,False,False,False,False,False,True,False
17,9,269.14,9,12,280.83,57.0,13,284.85,31.0,15,292.87,49.0,16.0,296.96,12.0,17.0,300.88,166.0,18.0,304.85,118.0,19.0,308.79,143.0,-1.0,322.9,5.0,22.2,323.48,4.0,23.2,327.81,6.0,24.0,329.97,3.0,-1.0,332.06,5.0,25.0,333.56,5.0,-1.0,335.0,9.0,-1.0,345.38,4.0,-1.0,346.11,6.0,11.286486486486487,315.82216216216216,6.513513513513513,3.771428571428572,320.53464285714284,6.642857142857143,12.416000000000002,329.7432,6.72,1.4857142857142858,335.1142857142857,5.857142857142857,5.626666666666667,335.81,6.733333333333333,3.1,338.62416666666667,6.75,10.266666666666667,339.2711111111111,6.0,-1.0,343.98375,5.75,8.64,341.178,5.8,-1.0,338.33000000000004,5.0,24.1,346.85,6.0,-1.0,351.15999999999997,6.5,-1.0,356.015,4.0,False,False,False,False,True,False,False,False,False,False,False,False,False,False,False,False
2,X,104.86,509,Y,110.77,270.0,,210.75846753246756,71.04545454545455,,216.6818641810919,87.4513981358189,11.362921348314606,219.41106741573032,77.95786516853933,12.028571428571428,222.8513210445469,66.27035330261137,12.041229656419528,226.86157323688968,52.7992766726944,12.037473233404711,230.39813704496785,41.95289079229122,10.877932960893855,238.12659217877098,30.310055865921786,10.177131782945736,246.79166666666666,17.75968992248062,11.51222222222222,258.64344444444447,11.255555555555556,8.044117647058824,272.95323529411763,6.6911764705882355,8.096153846153847,283.06673076923073,8.028846153846153,6.184810126582279,298.4777215189873,6.063291139240507,8.3,307.23758620689654,6.189655172413793,4.7215686274509805,309.68549019607843,5.901960784313726,9.057777777777778,315.7886666666667,6.133333333333334,11.286486486486487,315.82216216216216,6.513513513513513,3.771428571428572,320.53464285714284,6.642857142857143,12.416000000000002,329.7432,6.72,1.4857142857142858,335.1142857142857,5.857142857142857,5.626666666666667,335.81,6.733333333333333,3.1,338.62416666666667,6.75,10.266666666666667,339.2711111111111,6.0,-1.0,343.98375,5.75,8.64,341.178,5.8,-1.0,338.33000000000004,5.0,24.1,346.85,6.0,-1.0,351.15999999999997,6.5,-1.0,356.015,4.0,True,False,False,False,False,False,False,False,False,False,False,False,False,False,False,False
7,10,144.54,19,11,148.76,330.0,12,152.84,263.0,13,157.01,181.0,14.0,160.75,9.0,-1.0,166.35,7.0,-1.0,170.72,8.0,12.037473233404711,230.39813704496785,41.95289079229122,10.877932960893855,238.12659217877098,30.310055865921786,10.177131782945736,246.79166666666666,17.75968992248062,11.51222222222222,258.64344444444447,11.255555555555556,8.044117647058824,272.95323529411763,6.6911764705882355,8.096153846153847,283.06673076923073,8.028846153846153,6.184810126582279,298.4777215189873,6.063291139240507,8.3,307.23758620689654,6.189655172413793,4.7215686274509805,309.68549019607843,5.901960784313726,9.057777777777778,315.7886666666667,6.133333333333334,11.286486486486487,315.82216216216216,6.513513513513513,3.771428571428572,320.53464285714284,6.642857142857143,12.416000000000002,329.7432,6.72,1.4857142857142858,335.1142857142857,5.857142857142857,5.626666666666667,335.81,6.733333333333333,3.1,338.62416666666667,6.75,10.266666666666667,339.2711111111111,6.0,-1.0,343.98375,5.75,8.64,341.178,5.8,-1.0,338.33000000000004,5.0,24.1,346.85,6.0,-1.0,351.15999999999997,6.5,-1.0,356.015,4.0,False,False,False,False,False,False,False,False,False,True,False,False,False,False,False,False
17,-1,213.25,6,19,220.76,9.0,20,224.89,122.0,21,229.04,145.0,22.0,232.99,60.0,25.0,245.41,9.0,26.0,249.51,40.0,27.0,253.55,70.0,28.0,257.56,137.0,30.0,265.32,6.0,34.2,283.74,4.0,-1.0,289.41,4.0,42.2,315.62,6.0,-1.0,323.19,4.0,44.2,324.13,8.0,-1.0,339.14,6.0,-1.0,354.47,3.0,11.286486486486487,315.82216216216216,6.513513513513513,3.771428571428572,320.53464285714284,6.642857142857143,12.416000000000002,329.7432,6.72,1.4857142857142858,335.1142857142857,5.857142857142857,5.626666666666667,335.81,6.733333333333333,3.1,338.62416666666667,6.75,10.266666666666667,339.2711111111111,6.0,-1.0,343.98375,5.75,8.64,341.178,5.8,-1.0,338.33000000000004,5.0,24.1,346.85,6.0,-1.0,351.15999999999997,6.5,-1.0,356.015,4.0,False,False,False,False,False,False,False,False,False,False,False,False,True,False,False,False
10,-1,112.67,3,10,129.38,5.0,11,133.51,40.0,-1,135.36,2.0,12.0,137.53,41.0,13.0,141.67,68.0,14.0,145.87,81.0,15.0,150.0,9.0,16.0,153.91,2.0,-1.0,161.67,1.0,11.51222222222222,258.64344444444447,11.255555555555556,8.044117647058824,272.95323529411763,6.6911764705882355,8.096153846153847,283.06673076923073,8.028846153846153,6.184810126582279,298.4777215189873,6.063291139240507,8.3,307.23758620689654,6.189655172413793,4.7215686274509805,309.68549019607843,5.901960784313726,9.057777777777778,315.7886666666667,6.133333333333334,11.286486486486487,315.82216216216216,6.513513513513513,3.771428571428572,320.53464285714284,6.642857142857143,12.416000000000002,329.7432,6.72,1.4857142857142858,335.1142857142857,5.857142857142857,5.626666666666667,335.81,6.733333333333333,3.1,338.62416666666667,6.75,10.266666666666667,339.2711111111111,6.0,-1.0,343.98375,5.75,8.64,341.178,5.8,-1.0,338.33000000000004,5.0,24.1,346.85,6.0,-1.0,351.15999999999997,6.5,-1.0,356.015,4.0,False,False,False,False,False,False,False,False,False,False,False,True,False,False,False,False
7,27,194.66,17,29,202.64,11.0,30,206.64,17.0,30.2,208.31,3.0,31.0,210.5,8.0,31.2,212.56,17.0,35.0,226.78,10.0,12.037473233404711,230.39813704496785,41.95289079229122,10.877932960893855,238.12659217877098,30.310055865921786,10.177131782945736,246.79166666666666,17.75968992248062,11.51222222222222,258.64344444444447,11.255555555555556,8.044117647058824,272.95323529411763,6.6911764705882355,8.096153846153847,283.06673076923073,8.028846153846153,6.184810126582279,298.4777215189873,6.063291139240507,8.3,307.23758620689654,6.189655172413793,4.7215686274509805,309.68549019607843,5.901960784313726,9.057777777777778,315.7886666666667,6.133333333333334,11.286486486486487,315.82216216216216,6.513513513513513,3.771428571428572,320.53464285714284,6.642857142857143,12.416000000000002,329.7432,6.72,1.4857142857142858,335.1142857142857,5.857142857142857,5.626666666666667,335.81,6.733333333333333,3.1,338.62416666666667,6.75,10.266666666666667,339.2711111111111,6.0,-1.0,343.98375,5.75,8.64,341.178,5.8,-1.0,338.33000000000004,5.0,24.1,346.85,6.0,-1.0,351.15999999999997,6.5,-1.0,356.015,4.0,False,False,False,False,False,False,True,False,False,False,False,False,False,False,False,False
7,7,257.66,2,9,266.02,7.0,11,273.93,44.0,-1,279.84,2.0,-1.0,284.47,2.0,-1.0,289.16,1.0,15.0,289.86,2.0,12.037473233404711,230.39813704496785,41.95289079229122,10.877932960893855,238.12659217877098,30.310055865921786,10.177131782945736,246.79166666666666,17.75968992248062,11.51222222222222,258.64344444444447,11.255555555555556,8.044117647058824,272.95323529411763,6.6911764705882355,8.096153846153847,283.06673076923073,8.028846153846153,6.184810126582279,298.4777215189873,6.063291139240507,8.3,307.23758620689654,6.189655172413793,4.7215686274509805,309.68549019607843,5.901960784313726,9.057777777777778,315.7886666666667,6.133333333333334,11.286486486486487,315.82216216216216,6.513513513513513,3.771428571428572,320.53464285714284,6.642857142857143,12.416000000000002,329.7432,6.72,1.4857142857142858,335.1142857142857,5.857142857142857,5.626666666666667,335.81,6.733333333333333,3.1,338.62416666666667,6.75,10.266666666666667,339.2711111111111,6.0,-1.0,343.98375,5.75,8.64,341.178,5.8,-1.0,338.33000000000004,5.0,24.1,346.85,6.0,-1.0,351.15999999999997,6.5,-1.0,356.015,4.0,False,False,False,False,False,False,False,False,False,False,True,False,False,False,False,False
7,5,298.39,2,7,306.07,4.0,8,310.48,10.0,10,318.6,17.0,-1.0,323.6,2.0,12.0,326.87,9.0,-1.0,328.38,2.0,12.037473233404711,230.39813704496785,41.95289079229122,10.877932960893855,238.12659217877098,30.310055865921786,10.177131782945736,246.79166666666666,17.75968992248062,11.51222222222222,258.64344444444447,11.255555555555556,8.044117647058824,272.95323529411763,6.6911764705882355,8.096153846153847,283.06673076923073,8.028846153846153,6.184810126582279,298.4777215189873,6.063291139240507,8.3,307.23758620689654,6.189655172413793,4.7215686274509805,309.68549019607843,5.901960784313726,9.057777777777778,315.7886666666667,6.133333333333334,11.286486486486487,315.82216216216216,6.513513513513513,3.771428571428572,320.53464285714284,6.642857142857143,12.416000000000002,329.7432,6.72,1.4857142857142858,335.1142857142857,5.857142857142857,5.626666666666667,335.81,6.733333333333333,3.1,338.62416666666667,6.75,10.266666666666667,339.2711111111111,6.0,-1.0,343.98375,5.75,8.64,341.178,5.8,-1.0,338.33000000000004,5.0,24.1,346.85,6.0,-1.0,351.15999999999997,6.5,-1.0,356.015,4.0,False,True,False,False,False,False,False,False,False,False,False,False,False,False,False,False
7,-1,108.82,5,-1,109.49,4.0,14,118.29,10.0,15,122.31,180.0,16.0,126.08,100.0,17.0,130.26,32.0,-1.0,137.45,3.0,12.037473233404711,230.39813704496785,41.95289079229122,10.877932960893855,238.12659217877098,30.310055865921786,10.177131782945736,246.79166666666666,17.75968992248062,11.51222222222222,258.64344444444447,11.255555555555556,8.044117647058824,272.95323529411763,6.6911764705882355,8.096153846153847,283.06673076923073,8.028846153846153,6.184810126582279,298.4777215189873,6.063291139240507,8.3,307.23758620689654,6.189655172413793,4.7215686274509805,309.68549019607843,5.901960784313726,9.057777777777778,315.7886666666667,6.133333333333334,11.286486486486487,315.82216216216216,6.513513513513513,3.771428571428572,320.53464285714284,6.642857142857143,12.416000000000002,329.7432,6.72,1.4857142857142858,335.1142857142857,5.857142857142857,5.626666666666667,335.81,6.733333333333333,3.1,338.62416666666667,6.75,10.266666666666667,339.2711111111111,6.0,-1.0,343.98375,5.75,8.64,341.178,5.8,-1.0,338.33000000000004,5.0,24.1,346.85,6.0,-1.0,351.15999999999997,6.5,-1.0,356.015,4.0,False,False,False,False,False,False,False,False,True,False,False,False,False,False,False,False
6,7,172.46,66,8,176.57,8.0,9,180.62,28.0,9.3,183.81,89.0,-1.0,196.29,3.0,13.3,200.53,3.0,12.041229656419528,226.86157323688968,52.7992766726944,12.037473233404711,230.39813704496785,41.95289079229122,10.877932960893855,238.12659217877098,30.310055865921786,10.177131782945736,246.79166666666666,17.75968992248062,11.51222222222222,258.64344444444447,11.255555555555556,8.044117647058824,272.95323529411763,6.6911764705882355,8.096153846153847,283.06673076923073,8.028846153846153,6.184810126582279,298.4777215189873,6.063291139240507,8.3,307.23758620689654,6.189655172413793,4.7215686274509805,309.68549019607843,5.901960784313726,9.057777777777778,315.7886666666667,6.133333333333334,11.286486486486487,315.82216216216216,6.513513513513513,3.771428571428572,320.53464285714284,6.642857142857143,12.416000000000002,329.7432,6.72,1.4857142857142858,335.1142857142857,5.857142857142857,5.626666666666667,335.81,6.733333333333333,3.1,338.62416666666667,6.75,10.266666666666667,339.2711111111111,6.0,-1.0,343.98375,5.75,8.64,341.178,5.8,-1.0,338.33000000000004,5.0,24.1,346.85,6.0,-1.0,351.15999999999997,6.5,-1.0,356.015,4.0,False,False,False,False,False,False,False,False,False,False,False,False,False,True,False,False
7,8,215.24,4,9,219.69,3.0,-1,220.92,5.0,11,227.09,17.0,12.0,231.26,53.0,13.0,235.28,55.0,16.0,247.88,2.0,12.037473233404711,230.39813704496785,41.95289079229122,10.877932960893855,238.12659217877098,30.310055865921786,10.177131782945736,246.79166666666666,17.75968992248062,11.51222222222222,258.64344444444447,11.255555555555556,8.044117647058824,272.95323529411763,6.6911764705882355,8.096153846153847,283.06673076923073,8.028846153846153,6.184810126582279,298.4777215189873,6.063291139240507,8.3,307.23758620689654,6.189655172413793,4.7215686274509805,309.68549019607843,5.901960784313726,9.057777777777778,315.7886666666667,6.133333333333334,11.286486486486487,315.82216216216216,6.513513513513513,3.771428571428572,320.53464285714284,6.642857142857143,12.416000000000002,329.7432,6.72,1.4857142857142858,335.1142857142857,5.857142857142857,5.626666666666667,335.81,6.733333333333333,3.1,338.62416666666667,6.75,10.266666666666667,339.2711111111111,6.0,-1.0,343.98375,5.75,8.64,341.178,5.8,-1.0,338.33000000000004,5.0,24.1,346.85,6.0,-1.0,351.15999999999997,6.5,-1.0,356.015,4.0,False,False,True,False,False,False,False,False,False,False,False,False,False,False,False,False
6,9,267.26,42,-1,268.81,3.0,10,271.21,63.0,11,275.17,24.0,-1.0,285.01,3.0,-1.0,293.09,3.0,12.041229656419528,226.86157323688968,52.7992766726944,12.037473233404711,230.39813704496785,41.95289079229122,10.877932960893855,238.12659217877098,30.310055865921786,10.177131782945736,246.79166666666666,17.75968992248062,11.51222222222222,258.64344444444447,11.255555555555556,8.044117647058824,272.95323529411763,6.6911764705882355,8.096153846153847,283.06673076923073,8.028846153846153,6.184810126582279,298.4777215189873,6.063291139240507,8.3,307.23758620689654,6.189655172413793,4.7215686274509805,309.68549019607843,5.901960784313726,9.057777777777778,315.7886666666667,6.133333333333334,11.286486486486487,315.82216216216216,6.513513513513513,3.771428571428572,320.53464285714284,6.642857142857143,12.416000000000002,329.7432,6.72,1.4857142857142858,335.1142857142857,5.857142857142857,5.626666666666667,335.81,6.733333333333333,3.1,338.62416666666667,6.75,10.266666666666667,339.2711111111111,6.0,-1.0,343.98375,5.75,8.64,341.178,5.8,-1.0,338.33000000000004,5.0,24.1,346.85,6.0,-1.0,351.15999999999997,6.5,-1.0,356.015,4.0,False,False,False,True,False,False,False,False,False,False,False,False,False,False,False,False
15,-1,301.73,3,-1,306.84,4.0,-1,310.32,2.0,-1,314.0,3.0,19.0,320.96,28.0,22.0,333.06,48.0,23.0,336.93,22.0,-1.0,340.32,1.0,-1.0,341.53,3.0,-1.0,344.18,4.0,25.0,345.38,3.0,-1.0,351.33,4.0,-1.0,352.29,4.0,-1.0,353.98,4.0,-1.0,363.09,3.0,4.7215686274509805,309.68549019607843,5.901960784313726,9.057777777777778,315.7886666666667,6.133333333333334,11.286486486486487,315.82216216216216,6.513513513513513,3.771428571428572,320.53464285714284,6.642857142857143,12.416000000000002,329.7432,6.72,1.4857142857142858,335.1142857142857,5.857142857142857,5.626666666666667,335.81,6.733333333333333,3.1,338.62416666666667,6.75,10.266666666666667,339.2711111111111,6.0,-1.0,343.98375,5.75,8.64,341.178,5.8,-1.0,338.33000000000004,5.0,24.1,346.85,6.0,-1.0,351.15999999999997,6.5,-1.0,356.015,4.0,False,False,False,False,False,False,False,True,False,False,False,False,False,False,False,False
8,-1,100.38,6,11,108.08,13.0,13,116.22,116.0,13.2,118.15,56.0,14.0,120.07,107.0,15.2,125.94,15.0,16.2,130.04,107.0,17.0,131.44,6.0,10.877932960893855,238.12659217877098,30.310055865921786,10.177131782945736,246.79166666666666,17.75968992248062,11.51222222222222,258.64344444444447,11.255555555555556,8.044117647058824,272.95323529411763,6.6911764705882355,8.096153846153847,283.06673076923073,8.028846153846153,6.184810126582279,298.4777215189873,6.063291139240507,8.3,307.23758620689654,6.189655172413793,4.7215686274509805,309.68549019607843,5.901960784313726,9.057777777777778,315.7886666666667,6.133333333333334,11.286486486486487,315.82216216216216,6.513513513513513,3.771428571428572,320.53464285714284,6.642857142857143,12.416000000000002,329.7432,6.72,1.4857142857142858,335.1142857142857,5.857142857142857,5.626666666666667,335.81,6.733333333333333,3.1,338.62416666666667,6.75,10.266666666666667,339.2711111111111,6.0,-1.0,343.98375,5.75,8.64,341.178,5.8,-1.0,338.33000000000004,5.0,24.1,346.85,6.0,-1.0,351.15999999999997,6.5,-1.0,356.015,4.0,False,False,False,False,False,True,False,False,False,False,False,False,False,False,False,False
19,10,147.55,3,-1,153.76,4.0,-1,158.46,5.0,13,160.0,14.0,-1.0,162.96,8.0,-1.0,165.77,5.0,-1.0,166.6,5.0,15.0,167.97,26.0,-1.0,174.28,3.0,17.0,176.19,23.0,18.0,180.16,52.0,18.2,182.56,4.0,-1.0,186.91,4.0,-1.0,196.05,3.0,22.0,196.67,5.0,-1.0,198.99,4.0,-1.0,203.84,5.0,24.0,204.9,7.0,-1.0,206.19,7.0,12.416000000000002,329.7432,6.72,1.4857142857142858,335.1142857142857,5.857142857142857,5.626666666666667,335.81,6.733333333333333,3.1,338.62416666666667,6.75,10.266666666666667,339.2711111111111,6.0,-1.0,343.98375,5.75,8.64,341.178,5.8,-1.0,338.33000000000004,5.0,24.1,346.85,6.0,-1.0,351.15999999999997,6.5,-1.0,356.015,4.0,False,False,False,False,False,False,False,False,False,False,False,False,False,False,False,True
7,5,216.57,5,-1,218.91,4.0,6,220.85,3.0,8,228.71,59.0,10.0,236.75,19.0,11.0,240.79,24.0,12.0,244.9,42.0,12.037473233404711,230.39813704496785,41.95289079229122,10.877932960893855,238.12659217877098,30.310055865921786,10.177131782945736,246.79166666666666,17.75968992248062,11.51222222222222,258.64344444444447,11.255555555555556,8.044117647058824,272.95323529411763,6.6911764705882355,8.096153846153847,283.06673076923073,8.028846153846153,6.184810126582279,298.4777215189873,6.063291139240507,8.3,307.23758620689654,6.189655172413793,4.7215686274509805,309.68549019607843,5.901960784313726,9.057777777777778,315.7886666666667,6.133333333333334,11.286486486486487,315.82216216216216,6.513513513513513,3.771428571428572,320.53464285714284,6.642857142857143,12.416000000000002,329.7432,6.72,1.4857142857142858,335.1142857142857,5.857142857142857,5.626666666666667,335.81,6.733333333333333,3.1,338.62416666666667,6.75,10.266666666666667,339.2711111111111,6.0,-1.0,343.98375,5.75,8.64,341.178,5.8,-1.0,338.33000000000004,5.0,24.1,346.85,6.0,-1.0,351.15999999999997,6.5,-1.0,356.015,4.0,False,False,False,False,False,False,False,False,False,False,False,False,False,False,True,False
14,-1,263.47,4,9.2,270.9,5.0,12,281.0,19.0,-1,291.93,7.0,15.0,293.16,11.0,16.0,297.08,4.0,-1.0,303.71,5.0,18.0,304.93,20.0,19.0,308.92,8.0,21.2,319.01,6.0,23.0,325.36,5.0,-1.0,328.62,4.0,-1.0,338.74,3.0,-1.0,346.51,6.0,8.3,307.23758620689654,6.189655172413793,4.7215686274509805,309.68549019607843,5.901960784313726,9.057777777777778,315.7886666666667,6.133333333333334,11.286486486486487,315.82216216216216,6.513513513513513,3.771428571428572,320.53464285714284,6.642857142857143,12.416000000000002,329.7432,6.72,1.4857142857142858,335.1142857142857,5.857142857142857,5.626666666666667,335.81,6.733333333333333,3.1,338.62416666666667,6.75,10.266666666666667,339.2711111111111,6.0,-1.0,343.98375,5.75,8.64,341.178,5.8,-1.0,338.33000000000004,5.0,24.1,346.85,6.0,-1.0,351.15999999999997,6.5,-1.0,356.015,4.0,False,False,False,False,True,False,False,False,False,False,False,False,False,False,False,False
2,X,104.87,284,Y,110.82,133.0,,210.75846753246756,71.04545454545455,,216.6818641810919,87.4513981358189,11.362921348314606,219.41106741573032,77.95786516853933,12.028571428571428,222.8513210445469,66.27035330261137,12.041229656419528,226.86157323688968,52.7992766726944,12.037473233404711,230.39813704496785,41.95289079229122,10.877932960893855,238.12659217877098,30.310055865921786,10.177131782945736,246.79166666666666,17.75968992248062,11.51222222222222,258.64344444444447,11.255555555555556,8.044117647058824,272.95323529411763,6.6911764705882355,8.096153846153847,283.06673076923073,8.028846153846153,6.184810126582279,298.4777215189873,6.063291139240507,8.3,307.23758620689654,6.189655172413793,4.7215686274509805,309.68549019607843,5.901960784313726,9.057777777777778,315.7886666666667,6.133333333333334,11.286486486486487,315.82216216216216,6.513513513513513,3.771428571428572,320.53464285714284,6.642857142857143,12.416000000000002,329.7432,6.72,1.4857142857142858,335.1142857142857,5.857142857142857,5.626666666666667,335.81,6.733333333333333,3.1,338.62416666666667,6.75,10.266666666666667,339.2711111111111,6.0,-1.0,343.98375,5.75,8.64,341.178,5.8,-1.0,338.33000000000004,5.0,24.1,346.85,6.0,-1.0,351.15999999999997,6.5,-1.0,356.015,4.0,True,False,False,False,False,False,False,False,False,False,False,False,False,False,False,False
6,-1,129.3,7,-1,132.99,9.0,-1,138.05,5.0,10,144.57,16.0,11.0,148.77,221.0,12.0,152.84,59.0,12.041229656419528,226.86157323688968,52.7992766726944,12.037473233404711,230.39813704496785,41.95289079229122,10.877932960893855,238.12659217877098,30.310055865921786,10.177131782945736,246.79166666666666,17.75968992248062,11.51222222222222,258.64344444444447,11.255555555555556,8.044117647058824,272.95323529411763,6.6911764705882355,8.096153846153847,283.06673076923073,8.028846153846153,6.184810126582279,298.4777215189873,6.063291139240507,8.3,307.23758620689654,6.189655172413793,4.7215686274509805,309.68549019607843,5.901960784313726,9.057777777777778,315.7886666666667,6.133333333333334,11.286486486486487,315.82216216216216,6.513513513513513,3.771428571428572,320.53464285714284,6.642857142857143,12.416000000000002,329.7432,6.72,1.4857142857142858,335.1142857142857,5.857142857142857,5.626666666666667,335.81,6.733333333333333,3.1,338.62416666666667,6.75,10.266666666666667,339.2711111111111,6.0,-1.0,343.98375,5.75,8.64,341.178,5.8,-1.0,338.33000000000004,5.0,24.1,346.85,6.0,-1.0,351.15999999999997,6.5,-1.0,356.015,4.0,False,False,False,False,False,False,False,False,False,True,False,False,False,False,False,False
21,-1,215.87,5,-1,217.81,3.0,-1,222.0,6.0,20,224.7,16.0,21.0,229.02,70.0,22.0,233.11,45.0,-1.0,247.96,5.0,26.0,249.45,27.0,27.0,253.42,34.0,28.0,257.44,21.0,-1.0,264.4,4.0,30.2,267.65,5.0,-1.0,270.05,7.0,-1.0,286.39,5.0,-1.0,293.78,9.0,-1.0,300.0,6.0,-1.0,309.39,6.0,-1.0,314.08,7.0,-1.0,335.75,6.0,47.2,336.54,6.0,-1.0,338.43,7.0,5.626666666666667,335.81,6.733333333333333,3.1,338.62416666666667,6.75,10.266666666666667,339.2711111111111,6.0,-1.0,343.98375,5.75,8.64,341.178,5.8,-1.0,338.33000000000004,5.0,24.1,346.85,6.0,-1.0,351.15999999999997,6.5,-1.0,356.015,4.0,False,False,False,False,False,False,False,False,False,False,False,False,True,False,False,False
6,10,129.36,6,11,133.48,136.0,12,137.5,79.0,13,141.77,68.0,14.0,145.93,172.0,15.0,150.04,59.0,12.041229656419528,226.86157323688968,52.7992766726944,12.037473233404711,230.39813704496785,41.95289079229122,10.877932960893855,238.12659217877098,30.310055865921786,10.177131782945736,246.79166666666666,17.75968992248062,11.51222222222222,258.64344444444447,11.255555555555556,8.044117647058824,272.95323529411763,6.6911764705882355,8.096153846153847,283.06673076923073,8.028846153846153,6.184810126582279,298.4777215189873,6.063291139240507,8.3,307.23758620689654,6.189655172413793,4.7215686274509805,309.68549019607843,5.901960784313726,9.057777777777778,315.7886666666667,6.133333333333334,11.286486486486487,315.82216216216216,6.513513513513513,3.771428571428572,320.53464285714284,6.642857142857143,12.416000000000002,329.7432,6.72,1.4857142857142858,335.1142857142857,5.857142857142857,5.626666666666667,335.81,6.733333333333333,3.1,338.62416666666667,6.75,10.266666666666667,339.2711111111111,6.0,-1.0,343.98375,5.75,8.64,341.178,5.8,-1.0,338.33000000000004,5.0,24.1,346.85,6.0,-1.0,351.15999999999997,6.5,-1.0,356.015,4.0,False,False,False,False,False,False,False,False,False,False,False,True,False,False,False,False
12,27,194.38,48,28,198.43,20.0,28.2,200.2,3.0,29,202.39,226.0,30.0,206.33,26.0,30.2,208.34,14.0,31.0,210.36,42.0,31.2,212.31,110.0,32.2,216.72,2.0,-1.0,221.85,3.0,35.0,226.57,32.0,-1.0,232.18,2.0,8.096153846153847,283.06673076923073,8.028846153846153,6.184810126582279,298.4777215189873,6.063291139240507,8.3,307.23758620689654,6.189655172413793,4.7215686274509805,309.68549019607843,5.901960784313726,9.057777777777778,315.7886666666667,6.133333333333334,11.286486486486487,315.82216216216216,6.513513513513513,3.771428571428572,320.53464285714284,6.642857142857143,12.416000000000002,329.7432,6.72,1.4857142857142858,335.1142857142857,5.857142857142857,5.626666666666667,335.81,6.733333333333333,3.1,338.62416666666667,6.75,10.266666666666667,339.2711111111111,6.0,-1.0,343.98375,5.75,8.64,341.178,5.8,-1.0,338.33000000000004,5.0,24.1,346.85,6.0,-1.0,351.15999999999997,6.5,-1.0,356.015,4.0,False,False,False,False,False,False,True,False,False,False,False,False,False,False,False,False
7,7,258.13,3,8,261.85,58.0,9,265.9,82.0,11,273.83,173.0,-1.0,284.06,2.0,-1.0,291.07,2.0,-1.0,291.69,2.0,12.037473233404711,230.39813704496785,41.95289079229122,10.877932960893855,238.12659217877098,30.310055865921786,10.177131782945736,246.79166666666666,17.75968992248062,11.51222222222222,258.64344444444447,11.255555555555556,8.044117647058824,272.95323529411763,6.6911764705882355,8.096153846153847,283.06673076923073,8.028846153846153,6.184810126582279,298.4777215189873,6.063291139240507,8.3,307.23758620689654,6.189655172413793,4.7215686274509805,309.68549019607843,5.901960784313726,9.057777777777778,315.7886666666667,6.133333333333334,11.286486486486487,315.82216216216216,6.513513513513513,3.771428571428572,320.53464285714284,6.642857142857143,12.416000000000002,329.7432,6.72,1.4857142857142858,335.1142857142857,5.857142857142857,5.626666666666667,335.81,6.733333333333333,3.1,338.62416666666667,6.75,10.266666666666667,339.2711111111111,6.0,-1.0,343.98375,5.75,8.64,341.178,5.8,-1.0,338.33000000000004,5.0,24.1,346.85,6.0,-1.0,351.15999999999997,6.5,-1.0,356.015,4.0,False,False,False,False,False,False,False,False,False,False,True,False,False,False,False,False
6,5,298.76,1,8,310.37,45.0,9,314.22,13.0,10,318.53,227.0,11.0,322.65,17.0,12.0,326.65,232.0,12.041229656419528,226.86157323688968,52.7992766726944,12.037473233404711,230.39813704496785,41.95289079229122,10.877932960893855,238.12659217877098,30.310055865921786,10.177131782945736,246.79166666666666,17.75968992248062,11.51222222222222,258.64344444444447,11.255555555555556,8.044117647058824,272.95323529411763,6.6911764705882355,8.096153846153847,283.06673076923073,8.028846153846153,6.184810126582279,298.4777215189873,6.063291139240507,8.3,307.23758620689654,6.189655172413793,4.7215686274509805,309.68549019607843,5.901960784313726,9.057777777777778,315.7886666666667,6.133333333333334,11.286486486486487,315.82216216216216,6.513513513513513,3.771428571428572,320.53464285714284,6.642857142857143,12.416000000000002,329.7432,6.72,1.4857142857142858,335.1142857142857,5.857142857142857,5.626666666666667,335.81,6.733333333333333,3.1,338.62416666666667,6.75,10.266666666666667,339.2711111111111,6.0,-1.0,343.98375,5.75,8.64,341.178,5.8,-1.0,338.33000000000004,5.0,24.1,346.85,6.0,-1.0,351.15999999999997,6.5,-1.0,356.015,4.0,False,True,False,False,False,False,False,False,False,False,False,False,False,False,False,False
8,-1,94.71,2,-1,95.25,2.0,-1,103.95,2.0,12,109.67,4.0,14.0,118.15,31.0,15.0,122.08,438.0,16.0,126.0,254.0,17.0,130.22,51.0,10.877932960893855,238.12659217877098,30.310055865921786,10.177131782945736,246.79166666666666,17.75968992248062,11.51222222222222,258.64344444444447,11.255555555555556,8.044117647058824,272.95323529411763,6.6911764705882355,8.096153846153847,283.06673076923073,8.028846153846153,6.184810126582279,298.4777215189873,6.063291139240507,8.3,307.23758620689654,6.189655172413793,4.7215686274509805,309.68549019607843,5.901960784313726,9.057777777777778,315.7886666666667,6.133333333333334,11.286486486486487,315.82216216216216,6.513513513513513,3.771428571428572,320.53464285714284,6.642857142857143,12.416000000000002,329.7432,6.72,1.4857142857142858,335.1142857142857,5.857142857142857,5.626666666666667,335.81,6.733333333333333,3.1,338.62416666666667,6.75,10.266666666666667,339.2711111111111,6.0,-1.0,343.98375,5.75,8.64,341.178,5.8,-1.0,338.33000000000004,5.0,24.1,346.85,6.0,-1.0,351.15999999999997,6.5,-1.0,356.015,4.0,False,False,False,False,False,False,False,False,True,False,False,False,False,False,False,False
10,-1,161.56,2,-1,162.85,1.0,6,168.27,6.0,7,172.33,239.0,8.0,176.4,271.0,9.0,180.48,123.0,9.3,183.65,168.0,-1.0,193.42,3.0,-1.0,195.41,3.0,-1.0,197.95,4.0,11.51222222222222,258.64344444444447,11.255555555555556,8.044117647058824,272.95323529411763,6.6911764705882355,8.096153846153847,283.06673076923073,8.028846153846153,6.184810126582279,298.4777215189873,6.063291139240507,8.3,307.23758620689654,6.189655172413793,4.7215686274509805,309.68549019607843,5.901960784313726,9.057777777777778,315.7886666666667,6.133333333333334,11.286486486486487,315.82216216216216,6.513513513513513,3.771428571428572,320.53464285714284,6.642857142857143,12.416000000000002,329.7432,6.72,1.4857142857142858,335.1142857142857,5.857142857142857,5.626666666666667,335.81,6.733333333333333,3.1,338.62416666666667,6.75,10.266666666666667,339.2711111111111,6.0,-1.0,343.98375,5.75,8.64,341.178,5.8,-1.0,338.33000000000004,5.0,24.1,346.85,6.0,-1.0,351.15999999999997,6.5,-1.0,356.015,4.0,False,False,False,False,False,False,False,False,False,False,False,False,False,True,False,False
10,-1,217.55,3,9,219.44,3.0,10,223.28,11.0,11,227.18,186.0,12.0,231.22,379.0,13.0,235.27,140.0,-1.0,241.42,2.0,-1.0,242.12,3.0,15.0,243.18,3.0,-1.0,246.28,3.0,11.51222222222222,258.64344444444447,11.255555555555556,8.044117647058824,272.95323529411763,6.6911764705882355,8.096153846153847,283.06673076923073,8.028846153846153,6.184810126582279,298.4777215189873,6.063291139240507,8.3,307.23758620689654,6.189655172413793,4.7215686274509805,309.68549019607843,5.901960784313726,9.057777777777778,315.7886666666667,6.133333333333334,11.286486486486487,315.82216216216216,6.513513513513513,3.771428571428572,320.53464285714284,6.642857142857143,12.416000000000002,329.7432,6.72,1.4857142857142858,335.1142857142857,5.857142857142857,5.626666666666667,335.81,6.733333333333333,3.1,338.62416666666667,6.75,10.266666666666667,339.2711111111111,6.0,-1.0,343.98375,5.75,8.64,341.178,5.8,-1.0,338.33000000000004,5.0,24.1,346.85,6.0,-1.0,351.15999999999997,6.5,-1.0,356.015,4.0,False,False,True,False,False,False,False,False,False,False,False,False,False,False,False,False
10,-1,253.64,2,8,263.15,13.0,9,267.13,291.0,10,271.06,308.0,11.0,275.07,86.0,12.0,279.1,120.0,13.0,283.03,67.0,-1.0,289.08,2.0,-1.0,289.63,2.0,16.0,294.78,2.0,11.51222222222222,258.64344444444447,11.255555555555556,8.044117647058824,272.95323529411763,6.6911764705882355,8.096153846153847,283.06673076923073,8.028846153846153,6.184810126582279,298.4777215189873,6.063291139240507,8.3,307.23758620689654,6.189655172413793,4.7215686274509805,309.68549019607843,5.901960784313726,9.057777777777778,315.7886666666667,6.133333333333334,11.286486486486487,315.82216216216216,6.513513513513513,3.771428571428572,320.53464285714284,6.642857142857143,12.416000000000002,329.7432,6.72,1.4857142857142858,335.1142857142857,5.857142857142857,5.626666666666667,335.81,6.733333333333333,3.1,338.62416666666667,6.75,10.266666666666667,339.2711111111111,6.0,-1.0,343.98375,5.75,8.64,341.178,5.8,-1.0,338.33000000000004,5.0,24.1,346.85,6.0,-1.0,351.15999999999997,6.5,-1.0,356.015,4.0,False,False,False,True,False,False,False,False,False,False,False,False,False,False,False,False
13,-1,309.47,2,17,312.46,4.0,18,316.62,9.0,19,320.72,139.0,20.0,324.73,27.0,21.0,328.72,20.0,22.0,332.85,233.0,23.0,336.82,121.0,25.0,344.96,14.0,-1.0,347.19,7.0,-1.0,348.48,2.0,27.0,353.16,2.0,28.0,357.91,2.0,6.184810126582279,298.4777215189873,6.063291139240507,8.3,307.23758620689654,6.189655172413793,4.7215686274509805,309.68549019607843,5.901960784313726,9.057777777777778,315.7886666666667,6.133333333333334,11.286486486486487,315.82216216216216,6.513513513513513,3.771428571428572,320.53464285714284,6.642857142857143,12.416000000000002,329.7432,6.72,1.4857142857142858,335.1142857142857,5.857142857142857,5.626666666666667,335.81,6.733333333333333,3.1,338.62416666666667,6.75,10.266666666666667,339.2711111111111,6.0,-1.0,343.98375,5.75,8.64,341.178,5.8,-1.0,338.33000000000004,5.0,24.1,346.85,6.0,-1.0,351.15999999999997,6.5,-1.0,356.015,4.0,False,False,False,False,False,False,False,True,False,False,False,False,False,False,False,False
7,11,107.93,45,12.2,113.93,8.0,13,115.98,103.0,13.2,117.96,72.0,14.0,119.87,184.0,16.2,129.75,90.0,-1.0,141.29,5.0,12.037473233404711,230.39813704496785,41.95289079229122,10.877932960893855,238.12659217877098,30.310055865921786,10.177131782945736,246.79166666666666,17.75968992248062,11.51222222222222,258.64344444444447,11.255555555555556,8.044117647058824,272.95323529411763,6.6911764705882355,8.096153846153847,283.06673076923073,8.028846153846153,6.184810126582279,298.4777215189873,6.063291139240507,8.3,307.23758620689654,6.189655172413793,4.7215686274509805,309.68549019607843,5.901960784313726,9.057777777777778,315.7886666666667,6.133333333333334,11.286486486486487,315.82216216216216,6.513513513513513,3.771428571428572,320.53464285714284,6.642857142857143,12.416000000000002,329.7432,6.72,1.4857142857142858,335.1142857142857,5.857142857142857,5.626666666666667,335.81,6.733333333333333,3.1,338.62416666666667,6.75,10.266666666666667,339.2711111111111,6.0,-1.0,343.98375,5.75,8.64,341.178,5.8,-1.0,338.33000000000004,5.0,24.1,346.85,6.0,-1.0,351.15999999999997,6.5,-1.0,356.015,4.0,False,False,False,False,False,True,False,False,False,False,False,False,False,False,False,False
12,-1,154.57,3,13,159.86,91.0,-1,165.22,5.0,15,167.93,28.0,16.0,172.13,67.0,17.0,176.07,114.0,18.0,180.14,23.0,19.0,184.21,23.0,20.0,188.4,3.0,-1.0,191.43,5.0,22.0,196.71,4.0,23.0,200.73,5.0,8.096153846153847,283.06673076923073,8.028846153846153,6.184810126582279,298.4777215189873,6.063291139240507,8.3,307.23758620689654,6.189655172413793,4.7215686274509805,309.68549019607843,5.901960784313726,9.057777777777778,315.7886666666667,6.133333333333334,11.286486486486487,315.82216216216216,6.513513513513513,3.771428571428572,320.53464285714284,6.642857142857143,12.416000000000002,329.7432,6.72,1.4857142857142858,335.1142857142857,5.857142857142857,5.626666666666667,335.81,6.733333333333333,3.1,338.62416666666667,6.75,10.266666666666667,339.2711111111111,6.0,-1.0,343.98375,5.75,8.64,341.178,5.8,-1.0,338.33000000000004,5.0,24.1,346.85,6.0,-1.0,351.15999999999997,6.5,-1.0,356.015,4.0,False,False,False,False,False,False,False,False,False,False,False,False,False,False,False,True
7,-1,218.6,7,-1,219.79,6.0,7,224.58,11.0,8,228.55,526.0,10.0,236.5,81.0,11.0,240.57,120.0,12.0,244.67,47.0,12.037473233404711,230.39813704496785,41.95289079229122,10.877932960893855,238.12659217877098,30.310055865921786,10.177131782945736,246.79166666666666,17.75968992248062,11.51222222222222,258.64344444444447,11.255555555555556,8.044117647058824,272.95323529411763,6.6911764705882355,8.096153846153847,283.06673076923073,8.028846153846153,6.184810126582279,298.4777215189873,6.063291139240507,8.3,307.23758620689654,6.189655172413793,4.7215686274509805,309.68549019607843,5.901960784313726,9.057777777777778,315.7886666666667,6.133333333333334,11.286486486486487,315.82216216216216,6.513513513513513,3.771428571428572,320.53464285714284,6.642857142857143,12.416000000000002,329.7432,6.72,1.4857142857142858,335.1142857142857,5.857142857142857,5.626666666666667,335.81,6.733333333333333,3.1,338.62416666666667,6.75,10.266666666666667,339.2711111111111,6.0,-1.0,343.98375,5.75,8.64,341.178,5.8,-1.0,338.33000000000004,5.0,24.1,346.85,6.0,-1.0,351.15999999999997,6.5,-1.0,356.015,4.0,False,False,False,False,False,False,False,False,False,False,False,False,False,False,True,False
9,12,280.76,54,13,284.88,119.0,14,288.87,7.0,15,292.86,37.0,17.0,300.87,29.0,18.0,304.87,116.0,-1.0,307.54,6.0,19.0,308.78,30.0,-1.0,346.11,7.0,10.177131782945736,246.79166666666666,17.75968992248062,11.51222222222222,258.64344444444447,11.255555555555556,8.044117647058824,272.95323529411763,6.6911764705882355,8.096153846153847,283.06673076923073,8.028846153846153,6.184810126582279,298.4777215189873,6.063291139240507,8.3,307.23758620689654,6.189655172413793,4.7215686274509805,309.68549019607843,5.901960784313726,9.057777777777778,315.7886666666667,6.133333333333334,11.286486486486487,315.82216216216216,6.513513513513513,3.771428571428572,320.53464285714284,6.642857142857143,12.416000000000002,329.7432,6.72,1.4857142857142858,335.1142857142857,5.857142857142857,5.626666666666667,335.81,6.733333333333333,3.1,338.62416666666667,6.75,10.266666666666667,339.2711111111111,6.0,-1.0,343.98375,5.75,8.64,341.178,5.8,-1.0,338.33000000000004,5.0,24.1,346.85,6.0,-1.0,351.15999999999997,6.5,-1.0,356.015,4.0,False,False,False,False,True,False,False,False,False,False,False,False,False,False,False,False
2,X,104.97,268,Y,110.81,97.0,,210.75846753246756,71.04545454545455,,216.6818641810919,87.4513981358189,11.362921348314606,219.41106741573032,77.95786516853933,12.028571428571428,222.8513210445469,66.27035330261137,12.041229656419528,226.86157323688968,52.7992766726944,12.037473233404711,230.39813704496785,41.95289079229122,10.877932960893855,238.12659217877098,30.310055865921786,10.177131782945736,246.79166666666666,17.75968992248062,11.51222222222222,258.64344444444447,11.255555555555556,8.044117647058824,272.95323529411763,6.6911764705882355,8.096153846153847,283.06673076923073,8.028846153846153,6.184810126582279,298.4777215189873,6.063291139240507,8.3,307.23758620689654,6.189655172413793,4.7215686274509805,309.68549019607843,5.901960784313726,9.057777777777778,315.7886666666667,6.133333333333334,11.286486486486487,315.82216216216216,6.513513513513513,3.771428571428572,320.53464285714284,6.642857142857143,12.416000000000002,329.7432,6.72,1.4857142857142858,335.1142857142857,5.857142857142857,5.626666666666667,335.81,6.733333333333333,3.1,338.62416666666667,6.75,10.266666666666667,339.2711111111111,6.0,-1.0,343.98375,5.75,8.64,341.178,5.8,-1.0,338.33000000000004,5.0,24.1,346.85,6.0,-1.0,351.15999999999997,6.5,-1.0,356.015,4.0,True,False,False,False,False,False,False,False,False,False,False,False,False,False,False,False
10,-1,127.18,5,6,128.7,9.0,-1,139.32,6.0,9,140.82,8.0,10.0,144.64,12.0,11.0,148.74,152.0,12.0,152.85,217.0,13.0,156.97,96.0,15.0,165.01,3.0,-1.0,177.49,8.0,11.51222222222222,258.64344444444447,11.255555555555556,8.044117647058824,272.95323529411763,6.6911764705882355,8.096153846153847,283.06673076923073,8.028846153846153,6.184810126582279,298.4777215189873,6.063291139240507,8.3,307.23758620689654,6.189655172413793,4.7215686274509805,309.68549019607843,5.901960784313726,9.057777777777778,315.7886666666667,6.133333333333334,11.286486486486487,315.82216216216216,6.513513513513513,3.771428571428572,320.53464285714284,6.642857142857143,12.416000000000002,329.7432,6.72,1.4857142857142858,335.1142857142857,5.857142857142857,5.626666666666667,335.81,6.733333333333333,3.1,338.62416666666667,6.75,10.266666666666667,339.2711111111111,6.0,-1.0,343.98375,5.75,8.64,341.178,5.8,-1.0,338.33000000000004,5.0,24.1,346.85,6.0,-1.0,351.15999999999997,6.5,-1.0,356.015,4.0,False,False,False,False,False,False,False,False,False,True,False,False,False,False,False,False
19,16,208.21,7,-1,220.07,6.0,19,220.82,10.0,-1,221.98,6.0,20.0,224.99,80.0,21.0,229.03,173.0,22.0,233.07,24.0,26.0,249.51,30.0,27.0,253.64,33.0,28.0,257.46,21.0,-1.0,286.47,7.0,-1.0,288.6,5.0,-1.0,290.45,3.0,-1.0,298.42,3.0,-1.0,302.02,4.0,-1.0,313.3,5.0,-1.0,339.65,4.0,51.2,352.29,5.0,-1.0,357.91,5.0,12.416000000000002,329.7432,6.72,1.4857142857142858,335.1142857142857,5.857142857142857,5.626666666666667,335.81,6.733333333333333,3.1,338.62416666666667,6.75,10.266666666666667,339.2711111111111,6.0,-1.0,343.98375,5.75,8.64,341.178,5.8,-1.0,338.33000000000004,5.0,24.1,346.85,6.0,-1.0,351.15999999999997,6.5,-1.0,356.015,4.0,False,False,False,False,False,False,False,False,False,False,False,False,True,False,False,False
10,11,133.49,37,-1,135.11,3.0,13,141.82,26.0,14,145.92,60.0,-1.0,147.75,1.0,-1.0,151.95,4.0,-1.0,153.4,4.0,-1.0,161.21,2.0,19.0,166.56,3.0,-1.0,168.52,2.0,11.51222222222222,258.64344444444447,11.255555555555556,8.044117647058824,272.95323529411763,6.6911764705882355,8.096153846153847,283.06673076923073,8.028846153846153,6.184810126582279,298.4777215189873,6.063291139240507,8.3,307.23758620689654,6.189655172413793,4.7215686274509805,309.68549019607843,5.901960784313726,9.057777777777778,315.7886666666667,6.133333333333334,11.286486486486487,315.82216216216216,6.513513513513513,3.771428571428572,320.53464285714284,6.642857142857143,12.416000000000002,329.7432,6.72,1.4857142857142858,335.1142857142857,5.857142857142857,5.626666666666667,335.81,6.733333333333333,3.1,338.62416666666667,6.75,10.266666666666667,339.2711111111111,6.0,-1.0,343.98375,5.75,8.64,341.178,5.8,-1.0,338.33000000000004,5.0,24.1,346.85,6.0,-1.0,351.15999999999997,6.5,-1.0,356.015,4.0,False,False,False,False,False,False,False,False,False,False,False,True,False,False,False,False
12,25,186.16,2,-1,187.47,2.0,-1,189.32,2.0,26,190.39,5.0,27.0,194.54,44.0,-1.0,198.0,3.0,29.0,202.55,16.0,31.0,210.53,11.0,31.2,212.57,24.0,-1.0,213.77,2.0,35.0,226.72,22.0,-1.0,229.48,3.0,8.096153846153847,283.06673076923073,8.028846153846153,6.184810126582279,298.4777215189873,6.063291139240507,8.3,307.23758620689654,6.189655172413793,4.7215686274509805,309.68549019607843,5.901960784313726,9.057777777777778,315.7886666666667,6.133333333333334,11.286486486486487,315.82216216216216,6.513513513513513,3.771428571428572,320.53464285714284,6.642857142857143,12.416000000000002,329.7432,6.72,1.4857142857142858,335.1142857142857,5.857142857142857,5.626666666666667,335.81,6.733333333333333,3.1,338.62416666666667,6.75,10.266666666666667,339.2711111111111,6.0,-1.0,343.98375,5.75,8.64,341.178,5.8,-1.0,338.33000000000004,5.0,24.1,346.85,6.0,-1.0,351.15999999999997,6.5,-1.0,356.015,4.0,False,False,False,False,False,False,True,False,False,False,False,False,False,False,False,False
7,9,265.98,20,9.2,268.36,2.0,10,269.9,3.0,11,274.06,22.0,-1.0,283.65,3.0,-1.0,286.54,1.0,15.0,289.66,3.0,12.037473233404711,230.39813704496785,41.95289079229122,10.877932960893855,238.12659217877098,30.310055865921786,10.177131782945736,246.79166666666666,17.75968992248062,11.51222222222222,258.64344444444447,11.255555555555556,8.044117647058824,272.95323529411763,6.6911764705882355,8.096153846153847,283.06673076923073,8.028846153846153,6.184810126582279,298.4777215189873,6.063291139240507,8.3,307.23758620689654,6.189655172413793,4.7215686274509805,309.68549019607843,5.901960784313726,9.057777777777778,315.7886666666667,6.133333333333334,11.286486486486487,315.82216216216216,6.513513513513513,3.771428571428572,320.53464285714284,6.642857142857143,12.416000000000002,329.7432,6.72,1.4857142857142858,335.1142857142857,5.857142857142857,5.626666666666667,335.81,6.733333333333333,3.1,338.62416666666667,6.75,10.266666666666667,339.2711111111111,6.0,-1.0,343.98375,5.75,8.64,341.178,5.8,-1.0,338.33000000000004,5.0,24.1,346.85,6.0,-1.0,351.15999999999997,6.5,-1.0,356.015,4.0,False,False,False,False,False,False,False,False,False,False,True,False,False,False,False,False
10,-1,299.32,3,-1,299.77,3.0,-1,305.95,2.0,-1,315.8,1.0,10.0,318.68,12.0,-1.0,323.35,2.0,12.0,326.92,13.0,-1.0,331.96,2.0,-1.0,332.74,2.0,-1.0,333.53,2.0,11.51222222222222,258.64344444444447,11.255555555555556,8.044117647058824,272.95323529411763,6.6911764705882355,8.096153846153847,283.06673076923073,8.028846153846153,6.184810126582279,298.4777215189873,6.063291139240507,8.3,307.23758620689654,6.189655172413793,4.7215686274509805,309.68549019607843,5.901960784313726,9.057777777777778,315.7886666666667,6.133333333333334,11.286486486486487,315.82216216216216,6.513513513513513,3.771428571428572,320.53464285714284,6.642857142857143,12.416000000000002,329.7432,6.72,1.4857142857142858,335.1142857142857,5.857142857142857,5.626666666666667,335.81,6.733333333333333,3.1,338.62416666666667,6.75,10.266666666666667,339.2711111111111,6.0,-1.0,343.98375,5.75,8.64,341.178,5.8,-1.0,338.33000000000004,5.0,24.1,346.85,6.0,-1.0,351.15999999999997,6.5,-1.0,356.015,4.0,False,True,False,False,False,False,False,False,False,False,False,False,False,False,False,False
9,-1,99.71,3,-1,101.41,4.0,11,106.14,4.0,15,122.3,111.0,16.0,126.12,112.0,17.0,130.34,77.0,17.2,132.39,2.0,-1.0,133.64,4.0,-1.0,139.18,2.0,10.177131782945736,246.79166666666666,17.75968992248062,11.51222222222222,258.64344444444447,11.255555555555556,8.044117647058824,272.95323529411763,6.6911764705882355,8.096153846153847,283.06673076923073,8.028846153846153,6.184810126582279,298.4777215189873,6.063291139240507,8.3,307.23758620689654,6.189655172413793,4.7215686274509805,309.68549019607843,5.901960784313726,9.057777777777778,315.7886666666667,6.133333333333334,11.286486486486487,315.82216216216216,6.513513513513513,3.771428571428572,320.53464285714284,6.642857142857143,12.416000000000002,329.7432,6.72,1.4857142857142858,335.1142857142857,5.857142857142857,5.626666666666667,335.81,6.733333333333333,3.1,338.62416666666667,6.75,10.266666666666667,339.2711111111111,6.0,-1.0,343.98375,5.75,8.64,341.178,5.8,-1.0,338.33000000000004,5.0,24.1,346.85,6.0,-1.0,351.15999999999997,6.5,-1.0,356.015,4.0,False,False,False,False,False,False,False,False,True,False,False,False,False,False,False,False
10,-1,163.84,5,-1,166.78,3.0,6,168.37,3.0,7,172.52,38.0,8.0,176.6,59.0,9.0,180.69,66.0,9.3,183.77,89.0,13.0,197.08,4.0,-1.0,198.16,4.0,13.3,200.38,2.0,11.51222222222222,258.64344444444447,11.255555555555556,8.044117647058824,272.95323529411763,6.6911764705882355,8.096153846153847,283.06673076923073,8.028846153846153,6.184810126582279,298.4777215189873,6.063291139240507,8.3,307.23758620689654,6.189655172413793,4.7215686274509805,309.68549019607843,5.901960784313726,9.057777777777778,315.7886666666667,6.133333333333334,11.286486486486487,315.82216216216216,6.513513513513513,3.771428571428572,320.53464285714284,6.642857142857143,12.416000000000002,329.7432,6.72,1.4857142857142858,335.1142857142857,5.857142857142857,5.626666666666667,335.81,6.733333333333333,3.1,338.62416666666667,6.75,10.266666666666667,339.2711111111111,6.0,-1.0,343.98375,5.75,8.64,341.178,5.8,-1.0,338.33000000000004,5.0,24.1,346.85,6.0,-1.0,351.15999999999997,6.5,-1.0,356.015,4.0,False,False,False,False,False,False,False,False,False,False,False,False,False,True,False,False
9,-1,216.69,2,10,223.74,4.0,11,227.26,20.0,-1,228.86,3.0,12.0,231.24,38.0,13.0,235.31,18.0,-1.0,238.08,3.0,-1.0,244.31,4.0,16.0,247.59,3.0,10.177131782945736,246.79166666666666,17.75968992248062,11.51222222222222,258.64344444444447,11.255555555555556,8.044117647058824,272.95323529411763,6.6911764705882355,8.096153846153847,283.06673076923073,8.028846153846153,6.184810126582279,298.4777215189873,6.063291139240507,8.3,307.23758620689654,6.189655172413793,4.7215686274509805,309.68549019607843,5.901960784313726,9.057777777777778,315.7886666666667,6.133333333333334,11.286486486486487,315.82216216216216,6.513513513513513,3.771428571428572,320.53464285714284,6.642857142857143,12.416000000000002,329.7432,6.72,1.4857142857142858,335.1142857142857,5.857142857142857,5.626666666666667,335.81,6.733333333333333,3.1,338.62416666666667,6.75,10.266666666666667,339.2711111111111,6.0,-1.0,343.98375,5.75,8.64,341.178,5.8,-1.0,338.33000000000004,5.0,24.1,346.85,6.0,-1.0,351.15999999999997,6.5,-1.0,356.015,4.0,False,False,True,False,False,False,False,False,False,False,False,False,False,False,False,False
9,-1,250.38,3,-1,257.0,3.0,9,267.21,20.0,10,271.28,47.0,11.0,275.21,5.0,12.0,279.23,33.0,13.0,283.27,1.0,14.0,287.53,2.0,-1.0,294.0,4.0,10.177131782945736,246.79166666666666,17.75968992248062,11.51222222222222,258.64344444444447,11.255555555555556,8.044117647058824,272.95323529411763,6.6911764705882355,8.096153846153847,283.06673076923073,8.028846153846153,6.184810126582279,298.4777215189873,6.063291139240507,8.3,307.23758620689654,6.189655172413793,4.7215686274509805,309.68549019607843,5.901960784313726,9.057777777777778,315.7886666666667,6.133333333333334,11.286486486486487,315.82216216216216,6.513513513513513,3.771428571428572,320.53464285714284,6.642857142857143,12.416000000000002,329.7432,6.72,1.4857142857142858,335.1142857142857,5.857142857142857,5.626666666666667,335.81,6.733333333333333,3.1,338.62416666666667,6.75,10.266666666666667,339.2711111111111,6.0,-1.0,343.98375,5.75,8.64,341.178,5.8,-1.0,338.33000000000004,5.0,24.1,346.85,6.0,-1.0,351.15999999999997,6.5,-1.0,356.015,4.0,False,False,False,True,False,False,False,False,False,False,False,False,False,False,False,False
6,-1,302.32,3,19,321.12,5.0,22,332.98,16.0,23,336.97,9.0,25.0,345.24,5.0,-1.0,360.39,2.0,12.041229656419528,226.86157323688968,52.7992766726944,12.037473233404711,230.39813704496785,41.95289079229122,10.877932960893855,238.12659217877098,30.310055865921786,10.177131782945736,246.79166666666666,17.75968992248062,11.51222222222222,258.64344444444447,11.255555555555556,8.044117647058824,272.95323529411763,6.6911764705882355,8.096153846153847,283.06673076923073,8.028846153846153,6.184810126582279,298.4777215189873,6.063291139240507,8.3,307.23758620689654,6.189655172413793,4.7215686274509805,309.68549019607843,5.901960784313726,9.057777777777778,315.7886666666667,6.133333333333334,11.286486486486487,315.82216216216216,6.513513513513513,3.771428571428572,320.53464285714284,6.642857142857143,12.416000000000002,329.7432,6.72,1.4857142857142858,335.1142857142857,5.857142857142857,5.626666666666667,335.81,6.733333333333333,3.1,338.62416666666667,6.75,10.266666666666667,339.2711111111111,6.0,-1.0,343.98375,5.75,8.64,341.178,5.8,-1.0,338.33000000000004,5.0,24.1,346.85,6.0,-1.0,351.15999999999997,6.5,-1.0,356.015,4.0,False,False,False,False,False,False,False,True,False,False,False,False,False,False,False,False
11,-1,96.12,7,11,107.99,16.0,-1,108.94,3.0,-1,110.7,5.0,12.0,112.1,10.0,13.0,116.15,110.0,13.2,118.15,73.0,14.0,120.07,30.0,14.2,122.15,87.0,16.2,129.97,98.0,17.0,131.88,5.0,8.044117647058824,272.95323529411763,6.6911764705882355,8.096153846153847,283.06673076923073,8.028846153846153,6.184810126582279,298.4777215189873,6.063291139240507,8.3,307.23758620689654,6.189655172413793,4.7215686274509805,309.68549019607843,5.901960784313726,9.057777777777778,315.7886666666667,6.133333333333334,11.286486486486487,315.82216216216216,6.513513513513513,3.771428571428572,320.53464285714284,6.642857142857143,12.416000000000002,329.7432,6.72,1.4857142857142858,335.1142857142857,5.857142857142857,5.626666666666667,335.81,6.733333333333333,3.1,338.62416666666667,6.75,10.266666666666667,339.2711111111111,6.0,-1.0,343.98375,5.75,8.64,341.178,5.8,-1.0,338.33000000000004,5.0,24.1,346.85,6.0,-1.0,351.15999999999997,6.5,-1.0,356.015,4.0,False,False,False,False,False,True,False,False,False,False,False,False,False,False,False,False
10,-1,150.19,6,-1,156.46,5.0,13,159.85,16.0,-1,169.5,5.0,16.0,172.14,65.0,17.0,176.14,80.0,-1.0,177.43,5.0,19.0,184.31,39.0,22.0,196.31,7.0,24.0,204.88,4.0,11.51222222222222,258.64344444444447,11.255555555555556,8.044117647058824,272.95323529411763,6.6911764705882355,8.096153846153847,283.06673076923073,8.028846153846153,6.184810126582279,298.4777215189873,6.063291139240507,8.3,307.23758620689654,6.189655172413793,4.7215686274509805,309.68549019607843,5.901960784313726,9.057777777777778,315.7886666666667,6.133333333333334,11.286486486486487,315.82216216216216,6.513513513513513,3.771428571428572,320.53464285714284,6.642857142857143,12.416000000000002,329.7432,6.72,1.4857142857142858,335.1142857142857,5.857142857142857,5.626666666666667,335.81,6.733333333333333,3.1,338.62416666666667,6.75,10.266666666666667,339.2711111111111,6.0,-1.0,343.98375,5.75,8.64,341.178,5.8,-1.0,338.33000000000004,5.0,24.1,346.85,6.0,-1.0,351.15999999999997,6.5,-1.0,356.015,4.0,False,False,False,False,False,False,False,False,False,False,False,False,False,False,False,True
11,-1,213.62,5,-1,226.26,4.0,8,228.63,35.0,-1,231.62,5.0,-1.0,234.54,7.0,10.0,236.77,37.0,12.0,245.02,14.0,-1.0,247.12,5.0,-1.0,247.75,5.0,-1.0,251.96,6.0,-1.0,254.6,8.0,8.044117647058824,272.95323529411763,6.6911764705882355,8.096153846153847,283.06673076923073,8.028846153846153,6.184810126582279,298.4777215189873,6.063291139240507,8.3,307.23758620689654,6.189655172413793,4.7215686274509805,309.68549019607843,5.901960784313726,9.057777777777778,315.7886666666667,6.133333333333334,11.286486486486487,315.82216216216216,6.513513513513513,3.771428571428572,320.53464285714284,6.642857142857143,12.416000000000002,329.7432,6.72,1.4857142857142858,335.1142857142857,5.857142857142857,5.626666666666667,335.81,6.733333333333333,3.1,338.62416666666667,6.75,10.266666666666667,339.2711111111111,6.0,-1.0,343.98375,5.75,8.64,341.178,5.8,-1.0,338.33000000000004,5.0,24.1,346.85,6.0,-1.0,351.15999999999997,6.5,-1.0,356.015,4.0,False,False,False,False,False,False,False,False,False,False,False,False,False,False,True,False
14,7,260.54,6,-1,263.52,7.0,8,264.22,5.0,-1,270.13,5.0,-1.0,279.92,5.0,12.0,280.99,14.0,15.0,292.93,33.0,-1.0,297.72,5.0,17.0,301.05,44.0,18.0,304.89,39.0,-1.0,306.03,6.0,-1.0,311.5,7.0,-1.0,331.41,4.0,27.0,341.51,9.0,8.3,307.23758620689654,6.189655172413793,4.7215686274509805,309.68549019607843,5.901960784313726,9.057777777777778,315.7886666666667,6.133333333333334,11.286486486486487,315.82216216216216,6.513513513513513,3.771428571428572,320.53464285714284,6.642857142857143,12.416000000000002,329.7432,6.72,1.4857142857142858,335.1142857142857,5.857142857142857,5.626666666666667,335.81,6.733333333333333,3.1,338.62416666666667,6.75,10.266666666666667,339.2711111111111,6.0,-1.0,343.98375,5.75,8.64,341.178,5.8,-1.0,338.33000000000004,5.0,24.1,346.85,6.0,-1.0,351.15999999999997,6.5,-1.0,356.015,4.0,False,False,False,False,True,False,False,False,False,False,False,False,False,False,False,False
3,X,104.89,190,-1,106.29,9.0,Y,110.78,62.0,,216.6818641810919,87.4513981358189,11.362921348314606,219.41106741573032,77.95786516853933,12.028571428571428,222.8513210445469,66.27035330261137,12.041229656419528,226.86157323688968,52.7992766726944,12.037473233404711,230.39813704496785,41.95289079229122,10.877932960893855,238.12659217877098,30.310055865921786,10.177131782945736,246.79166666666666,17.75968992248062,11.51222222222222,258.64344444444447,11.255555555555556,8.044117647058824,272.95323529411763,6.6911764705882355,8.096153846153847,283.06673076923073,8.028846153846153,6.184810126582279,298.4777215189873,6.063291139240507,8.3,307.23758620689654,6.189655172413793,4.7215686274509805,309.68549019607843,5.901960784313726,9.057777777777778,315.7886666666667,6.133333333333334,11.286486486486487,315.82216216216216,6.513513513513513,3.771428571428572,320.53464285714284,6.642857142857143,12.416000000000002,329.7432,6.72,1.4857142857142858,335.1142857142857,5.857142857142857,5.626666666666667,335.81,6.733333333333333,3.1,338.62416666666667,6.75,10.266666666666667,339.2711111111111,6.0,-1.0,343.98375,5.75,8.64,341.178,5.8,-1.0,338.33000000000004,5.0,24.1,346.85,6.0,-1.0,351.15999999999997,6.5,-1.0,356.015,4.0,True,False,False,False,False,False,False,False,False,False,False,False,False,False,False,False
8,-1,139.85,7,-1,141.52,10.0,10,144.63,7.0,11,148.74,81.0,12.0,152.86,57.0,13.0,156.85,20.0,-1.0,158.69,6.0,-1.0,177.05,4.0,10.877932960893855,238.12659217877098,30.310055865921786,10.177131782945736,246.79166666666666,17.75968992248062,11.51222222222222,258.64344444444447,11.255555555555556,8.044117647058824,272.95323529411763,6.6911764705882355,8.096153846153847,283.06673076923073,8.028846153846153,6.184810126582279,298.4777215189873,6.063291139240507,8.3,307.23758620689654,6.189655172413793,4.7215686274509805,309.68549019607843,5.901960784313726,9.057777777777778,315.7886666666667,6.133333333333334,11.286486486486487,315.82216216216216,6.513513513513513,3.771428571428572,320.53464285714284,6.642857142857143,12.416000000000002,329.7432,6.72,1.4857142857142858,335.1142857142857,5.857142857142857,5.626666666666667,335.81,6.733333333333333,3.1,338.62416666666667,6.75,10.266666666666667,339.2711111111111,6.0,-1.0,343.98375,5.75,8.64,341.178,5.8,-1.0,338.33000000000004,5.0,24.1,346.85,6.0,-1.0,351.15999999999997,6.5,-1.0,356.015,4.0,False,False,False,False,False,False,False,False,False,True,False,False,False,False,False,False
26,16.2,210.68,8,18.2,218.92,7.0,21,228.94,49.0,22,233.0,33.0,22.2,234.85,6.0,-1.0,238.08,5.0,23.2,238.85,6.0,26.0,249.53,8.0,27.0,253.55,15.0,28.0,257.3,18.0,-1.0,262.76,5.0,-1.0,270.75,6.0,34.2,283.2,3.0,-1.0,285.1,7.0,-1.0,293.69,6.0,-1.0,294.45,6.0,-1.0,297.26,6.0,-1.0,301.42,7.0,-1.0,310.02,8.0,-1.0,315.15,8.0,-1.0,325.49,7.0,-1.0,337.51,5.0,-1.0,339.3,7.0,-1.0,341.11,7.0,-1.0,342.7,4.0,-1.0,346.51,3.0,-1.0,338.33000000000004,5.0,24.1,346.85,6.0,-1.0,351.15999999999997,6.5,-1.0,356.015,4.0,False,False,False,False,False,False,False,False,False,False,False,False,True,False,False,False
9,-1,111.72,1,-1,112.72,2.0,11,133.4,57.0,12,137.52,31.0,13.0,141.7,120.0,14.0,145.92,167.0,16.0,154.1,2.0,17.0,158.73,2.0,-1.0,168.23,4.0,10.177131782945736,246.79166666666666,17.75968992248062,11.51222222222222,258.64344444444447,11.255555555555556,8.044117647058824,272.95323529411763,6.6911764705882355,8.096153846153847,283.06673076923073,8.028846153846153,6.184810126582279,298.4777215189873,6.063291139240507,8.3,307.23758620689654,6.189655172413793,4.7215686274509805,309.68549019607843,5.901960784313726,9.057777777777778,315.7886666666667,6.133333333333334,11.286486486486487,315.82216216216216,6.513513513513513,3.771428571428572,320.53464285714284,6.642857142857143,12.416000000000002,329.7432,6.72,1.4857142857142858,335.1142857142857,5.857142857142857,5.626666666666667,335.81,6.733333333333333,3.1,338.62416666666667,6.75,10.266666666666667,339.2711111111111,6.0,-1.0,343.98375,5.75,8.64,341.178,5.8,-1.0,338.33000000000004,5.0,24.1,346.85,6.0,-1.0,351.15999999999997,6.5,-1.0,356.015,4.0,False,False,False,False,False,False,False,False,False,False,False,True,False,False,False,False
11,26,190.5,3,27,194.4,37.0,28,198.28,4.0,28.2,200.07,4.0,29.0,202.53,13.0,31.0,210.48,64.0,35.0,226.76,53.0,36.2,232.64,2.0,37.2,236.58,3.0,-1.0,239.85,2.0,38.2,241.0,2.0,8.044117647058824,272.95323529411763,6.6911764705882355,8.096153846153847,283.06673076923073,8.028846153846153,6.184810126582279,298.4777215189873,6.063291139240507,8.3,307.23758620689654,6.189655172413793,4.7215686274509805,309.68549019607843,5.901960784313726,9.057777777777778,315.7886666666667,6.133333333333334,11.286486486486487,315.82216216216216,6.513513513513513,3.771428571428572,320.53464285714284,6.642857142857143,12.416000000000002,329.7432,6.72,1.4857142857142858,335.1142857142857,5.857142857142857,5.626666666666667,335.81,6.733333333333333,3.1,338.62416666666667,6.75,10.266666666666667,339.2711111111111,6.0,-1.0,343.98375,5.75,8.64,341.178,5.8,-1.0,338.33000000000004,5.0,24.1,346.85,6.0,-1.0,351.15999999999997,6.5,-1.0,356.015,4.0,False,False,False,False,False,False,True,False,False,False,False,False,False,False,False,False
8,-1,247.79,3,5,250.15,3.0,8,261.94,31.0,9,265.9,22.0,10.0,269.87,10.0,11.0,273.99,156.0,-1.0,287.52,1.0,15.0,289.53,2.0,10.877932960893855,238.12659217877098,30.310055865921786,10.177131782945736,246.79166666666666,17.75968992248062,11.51222222222222,258.64344444444447,11.255555555555556,8.044117647058824,272.95323529411763,6.6911764705882355,8.096153846153847,283.06673076923073,8.028846153846153,6.184810126582279,298.4777215189873,6.063291139240507,8.3,307.23758620689654,6.189655172413793,4.7215686274509805,309.68549019607843,5.901960784313726,9.057777777777778,315.7886666666667,6.133333333333334,11.286486486486487,315.82216216216216,6.513513513513513,3.771428571428572,320.53464285714284,6.642857142857143,12.416000000000002,329.7432,6.72,1.4857142857142858,335.1142857142857,5.857142857142857,5.626666666666667,335.81,6.733333333333333,3.1,338.62416666666667,6.75,10.266666666666667,339.2711111111111,6.0,-1.0,343.98375,5.75,8.64,341.178,5.8,-1.0,338.33000000000004,5.0,24.1,346.85,6.0,-1.0,351.15999999999997,6.5,-1.0,356.015,4.0,False,False,False,False,False,False,False,False,False,False,True,False,False,False,False,False
7,-1,303.85,2,-1,309.92,2.0,10,318.63,34.0,10.2,320.31,2.0,11.0,322.96,3.0,12.0,326.83,22.0,-1.0,340.08,3.0,12.037473233404711,230.39813704496785,41.95289079229122,10.877932960893855,238.12659217877098,30.310055865921786,10.177131782945736,246.79166666666666,17.75968992248062,11.51222222222222,258.64344444444447,11.255555555555556,8.044117647058824,272.95323529411763,6.6911764705882355,8.096153846153847,283.06673076923073,8.028846153846153,6.184810126582279,298.4777215189873,6.063291139240507,8.3,307.23758620689654,6.189655172413793,4.7215686274509805,309.68549019607843,5.901960784313726,9.057777777777778,315.7886666666667,6.133333333333334,11.286486486486487,315.82216216216216,6.513513513513513,3.771428571428572,320.53464285714284,6.642857142857143,12.416000000000002,329.7432,6.72,1.4857142857142858,335.1142857142857,5.857142857142857,5.626666666666667,335.81,6.733333333333333,3.1,338.62416666666667,6.75,10.266666666666667,339.2711111111111,6.0,-1.0,343.98375,5.75,8.64,341.178,5.8,-1.0,338.33000000000004,5.0,24.1,346.85,6.0,-1.0,351.15999999999997,6.5,-1.0,356.015,4.0,False,True,False,False,False,False,False,False,False,False,False,False,False,False,False,False
7,-1,106.97,4,-1,107.77,6.0,14,118.07,10.0,15,122.17,134.0,16.0,126.04,67.0,17.0,130.24,128.0,18.0,134.69,4.0,12.037473233404711,230.39813704496785,41.95289079229122,10.877932960893855,238.12659217877098,30.310055865921786,10.177131782945736,246.79166666666666,17.75968992248062,11.51222222222222,258.64344444444447,11.255555555555556,8.044117647058824,272.95323529411763,6.6911764705882355,8.096153846153847,283.06673076923073,8.028846153846153,6.184810126582279,298.4777215189873,6.063291139240507,8.3,307.23758620689654,6.189655172413793,4.7215686274509805,309.68549019607843,5.901960784313726,9.057777777777778,315.7886666666667,6.133333333333334,11.286486486486487,315.82216216216216,6.513513513513513,3.771428571428572,320.53464285714284,6.642857142857143,12.416000000000002,329.7432,6.72,1.4857142857142858,335.1142857142857,5.857142857142857,5.626666666666667,335.81,6.733333333333333,3.1,338.62416666666667,6.75,10.266666666666667,339.2711111111111,6.0,-1.0,343.98375,5.75,8.64,341.178,5.8,-1.0,338.33000000000004,5.0,24.1,346.85,6.0,-1.0,351.15999999999997,6.5,-1.0,356.015,4.0,False,False,False,False,False,False,False,False,True,False,False,False,False,False,False,False
7,-1,167.86,3,7,172.49,65.0,-1,174.11,2.0,8,176.47,82.0,9.0,180.23,3.0,9.3,183.76,49.0,-1.0,186.76,2.0,12.037473233404711,230.39813704496785,41.95289079229122,10.877932960893855,238.12659217877098,30.310055865921786,10.177131782945736,246.79166666666666,17.75968992248062,11.51222222222222,258.64344444444447,11.255555555555556,8.044117647058824,272.95323529411763,6.6911764705882355,8.096153846153847,283.06673076923073,8.028846153846153,6.184810126582279,298.4777215189873,6.063291139240507,8.3,307.23758620689654,6.189655172413793,4.7215686274509805,309.68549019607843,5.901960784313726,9.057777777777778,315.7886666666667,6.133333333333334,11.286486486486487,315.82216216216216,6.513513513513513,3.771428571428572,320.53464285714284,6.642857142857143,12.416000000000002,329.7432,6.72,1.4857142857142858,335.1142857142857,5.857142857142857,5.626666666666667,335.81,6.733333333333333,3.1,338.62416666666667,6.75,10.266666666666667,339.2711111111111,6.0,-1.0,343.98375,5.75,8.64,341.178,5.8,-1.0,338.33000000000004,5.0,24.1,346.85,6.0,-1.0,351.15999999999997,6.5,-1.0,356.015,4.0,False,False,False,False,False,False,False,False,False,False,False,False,False,True,False,False
8,-1,203.62,2,-1,213.04,1.0,9,219.24,6.0,11,227.21,52.0,12.0,231.22,303.0,13.0,235.24,88.0,-1.0,238.29,4.0,14.0,239.26,3.0,10.877932960893855,238.12659217877098,30.310055865921786,10.177131782945736,246.79166666666666,17.75968992248062,11.51222222222222,258.64344444444447,11.255555555555556,8.044117647058824,272.95323529411763,6.6911764705882355,8.096153846153847,283.06673076923073,8.028846153846153,6.184810126582279,298.4777215189873,6.063291139240507,8.3,307.23758620689654,6.189655172413793,4.7215686274509805,309.68549019607843,5.901960784313726,9.057777777777778,315.7886666666667,6.133333333333334,11.286486486486487,315.82216216216216,6.513513513513513,3.771428571428572,320.53464285714284,6.642857142857143,12.416000000000002,329.7432,6.72,1.4857142857142858,335.1142857142857,5.857142857142857,5.626666666666667,335.81,6.733333333333333,3.1,338.62416666666667,6.75,10.266666666666667,339.2711111111111,6.0,-1.0,343.98375,5.75,8.64,341.178,5.8,-1.0,338.33000000000004,5.0,24.1,346.85,6.0,-1.0,351.15999999999997,6.5,-1.0,356.015,4.0,False,False,True,False,False,False,False,False,False,False,False,False,False,False,False,False
6,9,267.25,37,10,271.21,95.0,11,275.27,97.0,-1,277.14,4.0,12.0,279.17,27.0,13.0,283.06,28.0,12.041229656419528,226.86157323688968,52.7992766726944,12.037473233404711,230.39813704496785,41.95289079229122,10.877932960893855,238.12659217877098,30.310055865921786,10.177131782945736,246.79166666666666,17.75968992248062,11.51222222222222,258.64344444444447,11.255555555555556,8.044117647058824,272.95323529411763,6.6911764705882355,8.096153846153847,283.06673076923073,8.028846153846153,6.184810126582279,298.4777215189873,6.063291139240507,8.3,307.23758620689654,6.189655172413793,4.7215686274509805,309.68549019607843,5.901960784313726,9.057777777777778,315.7886666666667,6.133333333333334,11.286486486486487,315.82216216216216,6.513513513513513,3.771428571428572,320.53464285714284,6.642857142857143,12.416000000000002,329.7432,6.72,1.4857142857142858,335.1142857142857,5.857142857142857,5.626666666666667,335.81,6.733333333333333,3.1,338.62416666666667,6.75,10.266666666666667,339.2711111111111,6.0,-1.0,343.98375,5.75,8.64,341.178,5.8,-1.0,338.33000000000004,5.0,24.1,346.85,6.0,-1.0,351.15999999999997,6.5,-1.0,356.015,4.0,False,False,False,True,False,False,False,False,False,False,False,False,False,False,False,False
18,17,312.86,5,19,320.94,35.0,20,324.9,28.0,-1,326.45,2.0,21.0,328.69,8.0,22.0,333.06,117.0,-1.0,334.9,1.0,23.0,337.04,77.0,24.0,341.31,2.0,-1.0,344.25,3.0,-1.0,346.72,2.0,-1.0,347.57,3.0,-1.0,351.04,2.0,27.0,353.13,3.0,-1.0,356.45,4.0,28.0,357.76,2.0,-1.0,358.3,2.0,-1.0,365.22,3.0,3.771428571428572,320.53464285714284,6.642857142857143,12.416000000000002,329.7432,6.72,1.4857142857142858,335.1142857142857,5.857142857142857,5.626666666666667,335.81,6.733333333333333,3.1,338.62416666666667,6.75,10.266666666666667,339.2711111111111,6.0,-1.0,343.98375,5.75,8.64,341.178,5.8,-1.0,338.33000000000004,5.0,24.1,346.85,6.0,-1.0,351.15999999999997,6.5,-1.0,356.015,4.0,False,False,False,False,False,False,False,True,False,False,False,False,False,False,False,False
9,-1,95.27,7,9,99.78,6.0,11,108.13,15.0,-1,111.5,4.0,14.0,120.0,60.0,14.2,121.89,13.0,15.2,126.04,15.0,16.2,129.95,95.0,-1.0,131.03,5.0,10.177131782945736,246.79166666666666,17.75968992248062,11.51222222222222,258.64344444444447,11.255555555555556,8.044117647058824,272.95323529411763,6.6911764705882355,8.096153846153847,283.06673076923073,8.028846153846153,6.184810126582279,298.4777215189873,6.063291139240507,8.3,307.23758620689654,6.189655172413793,4.7215686274509805,309.68549019607843,5.901960784313726,9.057777777777778,315.7886666666667,6.133333333333334,11.286486486486487,315.82216216216216,6.513513513513513,3.771428571428572,320.53464285714284,6.642857142857143,12.416000000000002,329.7432,6.72,1.4857142857142858,335.1142857142857,5.857142857142857,5.626666666666667,335.81,6.733333333333333,3.1,338.62416666666667,6.75,10.266666666666667,339.2711111111111,6.0,-1.0,343.98375,5.75,8.64,341.178,5.8,-1.0,338.33000000000004,5.0,24.1,346.85,6.0,-1.0,351.15999999999997,6.5,-1.0,356.015,4.0,False,False,False,False,False,True,False,False,False,False,False,False,False,False,False,False
10,-1,149.56,9,11,151.94,8.0,13,159.93,70.0,-1,161.25,3.0,15.0,168.08,20.0,-1.0,169.11,3.0,16.0,172.2,26.0,17.0,176.17,59.0,19.0,184.36,15.0,-1.0,201.88,8.0,11.51222222222222,258.64344444444447,11.255555555555556,8.044117647058824,272.95323529411763,6.6911764705882355,8.096153846153847,283.06673076923073,8.028846153846153,6.184810126582279,298.4777215189873,6.063291139240507,8.3,307.23758620689654,6.189655172413793,4.7215686274509805,309.68549019607843,5.901960784313726,9.057777777777778,315.7886666666667,6.133333333333334,11.286486486486487,315.82216216216216,6.513513513513513,3.771428571428572,320.53464285714284,6.642857142857143,12.416000000000002,329.7432,6.72,1.4857142857142858,335.1142857142857,5.857142857142857,5.626666666666667,335.81,6.733333333333333,3.1,338.62416666666667,6.75,10.266666666666667,339.2711111111111,6.0,-1.0,343.98375,5.75,8.64,341.178,5.8,-1.0,338.33000000000004,5.0,24.1,346.85,6.0,-1.0,351.15999999999997,6.5,-1.0,356.015,4.0,False,False,False,False,False,False,False,False,False,False,False,False,False,False,False,True
7,7,224.38,8,8,228.62,167.0,-1,230.26,2.0,10,236.58,26.0,12.0,244.82,24.0,-1.0,247.19,3.0,-1.0,249.54,5.0,12.037473233404711,230.39813704496785,41.95289079229122,10.877932960893855,238.12659217877098,30.310055865921786,10.177131782945736,246.79166666666666,17.75968992248062,11.51222222222222,258.64344444444447,11.255555555555556,8.044117647058824,272.95323529411763,6.6911764705882355,8.096153846153847,283.06673076923073,8.028846153846153,6.184810126582279,298.4777215189873,6.063291139240507,8.3,307.23758620689654,6.189655172413793,4.7215686274509805,309.68549019607843,5.901960784313726,9.057777777777778,315.7886666666667,6.133333333333334,11.286486486486487,315.82216216216216,6.513513513513513,3.771428571428572,320.53464285714284,6.642857142857143,12.416000000000002,329.7432,6.72,1.4857142857142858,335.1142857142857,5.857142857142857,5.626666666666667,335.81,6.733333333333333,3.1,338.62416666666667,6.75,10.266666666666667,339.2711111111111,6.0,-1.0,343.98375,5.75,8.64,341.178,5.8,-1.0,338.33000000000004,5.0,24.1,346.85,6.0,-1.0,351.15999999999997,6.5,-1.0,356.015,4.0,False,False,False,False,False,False,False,False,False,False,False,False,False,False,True,False
7,-1,271.29,7,-1,277.74,4.0,12,280.89,18.0,13,284.99,37.0,18.0,304.95,54.0,19.0,308.95,58.0,-1.0,339.7,7.0,12.037473233404711,230.39813704496785,41.95289079229122,10.877932960893855,238.12659217877098,30.310055865921786,10.177131782945736,246.79166666666666,17.75968992248062,11.51222222222222,258.64344444444447,11.255555555555556,8.044117647058824,272.95323529411763,6.6911764705882355,8.096153846153847,283.06673076923073,8.028846153846153,6.184810126582279,298.4777215189873,6.063291139240507,8.3,307.23758620689654,6.189655172413793,4.7215686274509805,309.68549019607843,5.901960784313726,9.057777777777778,315.7886666666667,6.133333333333334,11.286486486486487,315.82216216216216,6.513513513513513,3.771428571428572,320.53464285714284,6.642857142857143,12.416000000000002,329.7432,6.72,1.4857142857142858,335.1142857142857,5.857142857142857,5.626666666666667,335.81,6.733333333333333,3.1,338.62416666666667,6.75,10.266666666666667,339.2711111111111,6.0,-1.0,343.98375,5.75,8.64,341.178,5.8,-1.0,338.33000000000004,5.0,24.1,346.85,6.0,-1.0,351.15999999999997,6.5,-1.0,356.015,4.0,False,False,False,False,True,False,False,False,False,False,False,False,False,False,False,False
4,X,104.88,115,-1,106.25,9.0,-1,108.56,8.0,Y,110.71,23.0,11.362921348314606,219.41106741573032,77.95786516853933,12.028571428571428,222.8513210445469,66.27035330261137,12.041229656419528,226.86157323688968,52.7992766726944,12.037473233404711,230.39813704496785,41.95289079229122,10.877932960893855,238.12659217877098,30.310055865921786,10.177131782945736,246.79166666666666,17.75968992248062,11.51222222222222,258.64344444444447,11.255555555555556,8.044117647058824,272.95323529411763,6.6911764705882355,8.096153846153847,283.06673076923073,8.028846153846153,6.184810126582279,298.4777215189873,6.063291139240507,8.3,307.23758620689654,6.189655172413793,4.7215686274509805,309.68549019607843,5.901960784313726,9.057777777777778,315.7886666666667,6.133333333333334,11.286486486486487,315.82216216216216,6.513513513513513,3.771428571428572,320.53464285714284,6.642857142857143,12.416000000000002,329.7432,6.72,1.4857142857142858,335.1142857142857,5.857142857142857,5.626666666666667,335.81,6.733333333333333,3.1,338.62416666666667,6.75,10.266666666666667,339.2711111111111,6.0,-1.0,343.98375,5.75,8.64,341.178,5.8,-1.0,338.33000000000004,5.0,24.1,346.85,6.0,-1.0,351.15999999999997,6.5,-1.0,356.015,4.0,True,False,False,False,False,False,False,False,False,False,False,False,False,False,False,False
6,7,132.1,7,-1,135.56,6.0,-1,137.38,5.0,11,148.74,58.0,12.0,152.9,107.0,13.0,157.01,48.0,12.041229656419528,226.86157323688968,52.7992766726944,12.037473233404711,230.39813704496785,41.95289079229122,10.877932960893855,238.12659217877098,30.310055865921786,10.177131782945736,246.79166666666666,17.75968992248062,11.51222222222222,258.64344444444447,11.255555555555556,8.044117647058824,272.95323529411763,6.6911764705882355,8.096153846153847,283.06673076923073,8.028846153846153,6.184810126582279,298.4777215189873,6.063291139240507,8.3,307.23758620689654,6.189655172413793,4.7215686274509805,309.68549019607843,5.901960784313726,9.057777777777778,315.7886666666667,6.133333333333334,11.286486486486487,315.82216216216216,6.513513513513513,3.771428571428572,320.53464285714284,6.642857142857143,12.416000000000002,329.7432,6.72,1.4857142857142858,335.1142857142857,5.857142857142857,5.626666666666667,335.81,6.733333333333333,3.1,338.62416666666667,6.75,10.266666666666667,339.2711111111111,6.0,-1.0,343.98375,5.75,8.64,341.178,5.8,-1.0,338.33000000000004,5.0,24.1,346.85,6.0,-1.0,351.15999999999997,6.5,-1.0,356.015,4.0,False,False,False,False,False,False,False,False,False,True,False,False,False,False,False,False
20,-1,210.04,7,16.2,211.06,6.0,19,220.67,7.0,20,224.91,47.0,21.0,228.99,56.0,22.0,233.08,15.0,-1.0,234.05,8.0,25.2,247.41,4.0,26.0,249.16,12.0,26.2,251.85,8.0,-1.0,252.95,8.0,-1.0,260.52,6.0,31.0,269.87,5.0,-1.0,277.14,8.0,-1.0,312.94,6.0,-1.0,314.4,5.0,-1.0,324.98,4.0,47.2,336.35,8.0,-1.0,342.63,10.0,49.2,344.32,8.0,1.4857142857142858,335.1142857142857,5.857142857142857,5.626666666666667,335.81,6.733333333333333,3.1,338.62416666666667,6.75,10.266666666666667,339.2711111111111,6.0,-1.0,343.98375,5.75,8.64,341.178,5.8,-1.0,338.33000000000004,5.0,24.1,346.85,6.0,-1.0,351.15999999999997,6.5,-1.0,356.015,4.0,False,False,False,False,False,False,False,False,False,False,False,False,True,False,False,False
13,-1,115.19,2,-1,118.59,2.0,-1,119.48,2.0,-1,120.0,2.0,-1.0,120.9,1.0,12.0,137.49,14.0,13.0,141.6,24.0,14.0,145.85,20.0,15.0,150.03,8.0,-1.0,160.79,3.0,-1.0,163.74,3.0,-1.0,164.77,3.0,-1.0,174.09,3.0,6.184810126582279,298.4777215189873,6.063291139240507,8.3,307.23758620689654,6.189655172413793,4.7215686274509805,309.68549019607843,5.901960784313726,9.057777777777778,315.7886666666667,6.133333333333334,11.286486486486487,315.82216216216216,6.513513513513513,3.771428571428572,320.53464285714284,6.642857142857143,12.416000000000002,329.7432,6.72,1.4857142857142858,335.1142857142857,5.857142857142857,5.626666666666667,335.81,6.733333333333333,3.1,338.62416666666667,6.75,10.266666666666667,339.2711111111111,6.0,-1.0,343.98375,5.75,8.64,341.178,5.8,-1.0,338.33000000000004,5.0,24.1,346.85,6.0,-1.0,351.15999999999997,6.5,-1.0,356.015,4.0,False,False,False,False,False,False,False,False,False,False,False,True,False,False,False,False
12,23.2,180.0,4,24,182.37,4.0,24.2,183.75,3.0,27,194.45,35.0,28.2,200.48,3.0,29.0,202.46,33.0,29.2,204.45,3.0,30.0,206.52,11.0,31.0,210.37,17.0,33.0,218.16,3.0,34.2,224.58,2.0,-1.0,237.62,2.0,8.096153846153847,283.06673076923073,8.028846153846153,6.184810126582279,298.4777215189873,6.063291139240507,8.3,307.23758620689654,6.189655172413793,4.7215686274509805,309.68549019607843,5.901960784313726,9.057777777777778,315.7886666666667,6.133333333333334,11.286486486486487,315.82216216216216,6.513513513513513,3.771428571428572,320.53464285714284,6.642857142857143,12.416000000000002,329.7432,6.72,1.4857142857142858,335.1142857142857,5.857142857142857,5.626666666666667,335.81,6.733333333333333,3.1,338.62416666666667,6.75,10.266666666666667,339.2711111111111,6.0,-1.0,343.98375,5.75,8.64,341.178,5.8,-1.0,338.33000000000004,5.0,24.1,346.85,6.0,-1.0,351.15999999999997,6.5,-1.0,356.015,4.0,False,False,False,False,False,False,True,False,False,False,False,False,False,False,False,False
8,-1,256.3,2,-1,260.33,2.0,8,262.14,9.0,-1,265.26,3.0,9.0,266.17,2.0,-1.0,270.87,3.0,-1.0,271.62,1.0,11.0,273.94,12.0,10.877932960893855,238.12659217877098,30.310055865921786,10.177131782945736,246.79166666666666,17.75968992248062,11.51222222222222,258.64344444444447,11.255555555555556,8.044117647058824,272.95323529411763,6.6911764705882355,8.096153846153847,283.06673076923073,8.028846153846153,6.184810126582279,298.4777215189873,6.063291139240507,8.3,307.23758620689654,6.189655172413793,4.7215686274509805,309.68549019607843,5.901960784313726,9.057777777777778,315.7886666666667,6.133333333333334,11.286486486486487,315.82216216216216,6.513513513513513,3.771428571428572,320.53464285714284,6.642857142857143,12.416000000000002,329.7432,6.72,1.4857142857142858,335.1142857142857,5.857142857142857,5.626666666666667,335.81,6.733333333333333,3.1,338.62416666666667,6.75,10.266666666666667,339.2711111111111,6.0,-1.0,343.98375,5.75,8.64,341.178,5.8,-1.0,338.33000000000004,5.0,24.1,346.85,6.0,-1.0,351.15999999999997,6.5,-1.0,356.015,4.0,False,False,False,False,False,False,False,False,False,False,True,False,False,False,False,False
12,-1,300.64,4,-1,305.65,3.0,7,306.95,3.0,-1,307.61,4.0,-1.0,308.18,3.0,-1.0,309.83,4.0,8.0,310.99,3.0,-1.0,319.82,2.0,-1.0,324.4,2.0,-1.0,325.26,2.0,-1.0,325.94,3.0,16.0,343.0,3.0,8.096153846153847,283.06673076923073,8.028846153846153,6.184810126582279,298.4777215189873,6.063291139240507,8.3,307.23758620689654,6.189655172413793,4.7215686274509805,309.68549019607843,5.901960784313726,9.057777777777778,315.7886666666667,6.133333333333334,11.286486486486487,315.82216216216216,6.513513513513513,3.771428571428572,320.53464285714284,6.642857142857143,12.416000000000002,329.7432,6.72,1.4857142857142858,335.1142857142857,5.857142857142857,5.626666666666667,335.81,6.733333333333333,3.1,338.62416666666667,6.75,10.266666666666667,339.2711111111111,6.0,-1.0,343.98375,5.75,8.64,341.178,5.8,-1.0,338.33000000000004,5.0,24.1,346.85,6.0,-1.0,351.15999999999997,6.5,-1.0,356.015,4.0,False,True,False,False,False,False,False,False,False,False,False,False,False,False,False,False
6,-1,107.57,3,-1,120.15,2.0,15,122.1,71.0,16,125.94,31.0,17.0,130.22,14.0,-1.0,133.14,3.0,12.041229656419528,226.86157323688968,52.7992766726944,12.037473233404711,230.39813704496785,41.95289079229122,10.877932960893855,238.12659217877098,30.310055865921786,10.177131782945736,246.79166666666666,17.75968992248062,11.51222222222222,258.64344444444447,11.255555555555556,8.044117647058824,272.95323529411763,6.6911764705882355,8.096153846153847,283.06673076923073,8.028846153846153,6.184810126582279,298.4777215189873,6.063291139240507,8.3,307.23758620689654,6.189655172413793,4.7215686274509805,309.68549019607843,5.901960784313726,9.057777777777778,315.7886666666667,6.133333333333334,11.286486486486487,315.82216216216216,6.513513513513513,3.771428571428572,320.53464285714284,6.642857142857143,12.416000000000002,329.7432,6.72,1.4857142857142858,335.1142857142857,5.857142857142857,5.626666666666667,335.81,6.733333333333333,3.1,338.62416666666667,6.75,10.266666666666667,339.2711111111111,6.0,-1.0,343.98375,5.75,8.64,341.178,5.8,-1.0,338.33000000000004,5.0,24.1,346.85,6.0,-1.0,351.15999999999997,6.5,-1.0,356.015,4.0,False,False,False,False,False,False,False,False,True,False,False,False,False,False,False,False
11,-1,158.94,2,-1,161.75,4.0,-1,163.5,5.0,5,164.85,4.0,7.0,172.5,48.0,-1.0,174.33,2.0,8.0,176.41,17.0,8.3,179.04,3.0,8.3,179.68,3.0,9.0,180.65,5.0,10.0,184.41,7.0,8.044117647058824,272.95323529411763,6.6911764705882355,8.096153846153847,283.06673076923073,8.028846153846153,6.184810126582279,298.4777215189873,6.063291139240507,8.3,307.23758620689654,6.189655172413793,4.7215686274509805,309.68549019607843,5.901960784313726,9.057777777777778,315.7886666666667,6.133333333333334,11.286486486486487,315.82216216216216,6.513513513513513,3.771428571428572,320.53464285714284,6.642857142857143,12.416000000000002,329.7432,6.72,1.4857142857142858,335.1142857142857,5.857142857142857,5.626666666666667,335.81,6.733333333333333,3.1,338.62416666666667,6.75,10.266666666666667,339.2711111111111,6.0,-1.0,343.98375,5.75,8.64,341.178,5.8,-1.0,338.33000000000004,5.0,24.1,346.85,6.0,-1.0,351.15999999999997,6.5,-1.0,356.015,4.0,False,False,False,False,False,False,False,False,False,False,False,False,False,True,False,False
4,8,214.75,3,12,231.71,3.0,-1,233.27,4.0,13,235.32,12.0,11.362921348314606,219.41106741573032,77.95786516853933,12.028571428571428,222.8513210445469,66.27035330261137,12.041229656419528,226.86157323688968,52.7992766726944,12.037473233404711,230.39813704496785,41.95289079229122,10.877932960893855,238.12659217877098,30.310055865921786,10.177131782945736,246.79166666666666,17.75968992248062,11.51222222222222,258.64344444444447,11.255555555555556,8.044117647058824,272.95323529411763,6.6911764705882355,8.096153846153847,283.06673076923073,8.028846153846153,6.184810126582279,298.4777215189873,6.063291139240507,8.3,307.23758620689654,6.189655172413793,4.7215686274509805,309.68549019607843,5.901960784313726,9.057777777777778,315.7886666666667,6.133333333333334,11.286486486486487,315.82216216216216,6.513513513513513,3.771428571428572,320.53464285714284,6.642857142857143,12.416000000000002,329.7432,6.72,1.4857142857142858,335.1142857142857,5.857142857142857,5.626666666666667,335.81,6.733333333333333,3.1,338.62416666666667,6.75,10.266666666666667,339.2711111111111,6.0,-1.0,343.98375,5.75,8.64,341.178,5.8,-1.0,338.33000000000004,5.0,24.1,346.85,6.0,-1.0,351.15999999999997,6.5,-1.0,356.015,4.0,False,False,True,False,False,False,False,False,False,False,False,False,False,False,False,False
7,7,259.68,4,-1,263.78,3.0,10,271.7,4.0,-1,273.11,4.0,11.0,275.35,18.0,12.0,279.25,28.0,-1.0,281.81,4.0,12.037473233404711,230.39813704496785,41.95289079229122,10.877932960893855,238.12659217877098,30.310055865921786,10.177131782945736,246.79166666666666,17.75968992248062,11.51222222222222,258.64344444444447,11.255555555555556,8.044117647058824,272.95323529411763,6.6911764705882355,8.096153846153847,283.06673076923073,8.028846153846153,6.184810126582279,298.4777215189873,6.063291139240507,8.3,307.23758620689654,6.189655172413793,4.7215686274509805,309.68549019607843,5.901960784313726,9.057777777777778,315.7886666666667,6.133333333333334,11.286486486486487,315.82216216216216,6.513513513513513,3.771428571428572,320.53464285714284,6.642857142857143,12.416000000000002,329.7432,6.72,1.4857142857142858,335.1142857142857,5.857142857142857,5.626666666666667,335.81,6.733333333333333,3.1,338.62416666666667,6.75,10.266666666666667,339.2711111111111,6.0,-1.0,343.98375,5.75,8.64,341.178,5.8,-1.0,338.33000000000004,5.0,24.1,346.85,6.0,-1.0,351.15999999999997,6.5,-1.0,356.015,4.0,False,False,False,True,False,False,False,False,False,False,False,False,False,False,False,False
4,-1,307.03,4,-1,310.41,3.0,-1,323.71,2.0,-1,329.8,3.0,11.362921348314606,219.41106741573032,77.95786516853933,12.028571428571428,222.8513210445469,66.27035330261137,12.041229656419528,226.86157323688968,52.7992766726944,12.037473233404711,230.39813704496785,41.95289079229122,10.877932960893855,238.12659217877098,30.310055865921786,10.177131782945736,246.79166666666666,17.75968992248062,11.51222222222222,258.64344444444447,11.255555555555556,8.044117647058824,272.95323529411763,6.6911764705882355,8.096153846153847,283.06673076923073,8.028846153846153,6.184810126582279,298.4777215189873,6.063291139240507,8.3,307.23758620689654,6.189655172413793,4.7215686274509805,309.68549019607843,5.901960784313726,9.057777777777778,315.7886666666667,6.133333333333334,11.286486486486487,315.82216216216216,6.513513513513513,3.771428571428572,320.53464285714284,6.642857142857143,12.416000000000002,329.7432,6.72,1.4857142857142858,335.1142857142857,5.857142857142857,5.626666666666667,335.81,6.733333333333333,3.1,338.62416666666667,6.75,10.266666666666667,339.2711111111111,6.0,-1.0,343.98375,5.75,8.64,341.178,5.8,-1.0,338.33000000000004,5.0,24.1,346.85,6.0,-1.0,351.15999999999997,6.5,-1.0,356.015,4.0,False,False,False,False,False,False,False,True,False,False,False,False,False,False,False,False
8,-1,106.42,8,12,112.09,14.0,13,116.08,72.0,14,119.93,21.0,14.2,121.95,14.0,16.2,129.83,25.0,-1.0,135.23,6.0,-1.0,140.4,6.0,10.877932960893855,238.12659217877098,30.310055865921786,10.177131782945736,246.79166666666666,17.75968992248062,11.51222222222222,258.64344444444447,11.255555555555556,8.044117647058824,272.95323529411763,6.6911764705882355,8.096153846153847,283.06673076923073,8.028846153846153,6.184810126582279,298.4777215189873,6.063291139240507,8.3,307.23758620689654,6.189655172413793,4.7215686274509805,309.68549019607843,5.901960784313726,9.057777777777778,315.7886666666667,6.133333333333334,11.286486486486487,315.82216216216216,6.513513513513513,3.771428571428572,320.53464285714284,6.642857142857143,12.416000000000002,329.7432,6.72,1.4857142857142858,335.1142857142857,5.857142857142857,5.626666666666667,335.81,6.733333333333333,3.1,338.62416666666667,6.75,10.266666666666667,339.2711111111111,6.0,-1.0,343.98375,5.75,8.64,341.178,5.8,-1.0,338.33000000000004,5.0,24.1,346.85,6.0,-1.0,351.15999999999997,6.5,-1.0,356.015,4.0,False,False,False,False,False,True,False,False,False,False,False,False,False,False,False,False
8,-1,157.07,8,13,159.92,15.0,15.2,170.1,5.0,16,172.34,9.0,17.0,176.17,22.0,-1.0,177.36,6.0,-1.0,193.63,8.0,-1.0,206.12,3.0,10.877932960893855,238.12659217877098,30.310055865921786,10.177131782945736,246.79166666666666,17.75968992248062,11.51222222222222,258.64344444444447,11.255555555555556,8.044117647058824,272.95323529411763,6.6911764705882355,8.096153846153847,283.06673076923073,8.028846153846153,6.184810126582279,298.4777215189873,6.063291139240507,8.3,307.23758620689654,6.189655172413793,4.7215686274509805,309.68549019607843,5.901960784313726,9.057777777777778,315.7886666666667,6.133333333333334,11.286486486486487,315.82216216216216,6.513513513513513,3.771428571428572,320.53464285714284,6.642857142857143,12.416000000000002,329.7432,6.72,1.4857142857142858,335.1142857142857,5.857142857142857,5.626666666666667,335.81,6.733333333333333,3.1,338.62416666666667,6.75,10.266666666666667,339.2711111111111,6.0,-1.0,343.98375,5.75,8.64,341.178,5.8,-1.0,338.33000000000004,5.0,24.1,346.85,6.0,-1.0,351.15999999999997,6.5,-1.0,356.015,4.0,False,False,False,False,False,False,False,False,False,False,False,False,False,False,False,True
2,-1,230.89,7,13,248.91,2.0,,210.75846753246756,71.04545454545455,,216.6818641810919,87.4513981358189,11.362921348314606,219.41106741573032,77.95786516853933,12.028571428571428,222.8513210445469,66.27035330261137,12.041229656419528,226.86157323688968,52.7992766726944,12.037473233404711,230.39813704496785,41.95289079229122,10.877932960893855,238.12659217877098,30.310055865921786,10.177131782945736,246.79166666666666,17.75968992248062,11.51222222222222,258.64344444444447,11.255555555555556,8.044117647058824,272.95323529411763,6.6911764705882355,8.096153846153847,283.06673076923073,8.028846153846153,6.184810126582279,298.4777215189873,6.063291139240507,8.3,307.23758620689654,6.189655172413793,4.7215686274509805,309.68549019607843,5.901960784313726,9.057777777777778,315.7886666666667,6.133333333333334,11.286486486486487,315.82216216216216,6.513513513513513,3.771428571428572,320.53464285714284,6.642857142857143,12.416000000000002,329.7432,6.72,1.4857142857142858,335.1142857142857,5.857142857142857,5.626666666666667,335.81,6.733333333333333,3.1,338.62416666666667,6.75,10.266666666666667,339.2711111111111,6.0,-1.0,343.98375,5.75,8.64,341.178,5.8,-1.0,338.33000000000004,5.0,24.1,346.85,6.0,-1.0,351.15999999999997,6.5,-1.0,356.015,4.0,False,False,False,False,False,False,False,False,False,False,False,False,False,False,True,False
10,13,284.45,5,-1,296.39,3.0,-1,298.36,6.0,17,300.96,10.0,18.0,304.99,13.0,-1.0,312.16,5.0,-1.0,318.31,5.0,21.2,319.11,6.0,-1.0,320.17,5.0,-1.0,338.31,5.0,11.51222222222222,258.64344444444447,11.255555555555556,8.044117647058824,272.95323529411763,6.6911764705882355,8.096153846153847,283.06673076923073,8.028846153846153,6.184810126582279,298.4777215189873,6.063291139240507,8.3,307.23758620689654,6.189655172413793,4.7215686274509805,309.68549019607843,5.901960784313726,9.057777777777778,315.7886666666667,6.133333333333334,11.286486486486487,315.82216216216216,6.513513513513513,3.771428571428572,320.53464285714284,6.642857142857143,12.416000000000002,329.7432,6.72,1.4857142857142858,335.1142857142857,5.857142857142857,5.626666666666667,335.81,6.733333333333333,3.1,338.62416666666667,6.75,10.266666666666667,339.2711111111111,6.0,-1.0,343.98375,5.75,8.64,341.178,5.8,-1.0,338.33000000000004,5.0,24.1,346.85,6.0,-1.0,351.15999999999997,6.5,-1.0,356.015,4.0,False,False,False,False,True,False,False,False,False,False,False,False,False,False,False,False
1,Y,110.64,22,,201.03618404907974,62.842944785276075,,210.75846753246756,71.04545454545455,,216.6818641810919,87.4513981358189,11.362921348314606,219.41106741573032,77.95786516853933,12.028571428571428,222.8513210445469,66.27035330261137,12.041229656419528,226.86157323688968,52.7992766726944,12.037473233404711,230.39813704496785,41.95289079229122,10.877932960893855,238.12659217877098,30.310055865921786,10.177131782945736,246.79166666666666,17.75968992248062,11.51222222222222,258.64344444444447,11.255555555555556,8.044117647058824,272.95323529411763,6.6911764705882355,8.096153846153847,283.06673076923073,8.028846153846153,6.184810126582279,298.4777215189873,6.063291139240507,8.3,307.23758620689654,6.189655172413793,4.7215686274509805,309.68549019607843,5.901960784313726,9.057777777777778,315.7886666666667,6.133333333333334,11.286486486486487,315.82216216216216,6.513513513513513,3.771428571428572,320.53464285714284,6.642857142857143,12.416000000000002,329.7432,6.72,1.4857142857142858,335.1142857142857,5.857142857142857,5.626666666666667,335.81,6.733333333333333,3.1,338.62416666666667,6.75,10.266666666666667,339.2711111111111,6.0,-1.0,343.98375,5.75,8.64,341.178,5.8,-1.0,338.33000000000004,5.0,24.1,346.85,6.0,-1.0,351.15999999999997,6.5,-1.0,356.015,4.0,True,False,False,False,False,False,False,False,False,False,False,False,False,False,False,False
9,-1,127.54,6,-1,133.06,6.0,-1,133.68,5.0,-1,137.26,9.0,-1.0,143.2,5.0,11.0,148.66,18.0,12.0,152.86,39.0,-1.0,155.94,9.0,-1.0,177.76,5.0,10.177131782945736,246.79166666666666,17.75968992248062,11.51222222222222,258.64344444444447,11.255555555555556,8.044117647058824,272.95323529411763,6.6911764705882355,8.096153846153847,283.06673076923073,8.028846153846153,6.184810126582279,298.4777215189873,6.063291139240507,8.3,307.23758620689654,6.189655172413793,4.7215686274509805,309.68549019607843,5.901960784313726,9.057777777777778,315.7886666666667,6.133333333333334,11.286486486486487,315.82216216216216,6.513513513513513,3.771428571428572,320.53464285714284,6.642857142857143,12.416000000000002,329.7432,6.72,1.4857142857142858,335.1142857142857,5.857142857142857,5.626666666666667,335.81,6.733333333333333,3.1,338.62416666666667,6.75,10.266666666666667,339.2711111111111,6.0,-1.0,343.98375,5.75,8.64,341.178,5.8,-1.0,338.33000000000004,5.0,24.1,346.85,6.0,-1.0,351.15999999999997,6.5,-1.0,356.015,4.0,False,False,False,False,False,False,False,False,False,True,False,False,False,False,False,False
20,19,220.41,5,20,224.75,16.0,-1,231.79,5.0,-1,242.45,7.0,-1.0,248.5,5.0,-1.0,252.43,9.0,27.0,253.64,11.0,28.2,259.36,7.0,30.0,265.92,6.0,-1.0,278.75,4.0,-1.0,286.43,9.0,-1.0,296.14,5.0,-1.0,296.88,6.0,-1.0,301.28,6.0,-1.0,311.33,9.0,-1.0,313.33,5.0,-1.0,316.9,7.0,-1.0,322.59,10.0,-1.0,339.24,8.0,-1.0,342.49,9.0,1.4857142857142858,335.1142857142857,5.857142857142857,5.626666666666667,335.81,6.733333333333333,3.1,338.62416666666667,6.75,10.266666666666667,339.2711111111111,6.0,-1.0,343.98375,5.75,8.64,341.178,5.8,-1.0,338.33000000000004,5.0,24.1,346.85,6.0,-1.0,351.15999999999997,6.5,-1.0,356.015,4.0,False,False,False,False,False,False,False,False,False,False,False,False,True,False,False,False
8,10,129.66,7,-1,131.46,4.0,11,133.73,116.0,12,137.85,175.0,13.0,142.02,205.0,-1.0,143.97,3.0,14.0,146.16,78.0,16.0,154.41,22.0,10.877932960893855,238.12659217877098,30.310055865921786,10.177131782945736,246.79166666666666,17.75968992248062,11.51222222222222,258.64344444444447,11.255555555555556,8.044117647058824,272.95323529411763,6.6911764705882355,8.096153846153847,283.06673076923073,8.028846153846153,6.184810126582279,298.4777215189873,6.063291139240507,8.3,307.23758620689654,6.189655172413793,4.7215686274509805,309.68549019607843,5.901960784313726,9.057777777777778,315.7886666666667,6.133333333333334,11.286486486486487,315.82216216216216,6.513513513513513,3.771428571428572,320.53464285714284,6.642857142857143,12.416000000000002,329.7432,6.72,1.4857142857142858,335.1142857142857,5.857142857142857,5.626666666666667,335.81,6.733333333333333,3.1,338.62416666666667,6.75,10.266666666666667,339.2711111111111,6.0,-1.0,343.98375,5.75,8.64,341.178,5.8,-1.0,338.33000000000004,5.0,24.1,346.85,6.0,-1.0,351.15999999999997,6.5,-1.0,356.015,4.0,False,False,False,False,False,False,False,False,False,False,False,True,False,False,False,False
6,28,198.67,31,29,202.68,71.0,-1,205.54,4.0,31,210.62,9.0,31.2,212.6,37.0,35.0,226.92,10.0,12.041229656419528,226.86157323688968,52.7992766726944,12.037473233404711,230.39813704496785,41.95289079229122,10.877932960893855,238.12659217877098,30.310055865921786,10.177131782945736,246.79166666666666,17.75968992248062,11.51222222222222,258.64344444444447,11.255555555555556,8.044117647058824,272.95323529411763,6.6911764705882355,8.096153846153847,283.06673076923073,8.028846153846153,6.184810126582279,298.4777215189873,6.063291139240507,8.3,307.23758620689654,6.189655172413793,4.7215686274509805,309.68549019607843,5.901960784313726,9.057777777777778,315.7886666666667,6.133333333333334,11.286486486486487,315.82216216216216,6.513513513513513,3.771428571428572,320.53464285714284,6.642857142857143,12.416000000000002,329.7432,6.72,1.4857142857142858,335.1142857142857,5.857142857142857,5.626666666666667,335.81,6.733333333333333,3.1,338.62416666666667,6.75,10.266666666666667,339.2711111111111,6.0,-1.0,343.98375,5.75,8.64,341.178,5.8,-1.0,338.33000000000004,5.0,24.1,346.85,6.0,-1.0,351.15999999999997,6.5,-1.0,356.015,4.0,False,False,False,False,False,False,True,False,False,False,False,False,False,False,False,False
4,6,254.39,4,8,262.03,2.0,13,282.11,7.0,14,286.58,3.0,11.362921348314606,219.41106741573032,77.95786516853933,12.028571428571428,222.8513210445469,66.27035330261137,12.041229656419528,226.86157323688968,52.7992766726944,12.037473233404711,230.39813704496785,41.95289079229122,10.877932960893855,238.12659217877098,30.310055865921786,10.177131782945736,246.79166666666666,17.75968992248062,11.51222222222222,258.64344444444447,11.255555555555556,8.044117647058824,272.95323529411763,6.6911764705882355,8.096153846153847,283.06673076923073,8.028846153846153,6.184810126582279,298.4777215189873,6.063291139240507,8.3,307.23758620689654,6.189655172413793,4.7215686274509805,309.68549019607843,5.901960784313726,9.057777777777778,315.7886666666667,6.133333333333334,11.286486486486487,315.82216216216216,6.513513513513513,3.771428571428572,320.53464285714284,6.642857142857143,12.416000000000002,329.7432,6.72,1.4857142857142858,335.1142857142857,5.857142857142857,5.626666666666667,335.81,6.733333333333333,3.1,338.62416666666667,6.75,10.266666666666667,339.2711111111111,6.0,-1.0,343.98375,5.75,8.64,341.178,5.8,-1.0,338.33000000000004,5.0,24.1,346.85,6.0,-1.0,351.15999999999997,6.5,-1.0,356.015,4.0,False,False,False,False,False,False,False,False,False,False,True,False,False,False,False,False
5,-1,312.26,4,-1,314.0,4.0,-1,317.9,2.0,13,330.59,1.0,-1.0,339.83,6.0,12.028571428571428,222.8513210445469,66.27035330261137,12.041229656419528,226.86157323688968,52.7992766726944,12.037473233404711,230.39813704496785,41.95289079229122,10.877932960893855,238.12659217877098,30.310055865921786,10.177131782945736,246.79166666666666,17.75968992248062,11.51222222222222,258.64344444444447,11.255555555555556,8.044117647058824,272.95323529411763,6.6911764705882355,8.096153846153847,283.06673076923073,8.028846153846153,6.184810126582279,298.4777215189873,6.063291139240507,8.3,307.23758620689654,6.189655172413793,4.7215686274509805,309.68549019607843,5.901960784313726,9.057777777777778,315.7886666666667,6.133333333333334,11.286486486486487,315.82216216216216,6.513513513513513,3.771428571428572,320.53464285714284,6.642857142857143,12.416000000000002,329.7432,6.72,1.4857142857142858,335.1142857142857,5.857142857142857,5.626666666666667,335.81,6.733333333333333,3.1,338.62416666666667,6.75,10.266666666666667,339.2711111111111,6.0,-1.0,343.98375,5.75,8.64,341.178,5.8,-1.0,338.33000000000004,5.0,24.1,346.85,6.0,-1.0,351.15999999999997,6.5,-1.0,356.015,4.0,False,True,False,False,False,False,False,False,False,False,False,False,False,False,False,False
8,-1,94.8,4,-1,96.11,5.0,-1,98.99,4.0,14,118.33,38.0,15.0,122.3,531.0,16.0,126.47,232.0,17.0,130.44,57.0,18.0,134.52,81.0,10.877932960893855,238.12659217877098,30.310055865921786,10.177131782945736,246.79166666666666,17.75968992248062,11.51222222222222,258.64344444444447,11.255555555555556,8.044117647058824,272.95323529411763,6.6911764705882355,8.096153846153847,283.06673076923073,8.028846153846153,6.184810126582279,298.4777215189873,6.063291139240507,8.3,307.23758620689654,6.189655172413793,4.7215686274509805,309.68549019607843,5.901960784313726,9.057777777777778,315.7886666666667,6.133333333333334,11.286486486486487,315.82216216216216,6.513513513513513,3.771428571428572,320.53464285714284,6.642857142857143,12.416000000000002,329.7432,6.72,1.4857142857142858,335.1142857142857,5.857142857142857,5.626666666666667,335.81,6.733333333333333,3.1,338.62416666666667,6.75,10.266666666666667,339.2711111111111,6.0,-1.0,343.98375,5.75,8.64,341.178,5.8,-1.0,338.33000000000004,5.0,24.1,346.85,6.0,-1.0,351.15999999999997,6.5,-1.0,356.015,4.0,False,False,False,False,False,False,False,False,True,False,False,False,False,False,False,False
9,3,156.46,5,6,168.63,55.0,7,172.72,139.0,-1,173.78,8.0,8.0,176.72,51.0,9.0,180.83,127.0,9.3,183.9,236.0,-1.0,185.56,9.0,-1.0,197.76,3.0,10.177131782945736,246.79166666666666,17.75968992248062,11.51222222222222,258.64344444444447,11.255555555555556,8.044117647058824,272.95323529411763,6.6911764705882355,8.096153846153847,283.06673076923073,8.028846153846153,6.184810126582279,298.4777215189873,6.063291139240507,8.3,307.23758620689654,6.189655172413793,4.7215686274509805,309.68549019607843,5.901960784313726,9.057777777777778,315.7886666666667,6.133333333333334,11.286486486486487,315.82216216216216,6.513513513513513,3.771428571428572,320.53464285714284,6.642857142857143,12.416000000000002,329.7432,6.72,1.4857142857142858,335.1142857142857,5.857142857142857,5.626666666666667,335.81,6.733333333333333,3.1,338.62416666666667,6.75,10.266666666666667,339.2711111111111,6.0,-1.0,343.98375,5.75,8.64,341.178,5.8,-1.0,338.33000000000004,5.0,24.1,346.85,6.0,-1.0,351.15999999999997,6.5,-1.0,356.015,4.0,False,False,False,False,False,False,False,False,False,False,False,False,False,True,False,False
3,10,223.33,13,11,227.17,78.0,12,231.18,82.0,,216.6818641810919,87.4513981358189,11.362921348314606,219.41106741573032,77.95786516853933,12.028571428571428,222.8513210445469,66.27035330261137,12.041229656419528,226.86157323688968,52.7992766726944,12.037473233404711,230.39813704496785,41.95289079229122,10.877932960893855,238.12659217877098,30.310055865921786,10.177131782945736,246.79166666666666,17.75968992248062,11.51222222222222,258.64344444444447,11.255555555555556,8.044117647058824,272.95323529411763,6.6911764705882355,8.096153846153847,283.06673076923073,8.028846153846153,6.184810126582279,298.4777215189873,6.063291139240507,8.3,307.23758620689654,6.189655172413793,4.7215686274509805,309.68549019607843,5.901960784313726,9.057777777777778,315.7886666666667,6.133333333333334,11.286486486486487,315.82216216216216,6.513513513513513,3.771428571428572,320.53464285714284,6.642857142857143,12.416000000000002,329.7432,6.72,1.4857142857142858,335.1142857142857,5.857142857142857,5.626666666666667,335.81,6.733333333333333,3.1,338.62416666666667,6.75,10.266666666666667,339.2711111111111,6.0,-1.0,343.98375,5.75,8.64,341.178,5.8,-1.0,338.33000000000004,5.0,24.1,346.85,6.0,-1.0,351.15999999999997,6.5,-1.0,356.015,4.0,False,False,True,False,False,False,False,False,False,False,False,False,False,False,False,False
9,-1,250.58,4,-1,261.01,6.0,8,263.21,23.0,10,271.28,26.0,11.0,275.29,30.0,12.0,279.31,56.0,13.0,283.29,41.0,-1.0,285.23,6.0,-1.0,288.61,5.0,10.177131782945736,246.79166666666666,17.75968992248062,11.51222222222222,258.64344444444447,11.255555555555556,8.044117647058824,272.95323529411763,6.6911764705882355,8.096153846153847,283.06673076923073,8.028846153846153,6.184810126582279,298.4777215189873,6.063291139240507,8.3,307.23758620689654,6.189655172413793,4.7215686274509805,309.68549019607843,5.901960784313726,9.057777777777778,315.7886666666667,6.133333333333334,11.286486486486487,315.82216216216216,6.513513513513513,3.771428571428572,320.53464285714284,6.642857142857143,12.416000000000002,329.7432,6.72,1.4857142857142858,335.1142857142857,5.857142857142857,5.626666666666667,335.81,6.733333333333333,3.1,338.62416666666667,6.75,10.266666666666667,339.2711111111111,6.0,-1.0,343.98375,5.75,8.64,341.178,5.8,-1.0,338.33000000000004,5.0,24.1,346.85,6.0,-1.0,351.15999999999997,6.5,-1.0,356.015,4.0,False,False,False,True,False,False,False,False,False,False,False,False,False,False,False,False
9,-1,301.66,3,17,312.87,29.0,-1,315.18,3.0,19,321.06,15.0,-1.0,325.79,4.0,22.0,333.19,25.0,23.0,337.25,26.0,-1.0,340.44,5.0,26.0,349.64,5.0,10.177131782945736,246.79166666666666,17.75968992248062,11.51222222222222,258.64344444444447,11.255555555555556,8.044117647058824,272.95323529411763,6.6911764705882355,8.096153846153847,283.06673076923073,8.028846153846153,6.184810126582279,298.4777215189873,6.063291139240507,8.3,307.23758620689654,6.189655172413793,4.7215686274509805,309.68549019607843,5.901960784313726,9.057777777777778,315.7886666666667,6.133333333333334,11.286486486486487,315.82216216216216,6.513513513513513,3.771428571428572,320.53464285714284,6.642857142857143,12.416000000000002,329.7432,6.72,1.4857142857142858,335.1142857142857,5.857142857142857,5.626666666666667,335.81,6.733333333333333,3.1,338.62416666666667,6.75,10.266666666666667,339.2711111111111,6.0,-1.0,343.98375,5.75,8.64,341.178,5.8,-1.0,338.33000000000004,5.0,24.1,346.85,6.0,-1.0,351.15999999999997,6.5,-1.0,356.015,4.0,False,False,False,False,False,False,False,True,False,False,False,False,False,False,False,False
11,9,100.16,7,11,108.13,112.0,12,112.2,84.0,12.2,114.3,89.0,13.0,116.28,261.0,13.2,118.26,125.0,14.0,120.23,76.0,15.0,124.15,103.0,16.0,128.1,108.0,16.2,130.28,7.0,-1.0,130.83,6.0,8.044117647058824,272.95323529411763,6.6911764705882355,8.096153846153847,283.06673076923073,8.028846153846153,6.184810126582279,298.4777215189873,6.063291139240507,8.3,307.23758620689654,6.189655172413793,4.7215686274509805,309.68549019607843,5.901960784313726,9.057777777777778,315.7886666666667,6.133333333333334,11.286486486486487,315.82216216216216,6.513513513513513,3.771428571428572,320.53464285714284,6.642857142857143,12.416000000000002,329.7432,6.72,1.4857142857142858,335.1142857142857,5.857142857142857,5.626666666666667,335.81,6.733333333333333,3.1,338.62416666666667,6.75,10.266666666666667,339.2711111111111,6.0,-1.0,343.98375,5.75,8.64,341.178,5.8,-1.0,338.33000000000004,5.0,24.1,346.85,6.0,-1.0,351.15999999999997,6.5,-1.0,356.015,4.0,False,False,False,False,False,True,False,False,False,False,False,False,False,False,False,False
13,-1,149.5,8,-1,152.6,9.0,-1,159.01,7.0,15,168.14,71.0,16.0,172.23,77.0,17.0,176.31,58.0,18.0,180.33,124.0,-1.0,186.72,9.0,-1.0,187.55,5.0,20.0,188.38,7.0,-1.0,195.1,9.0,23.0,200.32,7.0,-1.0,203.25,8.0,6.184810126582279,298.4777215189873,6.063291139240507,8.3,307.23758620689654,6.189655172413793,4.7215686274509805,309.68549019607843,5.901960784313726,9.057777777777778,315.7886666666667,6.133333333333334,11.286486486486487,315.82216216216216,6.513513513513513,3.771428571428572,320.53464285714284,6.642857142857143,12.416000000000002,329.7432,6.72,1.4857142857142858,335.1142857142857,5.857142857142857,5.626666666666667,335.81,6.733333333333333,3.1,338.62416666666667,6.75,10.266666666666667,339.2711111111111,6.0,-1.0,343.98375,5.75,8.64,341.178,5.8,-1.0,338.33000000000004,5.0,24.1,346.85,6.0,-1.0,351.15999999999997,6.5,-1.0,356.015,4.0,False,False,False,False,False,False,False,False,False,False,False,False,False,False,False,True
8,5,216.45,5,6,220.75,42.0,-1,225.75,6.0,-1,226.5,5.0,8.0,228.76,32.0,11.0,240.69,24.0,12.0,244.84,18.0,-1.0,249.91,8.0,10.877932960893855,238.12659217877098,30.310055865921786,10.177131782945736,246.79166666666666,17.75968992248062,11.51222222222222,258.64344444444447,11.255555555555556,8.044117647058824,272.95323529411763,6.6911764705882355,8.096153846153847,283.06673076923073,8.028846153846153,6.184810126582279,298.4777215189873,6.063291139240507,8.3,307.23758620689654,6.189655172413793,4.7215686274509805,309.68549019607843,5.901960784313726,9.057777777777778,315.7886666666667,6.133333333333334,11.286486486486487,315.82216216216216,6.513513513513513,3.771428571428572,320.53464285714284,6.642857142857143,12.416000000000002,329.7432,6.72,1.4857142857142858,335.1142857142857,5.857142857142857,5.626666666666667,335.81,6.733333333333333,3.1,338.62416666666667,6.75,10.266666666666667,339.2711111111111,6.0,-1.0,343.98375,5.75,8.64,341.178,5.8,-1.0,338.33000000000004,5.0,24.1,346.85,6.0,-1.0,351.15999999999997,6.5,-1.0,356.015,4.0,False,False,False,False,False,False,False,False,False,False,False,False,False,False,True,False
8,-1,273.5,3,11.2,278.97,7.0,-1,280.0,5.0,-1,314.0,6.0,21.2,319.0,11.0,-1.0,343.53,8.0,-1.0,344.51,7.0,-1.0,346.45,4.0,10.877932960893855,238.12659217877098,30.310055865921786,10.177131782945736,246.79166666666666,17.75968992248062,11.51222222222222,258.64344444444447,11.255555555555556,8.044117647058824,272.95323529411763,6.6911764705882355,8.096153846153847,283.06673076923073,8.028846153846153,6.184810126582279,298.4777215189873,6.063291139240507,8.3,307.23758620689654,6.189655172413793,4.7215686274509805,309.68549019607843,5.901960784313726,9.057777777777778,315.7886666666667,6.133333333333334,11.286486486486487,315.82216216216216,6.513513513513513,3.771428571428572,320.53464285714284,6.642857142857143,12.416000000000002,329.7432,6.72,1.4857142857142858,335.1142857142857,5.857142857142857,5.626666666666667,335.81,6.733333333333333,3.1,338.62416666666667,6.75,10.266666666666667,339.2711111111111,6.0,-1.0,343.98375,5.75,8.64,341.178,5.8,-1.0,338.33000000000004,5.0,24.1,346.85,6.0,-1.0,351.15999999999997,6.5,-1.0,356.015,4.0,False,False,False,False,True,False,False,False,False,False,False,False,False,False,False,False
2,X,104.98,495,Y,110.87,466.0,,210.75846753246756,71.04545454545455,,216.6818641810919,87.4513981358189,11.362921348314606,219.41106741573032,77.95786516853933,12.028571428571428,222.8513210445469,66.27035330261137,12.041229656419528,226.86157323688968,52.7992766726944,12.037473233404711,230.39813704496785,41.95289079229122,10.877932960893855,238.12659217877098,30.310055865921786,10.177131782945736,246.79166666666666,17.75968992248062,11.51222222222222,258.64344444444447,11.255555555555556,8.044117647058824,272.95323529411763,6.6911764705882355,8.096153846153847,283.06673076923073,8.028846153846153,6.184810126582279,298.4777215189873,6.063291139240507,8.3,307.23758620689654,6.189655172413793,4.7215686274509805,309.68549019607843,5.901960784313726,9.057777777777778,315.7886666666667,6.133333333333334,11.286486486486487,315.82216216216216,6.513513513513513,3.771428571428572,320.53464285714284,6.642857142857143,12.416000000000002,329.7432,6.72,1.4857142857142858,335.1142857142857,5.857142857142857,5.626666666666667,335.81,6.733333333333333,3.1,338.62416666666667,6.75,10.266666666666667,339.2711111111111,6.0,-1.0,343.98375,5.75,8.64,341.178,5.8,-1.0,338.33000000000004,5.0,24.1,346.85,6.0,-1.0,351.15999999999997,6.5,-1.0,356.015,4.0,True,False,False,False,False,False,False,False,False,False,False,False,False,False,False,False
5,6,128.64,11,10,144.78,75.0,11,148.84,115.0,12,153.01,84.0,13.0,157.12,55.0,12.028571428571428,222.8513210445469,66.27035330261137,12.041229656419528,226.86157323688968,52.7992766726944,12.037473233404711,230.39813704496785,41.95289079229122,10.877932960893855,238.12659217877098,30.310055865921786,10.177131782945736,246.79166666666666,17.75968992248062,11.51222222222222,258.64344444444447,11.255555555555556,8.044117647058824,272.95323529411763,6.6911764705882355,8.096153846153847,283.06673076923073,8.028846153846153,6.184810126582279,298.4777215189873,6.063291139240507,8.3,307.23758620689654,6.189655172413793,4.7215686274509805,309.68549019607843,5.901960784313726,9.057777777777778,315.7886666666667,6.133333333333334,11.286486486486487,315.82216216216216,6.513513513513513,3.771428571428572,320.53464285714284,6.642857142857143,12.416000000000002,329.7432,6.72,1.4857142857142858,335.1142857142857,5.857142857142857,5.626666666666667,335.81,6.733333333333333,3.1,338.62416666666667,6.75,10.266666666666667,339.2711111111111,6.0,-1.0,343.98375,5.75,8.64,341.178,5.8,-1.0,338.33000000000004,5.0,24.1,346.85,6.0,-1.0,351.15999999999997,6.5,-1.0,356.015,4.0,False,False,False,False,False,False,False,False,False,True,False,False,False,False,False,False
24,-1,207.91,10,-1,216.11,9.0,18,216.87,6.0,-1,219.41,7.0,19.0,221.16,16.0,20.0,225.08,20.0,21.0,229.09,55.0,22.0,233.19,17.0,23.0,237.22,22.0,24.0,241.21,18.0,25.2,247.68,7.0,-1.0,259.01,5.0,-1.0,260.84,6.0,-1.0,262.28,4.0,31.2,271.11,5.0,-1.0,278.54,6.0,33.2,279.49,11.0,-1.0,303.33,6.0,42.2,316.08,7.0,-1.0,320.97,6.0,-1.0,325.53,4.0,-1.0,333.71,6.0,-1.0,335.26,5.0,49.2,344.86,5.0,-1.0,343.98375,5.75,8.64,341.178,5.8,-1.0,338.33000000000004,5.0,24.1,346.85,6.0,-1.0,351.15999999999997,6.5,-1.0,356.015,4.0,False,False,False,False,False,False,False,False,False,False,False,False,True,False,False,False
10,-1,131.14,4,11,133.73,45.0,12,137.85,33.0,13,142.02,78.0,14.0,146.25,38.0,-1.0,147.79,4.0,-1.0,151.47,4.0,16.0,154.41,12.0,-1.0,156.79,6.0,-1.0,173.5,4.0,11.51222222222222,258.64344444444447,11.255555555555556,8.044117647058824,272.95323529411763,6.6911764705882355,8.096153846153847,283.06673076923073,8.028846153846153,6.184810126582279,298.4777215189873,6.063291139240507,8.3,307.23758620689654,6.189655172413793,4.7215686274509805,309.68549019607843,5.901960784313726,9.057777777777778,315.7886666666667,6.133333333333334,11.286486486486487,315.82216216216216,6.513513513513513,3.771428571428572,320.53464285714284,6.642857142857143,12.416000000000002,329.7432,6.72,1.4857142857142858,335.1142857142857,5.857142857142857,5.626666666666667,335.81,6.733333333333333,3.1,338.62416666666667,6.75,10.266666666666667,339.2711111111111,6.0,-1.0,343.98375,5.75,8.64,341.178,5.8,-1.0,338.33000000000004,5.0,24.1,346.85,6.0,-1.0,351.15999999999997,6.5,-1.0,356.015,4.0,False,False,False,False,False,False,False,False,False,False,False,True,False,False,False,False
9,-1,193.6,3,28,198.67,15.0,29,202.69,38.0,-1,205.8,2.0,30.2,208.91,3.0,31.2,212.69,15.0,32.2,217.08,5.0,33.0,218.33,4.0,39.0,242.66,4.0,10.177131782945736,246.79166666666666,17.75968992248062,11.51222222222222,258.64344444444447,11.255555555555556,8.044117647058824,272.95323529411763,6.6911764705882355,8.096153846153847,283.06673076923073,8.028846153846153,6.184810126582279,298.4777215189873,6.063291139240507,8.3,307.23758620689654,6.189655172413793,4.7215686274509805,309.68549019607843,5.901960784313726,9.057777777777778,315.7886666666667,6.133333333333334,11.286486486486487,315.82216216216216,6.513513513513513,3.771428571428572,320.53464285714284,6.642857142857143,12.416000000000002,329.7432,6.72,1.4857142857142858,335.1142857142857,5.857142857142857,5.626666666666667,335.81,6.733333333333333,3.1,338.62416666666667,6.75,10.266666666666667,339.2711111111111,6.0,-1.0,343.98375,5.75,8.64,341.178,5.8,-1.0,338.33000000000004,5.0,24.1,346.85,6.0,-1.0,351.15999999999997,6.5,-1.0,356.015,4.0,False,False,False,False,False,False,True,False,False,False,False,False,False,False,False,False
8,8.2,263.6,5,11,274.06,12.0,-1,279.23,1.0,13,282.44,6.0,-1.0,285.21,3.0,-1.0,286.81,3.0,-1.0,287.9,3.0,-1.0,288.57,3.0,10.877932960893855,238.12659217877098,30.310055865921786,10.177131782945736,246.79166666666666,17.75968992248062,11.51222222222222,258.64344444444447,11.255555555555556,8.044117647058824,272.95323529411763,6.6911764705882355,8.096153846153847,283.06673076923073,8.028846153846153,6.184810126582279,298.4777215189873,6.063291139240507,8.3,307.23758620689654,6.189655172413793,4.7215686274509805,309.68549019607843,5.901960784313726,9.057777777777778,315.7886666666667,6.133333333333334,11.286486486486487,315.82216216216216,6.513513513513513,3.771428571428572,320.53464285714284,6.642857142857143,12.416000000000002,329.7432,6.72,1.4857142857142858,335.1142857142857,5.857142857142857,5.626666666666667,335.81,6.733333333333333,3.1,338.62416666666667,6.75,10.266666666666667,339.2711111111111,6.0,-1.0,343.98375,5.75,8.64,341.178,5.8,-1.0,338.33000000000004,5.0,24.1,346.85,6.0,-1.0,351.15999999999997,6.5,-1.0,356.015,4.0,False,False,False,False,False,False,False,False,False,False,True,False,False,False,False,False
4,-1,299.33,4,12,327.03,8.0,16,342.7,4.0,-1,343.49,4.0,11.362921348314606,219.41106741573032,77.95786516853933,12.028571428571428,222.8513210445469,66.27035330261137,12.041229656419528,226.86157323688968,52.7992766726944,12.037473233404711,230.39813704496785,41.95289079229122,10.877932960893855,238.12659217877098,30.310055865921786,10.177131782945736,246.79166666666666,17.75968992248062,11.51222222222222,258.64344444444447,11.255555555555556,8.044117647058824,272.95323529411763,6.6911764705882355,8.096153846153847,283.06673076923073,8.028846153846153,6.184810126582279,298.4777215189873,6.063291139240507,8.3,307.23758620689654,6.189655172413793,4.7215686274509805,309.68549019607843,5.901960784313726,9.057777777777778,315.7886666666667,6.133333333333334,11.286486486486487,315.82216216216216,6.513513513513513,3.771428571428572,320.53464285714284,6.642857142857143,12.416000000000002,329.7432,6.72,1.4857142857142858,335.1142857142857,5.857142857142857,5.626666666666667,335.81,6.733333333333333,3.1,338.62416666666667,6.75,10.266666666666667,339.2711111111111,6.0,-1.0,343.98375,5.75,8.64,341.178,5.8,-1.0,338.33000000000004,5.0,24.1,346.85,6.0,-1.0,351.15999999999997,6.5,-1.0,356.015,4.0,False,True,False,False,False,False,False,False,False,False,False,False,False,False,False,False
11,-1,98.21,3,-1,99.92,7.0,-1,101.65,4.0,-1,104.01,5.0,-1.0,116.28,6.0,14.0,118.25,17.0,15.0,122.22,206.0,16.0,126.39,48.0,-1.0,127.55,7.0,17.0,130.36,30.0,18.0,134.6,20.0,8.044117647058824,272.95323529411763,6.6911764705882355,8.096153846153847,283.06673076923073,8.028846153846153,6.184810126582279,298.4777215189873,6.063291139240507,8.3,307.23758620689654,6.189655172413793,4.7215686274509805,309.68549019607843,5.901960784313726,9.057777777777778,315.7886666666667,6.133333333333334,11.286486486486487,315.82216216216216,6.513513513513513,3.771428571428572,320.53464285714284,6.642857142857143,12.416000000000002,329.7432,6.72,1.4857142857142858,335.1142857142857,5.857142857142857,5.626666666666667,335.81,6.733333333333333,3.1,338.62416666666667,6.75,10.266666666666667,339.2711111111111,6.0,-1.0,343.98375,5.75,8.64,341.178,5.8,-1.0,338.33000000000004,5.0,24.1,346.85,6.0,-1.0,351.15999999999997,6.5,-1.0,356.015,4.0,False,False,False,False,False,False,False,False,True,False,False,False,False,False,False,False
10,6,168.64,44,-1,169.94,7.0,7,172.61,52.0,8,176.75,13.0,9.0,180.75,51.0,9.3,183.89,24.0,11.0,188.7,6.0,12.0,192.6,7.0,12.0,193.43,6.0,-1.0,197.76,1.0,11.51222222222222,258.64344444444447,11.255555555555556,8.044117647058824,272.95323529411763,6.6911764705882355,8.096153846153847,283.06673076923073,8.028846153846153,6.184810126582279,298.4777215189873,6.063291139240507,8.3,307.23758620689654,6.189655172413793,4.7215686274509805,309.68549019607843,5.901960784313726,9.057777777777778,315.7886666666667,6.133333333333334,11.286486486486487,315.82216216216216,6.513513513513513,3.771428571428572,320.53464285714284,6.642857142857143,12.416000000000002,329.7432,6.72,1.4857142857142858,335.1142857142857,5.857142857142857,5.626666666666667,335.81,6.733333333333333,3.1,338.62416666666667,6.75,10.266666666666667,339.2711111111111,6.0,-1.0,343.98375,5.75,8.64,341.178,5.8,-1.0,338.33000000000004,5.0,24.1,346.85,6.0,-1.0,351.15999999999997,6.5,-1.0,356.015,4.0,False,False,False,False,False,False,False,False,False,False,False,False,False,True,False,False
9,-1,203.68,5,-1,206.87,5.0,-1,213.34,5.0,-1,214.5,5.0,-1.0,221.74,4.0,11.0,227.16,50.0,12.0,231.25,103.0,15.0,243.86,6.0,-1.0,245.32,7.0,10.177131782945736,246.79166666666666,17.75968992248062,11.51222222222222,258.64344444444447,11.255555555555556,8.044117647058824,272.95323529411763,6.6911764705882355,8.096153846153847,283.06673076923073,8.028846153846153,6.184810126582279,298.4777215189873,6.063291139240507,8.3,307.23758620689654,6.189655172413793,4.7215686274509805,309.68549019607843,5.901960784313726,9.057777777777778,315.7886666666667,6.133333333333334,11.286486486486487,315.82216216216216,6.513513513513513,3.771428571428572,320.53464285714284,6.642857142857143,12.416000000000002,329.7432,6.72,1.4857142857142858,335.1142857142857,5.857142857142857,5.626666666666667,335.81,6.733333333333333,3.1,338.62416666666667,6.75,10.266666666666667,339.2711111111111,6.0,-1.0,343.98375,5.75,8.64,341.178,5.8,-1.0,338.33000000000004,5.0,24.1,346.85,6.0,-1.0,351.15999999999997,6.5,-1.0,356.015,4.0,False,False,True,False,False,False,False,False,False,False,False,False,False,False,False,False
5,-1,253.62,6,6,256.0,7.0,8,263.1,12.0,-1,268.4,5.0,12.0,279.06,12.0,12.028571428571428,222.8513210445469,66.27035330261137,12.041229656419528,226.86157323688968,52.7992766726944,12.037473233404711,230.39813704496785,41.95289079229122,10.877932960893855,238.12659217877098,30.310055865921786,10.177131782945736,246.79166666666666,17.75968992248062,11.51222222222222,258.64344444444447,11.255555555555556,8.044117647058824,272.95323529411763,6.6911764705882355,8.096153846153847,283.06673076923073,8.028846153846153,6.184810126582279,298.4777215189873,6.063291139240507,8.3,307.23758620689654,6.189655172413793,4.7215686274509805,309.68549019607843,5.901960784313726,9.057777777777778,315.7886666666667,6.133333333333334,11.286486486486487,315.82216216216216,6.513513513513513,3.771428571428572,320.53464285714284,6.642857142857143,12.416000000000002,329.7432,6.72,1.4857142857142858,335.1142857142857,5.857142857142857,5.626666666666667,335.81,6.733333333333333,3.1,338.62416666666667,6.75,10.266666666666667,339.2711111111111,6.0,-1.0,343.98375,5.75,8.64,341.178,5.8,-1.0,338.33000000000004,5.0,24.1,346.85,6.0,-1.0,351.15999999999997,6.5,-1.0,356.015,4.0,False,False,False,True,False,False,False,False,False,False,False,False,False,False,False,False
9,14,300.41,6,17,312.7,21.0,-1,318.99,4.0,19,321.24,40.0,-1.0,322.38,6.0,22.0,333.46,5.0,-1.0,350.03,3.0,-1.0,354.75,3.0,-1.0,365.16,7.0,10.177131782945736,246.79166666666666,17.75968992248062,11.51222222222222,258.64344444444447,11.255555555555556,8.044117647058824,272.95323529411763,6.6911764705882355,8.096153846153847,283.06673076923073,8.028846153846153,6.184810126582279,298.4777215189873,6.063291139240507,8.3,307.23758620689654,6.189655172413793,4.7215686274509805,309.68549019607843,5.901960784313726,9.057777777777778,315.7886666666667,6.133333333333334,11.286486486486487,315.82216216216216,6.513513513513513,3.771428571428572,320.53464285714284,6.642857142857143,12.416000000000002,329.7432,6.72,1.4857142857142858,335.1142857142857,5.857142857142857,5.626666666666667,335.81,6.733333333333333,3.1,338.62416666666667,6.75,10.266666666666667,339.2711111111111,6.0,-1.0,343.98375,5.75,8.64,341.178,5.8,-1.0,338.33000000000004,5.0,24.1,346.85,6.0,-1.0,351.15999999999997,6.5,-1.0,356.015,4.0,False,False,False,False,False,False,False,True,False,False,False,False,False,False,False,False
13,-1,95.58,9,-1,97.36,5.0,10,103.62,7.0,11,108.16,21.0,12.0,112.21,19.0,12.2,114.38,23.0,13.0,116.13,32.0,13.2,118.18,27.0,14.0,120.15,40.0,-1.0,125.54,5.0,16.0,128.02,10.0,-1.0,132.79,5.0,-1.0,141.86,7.0,6.184810126582279,298.4777215189873,6.063291139240507,8.3,307.23758620689654,6.189655172413793,4.7215686274509805,309.68549019607843,5.901960784313726,9.057777777777778,315.7886666666667,6.133333333333334,11.286486486486487,315.82216216216216,6.513513513513513,3.771428571428572,320.53464285714284,6.642857142857143,12.416000000000002,329.7432,6.72,1.4857142857142858,335.1142857142857,5.857142857142857,5.626666666666667,335.81,6.733333333333333,3.1,338.62416666666667,6.75,10.266666666666667,339.2711111111111,6.0,-1.0,343.98375,5.75,8.64,341.178,5.8,-1.0,338.33000000000004,5.0,24.1,346.85,6.0,-1.0,351.15999999999997,6.5,-1.0,356.015,4.0,False,False,False,False,False,True,False,False,False,False,False,False,False,False,False,False
10,-1,149.75,6,-1,155.4,7.0,-1,157.2,5.0,14,164.04,6.0,15.0,168.16,45.0,16.0,172.13,22.0,18.0,180.33,82.0,18.2,181.91,5.0,21.0,192.85,7.0,-1.0,205.47,8.0,11.51222222222222,258.64344444444447,11.255555555555556,8.044117647058824,272.95323529411763,6.6911764705882355,8.096153846153847,283.06673076923073,8.028846153846153,6.184810126582279,298.4777215189873,6.063291139240507,8.3,307.23758620689654,6.189655172413793,4.7215686274509805,309.68549019607843,5.901960784313726,9.057777777777778,315.7886666666667,6.133333333333334,11.286486486486487,315.82216216216216,6.513513513513513,3.771428571428572,320.53464285714284,6.642857142857143,12.416000000000002,329.7432,6.72,1.4857142857142858,335.1142857142857,5.857142857142857,5.626666666666667,335.81,6.733333333333333,3.1,338.62416666666667,6.75,10.266666666666667,339.2711111111111,6.0,-1.0,343.98375,5.75,8.64,341.178,5.8,-1.0,338.33000000000004,5.0,24.1,346.85,6.0,-1.0,351.15999999999997,6.5,-1.0,356.015,4.0,False,False,False,False,False,False,False,False,False,False,False,False,False,False,False,True
5,8,228.83,31,-1,230.17,4.0,11,240.86,19.0,-1,247.19,6.0,-1.0,250.74,7.0,12.028571428571428,222.8513210445469,66.27035330261137,12.041229656419528,226.86157323688968,52.7992766726944,12.037473233404711,230.39813704496785,41.95289079229122,10.877932960893855,238.12659217877098,30.310055865921786,10.177131782945736,246.79166666666666,17.75968992248062,11.51222222222222,258.64344444444447,11.255555555555556,8.044117647058824,272.95323529411763,6.6911764705882355,8.096153846153847,283.06673076923073,8.028846153846153,6.184810126582279,298.4777215189873,6.063291139240507,8.3,307.23758620689654,6.189655172413793,4.7215686274509805,309.68549019607843,5.901960784313726,9.057777777777778,315.7886666666667,6.133333333333334,11.286486486486487,315.82216216216216,6.513513513513513,3.771428571428572,320.53464285714284,6.642857142857143,12.416000000000002,329.7432,6.72,1.4857142857142858,335.1142857142857,5.857142857142857,5.626666666666667,335.81,6.733333333333333,3.1,338.62416666666667,6.75,10.266666666666667,339.2711111111111,6.0,-1.0,343.98375,5.75,8.64,341.178,5.8,-1.0,338.33000000000004,5.0,24.1,346.85,6.0,-1.0,351.15999999999997,6.5,-1.0,356.015,4.0,False,False,False,False,False,False,False,False,False,False,False,False,False,False,True,False
9,-1,269.66,6,14,289.41,10.0,-1,299.83,7.0,-1,304.22,9.0,18.2,307.24,8.0,20.2,315.36,8.0,25.0,333.81,6.0,-1.0,335.88,7.0,-1.0,340.61,9.0,10.177131782945736,246.79166666666666,17.75968992248062,11.51222222222222,258.64344444444447,11.255555555555556,8.044117647058824,272.95323529411763,6.6911764705882355,8.096153846153847,283.06673076923073,8.028846153846153,6.184810126582279,298.4777215189873,6.063291139240507,8.3,307.23758620689654,6.189655172413793,4.7215686274509805,309.68549019607843,5.901960784313726,9.057777777777778,315.7886666666667,6.133333333333334,11.286486486486487,315.82216216216216,6.513513513513513,3.771428571428572,320.53464285714284,6.642857142857143,12.416000000000002,329.7432,6.72,1.4857142857142858,335.1142857142857,5.857142857142857,5.626666666666667,335.81,6.733333333333333,3.1,338.62416666666667,6.75,10.266666666666667,339.2711111111111,6.0,-1.0,343.98375,5.75,8.64,341.178,5.8,-1.0,338.33000000000004,5.0,24.1,346.85,6.0,-1.0,351.15999999999997,6.5,-1.0,356.015,4.0,False,False,False,False,True,False,False,False,False,False,False,False,False,False,False,False
2,X,104.95,190,Y,110.89,182.0,,210.75846753246756,71.04545454545455,,216.6818641810919,87.4513981358189,11.362921348314606,219.41106741573032,77.95786516853933,12.028571428571428,222.8513210445469,66.27035330261137,12.041229656419528,226.86157323688968,52.7992766726944,12.037473233404711,230.39813704496785,41.95289079229122,10.877932960893855,238.12659217877098,30.310055865921786,10.177131782945736,246.79166666666666,17.75968992248062,11.51222222222222,258.64344444444447,11.255555555555556,8.044117647058824,272.95323529411763,6.6911764705882355,8.096153846153847,283.06673076923073,8.028846153846153,6.184810126582279,298.4777215189873,6.063291139240507,8.3,307.23758620689654,6.189655172413793,4.7215686274509805,309.68549019607843,5.901960784313726,9.057777777777778,315.7886666666667,6.133333333333334,11.286486486486487,315.82216216216216,6.513513513513513,3.771428571428572,320.53464285714284,6.642857142857143,12.416000000000002,329.7432,6.72,1.4857142857142858,335.1142857142857,5.857142857142857,5.626666666666667,335.81,6.733333333333333,3.1,338.62416666666667,6.75,10.266666666666667,339.2711111111111,6.0,-1.0,343.98375,5.75,8.64,341.178,5.8,-1.0,338.33000000000004,5.0,24.1,346.85,6.0,-1.0,351.15999999999997,6.5,-1.0,356.015,4.0,True,False,False,False,False,False,False,False,False,False,False,False,False,False,False,False
13,-1,126.78,4,-1,133.97,6.0,-1,137.61,7.0,10,144.78,48.0,-1.0,145.92,8.0,11.0,148.77,28.0,-1.0,150.08,5.0,12.0,153.1,32.0,-1.0,154.74,8.0,13.0,157.29,51.0,14.0,161.61,7.0,-1.0,167.19,6.0,-1.0,170.02,8.0,6.184810126582279,298.4777215189873,6.063291139240507,8.3,307.23758620689654,6.189655172413793,4.7215686274509805,309.68549019607843,5.901960784313726,9.057777777777778,315.7886666666667,6.133333333333334,11.286486486486487,315.82216216216216,6.513513513513513,3.771428571428572,320.53464285714284,6.642857142857143,12.416000000000002,329.7432,6.72,1.4857142857142858,335.1142857142857,5.857142857142857,5.626666666666667,335.81,6.733333333333333,3.1,338.62416666666667,6.75,10.266666666666667,339.2711111111111,6.0,-1.0,343.98375,5.75,8.64,341.178,5.8,-1.0,338.33000000000004,5.0,24.1,346.85,6.0,-1.0,351.15999999999997,6.5,-1.0,356.015,4.0,False,False,False,False,False,False,False,False,False,True,False,False,False,False,False,False
21,-1,211.78,10,17,212.69,8.0,-1,213.75,10.0,18,217.0,6.0,19.0,220.83,12.0,21.0,228.91,13.0,22.0,233.1,18.0,-1.0,235.96,9.0,23.0,237.47,12.0,26.2,252.14,8.0,-1.0,254.69,6.0,-1.0,270.17,7.0,-1.0,272.2,4.0,32.0,273.21,4.0,34.2,283.36,9.0,-1.0,290.42,6.0,-1.0,295.63,9.0,-1.0,310.47,5.0,-1.0,333.55,8.0,-1.0,337.86,9.0,-1.0,343.66,6.0,5.626666666666667,335.81,6.733333333333333,3.1,338.62416666666667,6.75,10.266666666666667,339.2711111111111,6.0,-1.0,343.98375,5.75,8.64,341.178,5.8,-1.0,338.33000000000004,5.0,24.1,346.85,6.0,-1.0,351.15999999999997,6.5,-1.0,356.015,4.0,False,False,False,False,False,False,False,False,False,False,False,False,True,False,False,False
9,11,133.68,32,12,137.78,19.0,13,141.94,50.0,14,146.24,13.0,-1.0,151.38,4.0,-1.0,152.03,4.0,16.0,154.24,7.0,-1.0,162.19,2.0,-1.0,177.15,3.0,10.177131782945736,246.79166666666666,17.75968992248062,11.51222222222222,258.64344444444447,11.255555555555556,8.044117647058824,272.95323529411763,6.6911764705882355,8.096153846153847,283.06673076923073,8.028846153846153,6.184810126582279,298.4777215189873,6.063291139240507,8.3,307.23758620689654,6.189655172413793,4.7215686274509805,309.68549019607843,5.901960784313726,9.057777777777778,315.7886666666667,6.133333333333334,11.286486486486487,315.82216216216216,6.513513513513513,3.771428571428572,320.53464285714284,6.642857142857143,12.416000000000002,329.7432,6.72,1.4857142857142858,335.1142857142857,5.857142857142857,5.626666666666667,335.81,6.733333333333333,3.1,338.62416666666667,6.75,10.266666666666667,339.2711111111111,6.0,-1.0,343.98375,5.75,8.64,341.178,5.8,-1.0,338.33000000000004,5.0,24.1,346.85,6.0,-1.0,351.15999999999997,6.5,-1.0,356.015,4.0,False,False,False,False,False,False,False,False,False,False,False,True,False,False,False,False
10,26,190.17,5,27.2,196.94,3.0,28.2,200.97,3.0,29,202.66,14.0,29.2,204.85,3.0,-1.0,209.17,2.0,31.2,212.6,5.0,-1.0,214.17,2.0,37.0,235.43,3.0,39.0,243.34,2.0,11.51222222222222,258.64344444444447,11.255555555555556,8.044117647058824,272.95323529411763,6.6911764705882355,8.096153846153847,283.06673076923073,8.028846153846153,6.184810126582279,298.4777215189873,6.063291139240507,8.3,307.23758620689654,6.189655172413793,4.7215686274509805,309.68549019607843,5.901960784313726,9.057777777777778,315.7886666666667,6.133333333333334,11.286486486486487,315.82216216216216,6.513513513513513,3.771428571428572,320.53464285714284,6.642857142857143,12.416000000000002,329.7432,6.72,1.4857142857142858,335.1142857142857,5.857142857142857,5.626666666666667,335.81,6.733333333333333,3.1,338.62416666666667,6.75,10.266666666666667,339.2711111111111,6.0,-1.0,343.98375,5.75,8.64,341.178,5.8,-1.0,338.33000000000004,5.0,24.1,346.85,6.0,-1.0,351.15999999999997,6.5,-1.0,356.015,4.0,False,False,False,False,False,False,True,False,False,False,False,False,False,False,False,False
4,8,262.09,11,8.2,263.94,4.0,-1,271.74,3.0,15,290.29,2.0,11.362921348314606,219.41106741573032,77.95786516853933,12.028571428571428,222.8513210445469,66.27035330261137,12.041229656419528,226.86157323688968,52.7992766726944,12.037473233404711,230.39813704496785,41.95289079229122,10.877932960893855,238.12659217877098,30.310055865921786,10.177131782945736,246.79166666666666,17.75968992248062,11.51222222222222,258.64344444444447,11.255555555555556,8.044117647058824,272.95323529411763,6.6911764705882355,8.096153846153847,283.06673076923073,8.028846153846153,6.184810126582279,298.4777215189873,6.063291139240507,8.3,307.23758620689654,6.189655172413793,4.7215686274509805,309.68549019607843,5.901960784313726,9.057777777777778,315.7886666666667,6.133333333333334,11.286486486486487,315.82216216216216,6.513513513513513,3.771428571428572,320.53464285714284,6.642857142857143,12.416000000000002,329.7432,6.72,1.4857142857142858,335.1142857142857,5.857142857142857,5.626666666666667,335.81,6.733333333333333,3.1,338.62416666666667,6.75,10.266666666666667,339.2711111111111,6.0,-1.0,343.98375,5.75,8.64,341.178,5.8,-1.0,338.33000000000004,5.0,24.1,346.85,6.0,-1.0,351.15999999999997,6.5,-1.0,356.015,4.0,False,False,False,False,False,False,False,False,False,False,True,False,False,False,False,False
8,5,298.58,4,-1,301.65,2.0,-1,305.83,4.0,-1,309.04,2.0,-1.0,311.94,2.0,12.0,327.15,3.0,-1.0,329.92,2.0,-1.0,336.22,2.0,10.877932960893855,238.12659217877098,30.310055865921786,10.177131782945736,246.79166666666666,17.75968992248062,11.51222222222222,258.64344444444447,11.255555555555556,8.044117647058824,272.95323529411763,6.6911764705882355,8.096153846153847,283.06673076923073,8.028846153846153,6.184810126582279,298.4777215189873,6.063291139240507,8.3,307.23758620689654,6.189655172413793,4.7215686274509805,309.68549019607843,5.901960784313726,9.057777777777778,315.7886666666667,6.133333333333334,11.286486486486487,315.82216216216216,6.513513513513513,3.771428571428572,320.53464285714284,6.642857142857143,12.416000000000002,329.7432,6.72,1.4857142857142858,335.1142857142857,5.857142857142857,5.626666666666667,335.81,6.733333333333333,3.1,338.62416666666667,6.75,10.266666666666667,339.2711111111111,6.0,-1.0,343.98375,5.75,8.64,341.178,5.8,-1.0,338.33000000000004,5.0,24.1,346.85,6.0,-1.0,351.15999999999997,6.5,-1.0,356.015,4.0,False,True,False,False,False,False,False,False,False,False,False,False,False,False,False,False
12,-1,98.61,3,-1,105.26,5.0,-1,109.4,6.0,-1,111.12,8.0,-1.0,116.13,8.0,14.0,118.1,12.0,15.0,122.29,97.0,16.0,126.44,34.0,17.0,130.32,20.0,-1.0,133.05,8.0,-1.0,139.13,7.0,-1.0,140.65,8.0,8.096153846153847,283.06673076923073,8.028846153846153,6.184810126582279,298.4777215189873,6.063291139240507,8.3,307.23758620689654,6.189655172413793,4.7215686274509805,309.68549019607843,5.901960784313726,9.057777777777778,315.7886666666667,6.133333333333334,11.286486486486487,315.82216216216216,6.513513513513513,3.771428571428572,320.53464285714284,6.642857142857143,12.416000000000002,329.7432,6.72,1.4857142857142858,335.1142857142857,5.857142857142857,5.626666666666667,335.81,6.733333333333333,3.1,338.62416666666667,6.75,10.266666666666667,339.2711111111111,6.0,-1.0,343.98375,5.75,8.64,341.178,5.8,-1.0,338.33000000000004,5.0,24.1,346.85,6.0,-1.0,351.15999999999997,6.5,-1.0,356.015,4.0,False,False,False,False,False,False,False,False,True,False,False,False,False,False,False,False
4,6,168.6,12,8,176.74,26.0,9.3,183.89,11.0,12,193.39,6.0,11.362921348314606,219.41106741573032,77.95786516853933,12.028571428571428,222.8513210445469,66.27035330261137,12.041229656419528,226.86157323688968,52.7992766726944,12.037473233404711,230.39813704496785,41.95289079229122,10.877932960893855,238.12659217877098,30.310055865921786,10.177131782945736,246.79166666666666,17.75968992248062,11.51222222222222,258.64344444444447,11.255555555555556,8.044117647058824,272.95323529411763,6.6911764705882355,8.096153846153847,283.06673076923073,8.028846153846153,6.184810126582279,298.4777215189873,6.063291139240507,8.3,307.23758620689654,6.189655172413793,4.7215686274509805,309.68549019607843,5.901960784313726,9.057777777777778,315.7886666666667,6.133333333333334,11.286486486486487,315.82216216216216,6.513513513513513,3.771428571428572,320.53464285714284,6.642857142857143,12.416000000000002,329.7432,6.72,1.4857142857142858,335.1142857142857,5.857142857142857,5.626666666666667,335.81,6.733333333333333,3.1,338.62416666666667,6.75,10.266666666666667,339.2711111111111,6.0,-1.0,343.98375,5.75,8.64,341.178,5.8,-1.0,338.33000000000004,5.0,24.1,346.85,6.0,-1.0,351.15999999999997,6.5,-1.0,356.015,4.0,False,False,False,False,False,False,False,False,False,False,False,False,False,True,False,False
10,-1,212.77,7,-1,214.17,6.0,10,222.98,7.0,-1,224.47,4.0,11.0,227.21,34.0,-1.0,229.53,5.0,12.0,231.44,13.0,14.0,239.42,3.0,-1.0,245.82,8.0,-1.0,246.93,7.0,11.51222222222222,258.64344444444447,11.255555555555556,8.044117647058824,272.95323529411763,6.6911764705882355,8.096153846153847,283.06673076923073,8.028846153846153,6.184810126582279,298.4777215189873,6.063291139240507,8.3,307.23758620689654,6.189655172413793,4.7215686274509805,309.68549019607843,5.901960784313726,9.057777777777778,315.7886666666667,6.133333333333334,11.286486486486487,315.82216216216216,6.513513513513513,3.771428571428572,320.53464285714284,6.642857142857143,12.416000000000002,329.7432,6.72,1.4857142857142858,335.1142857142857,5.857142857142857,5.626666666666667,335.81,6.733333333333333,3.1,338.62416666666667,6.75,10.266666666666667,339.2711111111111,6.0,-1.0,343.98375,5.75,8.64,341.178,5.8,-1.0,338.33000000000004,5.0,24.1,346.85,6.0,-1.0,351.15999999999997,6.5,-1.0,356.015,4.0,False,False,True,False,False,False,False,False,False,False,False,False,False,False,False,False
9,-1,253.82,3,-1,261.26,6.0,-1,268.89,5.0,10,270.82,5.0,11.0,275.19,12.0,-1.0,277.22,5.0,12.0,279.07,6.0,13.0,283.34,20.0,16.0,295.06,2.0,10.177131782945736,246.79166666666666,17.75968992248062,11.51222222222222,258.64344444444447,11.255555555555556,8.044117647058824,272.95323529411763,6.6911764705882355,8.096153846153847,283.06673076923073,8.028846153846153,6.184810126582279,298.4777215189873,6.063291139240507,8.3,307.23758620689654,6.189655172413793,4.7215686274509805,309.68549019607843,5.901960784313726,9.057777777777778,315.7886666666667,6.133333333333334,11.286486486486487,315.82216216216216,6.513513513513513,3.771428571428572,320.53464285714284,6.642857142857143,12.416000000000002,329.7432,6.72,1.4857142857142858,335.1142857142857,5.857142857142857,5.626666666666667,335.81,6.733333333333333,3.1,338.62416666666667,6.75,10.266666666666667,339.2711111111111,6.0,-1.0,343.98375,5.75,8.64,341.178,5.8,-1.0,338.33000000000004,5.0,24.1,346.85,6.0,-1.0,351.15999999999997,6.5,-1.0,356.015,4.0,False,False,False,True,False,False,False,False,False,False,False,False,False,False,False,False
8,-1,327.06,7,-1,327.67,7.0,-1,331.65,5.0,-1,340.0,4.0,25.0,344.88,8.0,-1.0,347.41,10.0,-1.0,357.03,6.0,-1.0,362.35,5.0,10.877932960893855,238.12659217877098,30.310055865921786,10.177131782945736,246.79166666666666,17.75968992248062,11.51222222222222,258.64344444444447,11.255555555555556,8.044117647058824,272.95323529411763,6.6911764705882355,8.096153846153847,283.06673076923073,8.028846153846153,6.184810126582279,298.4777215189873,6.063291139240507,8.3,307.23758620689654,6.189655172413793,4.7215686274509805,309.68549019607843,5.901960784313726,9.057777777777778,315.7886666666667,6.133333333333334,11.286486486486487,315.82216216216216,6.513513513513513,3.771428571428572,320.53464285714284,6.642857142857143,12.416000000000002,329.7432,6.72,1.4857142857142858,335.1142857142857,5.857142857142857,5.626666666666667,335.81,6.733333333333333,3.1,338.62416666666667,6.75,10.266666666666667,339.2711111111111,6.0,-1.0,343.98375,5.75,8.64,341.178,5.8,-1.0,338.33000000000004,5.0,24.1,346.85,6.0,-1.0,351.15999999999997,6.5,-1.0,356.015,4.0,False,False,False,False,False,False,False,True,False,False,False,False,False,False,False,False
8,-1,97.29,7,10,103.54,10.0,12,112.21,23.0,13,116.28,21.0,14.2,122.29,6.0,15.0,124.05,14.0,17.0,131.8,7.0,-1.0,137.15,4.0,10.877932960893855,238.12659217877098,30.310055865921786,10.177131782945736,246.79166666666666,17.75968992248062,11.51222222222222,258.64344444444447,11.255555555555556,8.044117647058824,272.95323529411763,6.6911764705882355,8.096153846153847,283.06673076923073,8.028846153846153,6.184810126582279,298.4777215189873,6.063291139240507,8.3,307.23758620689654,6.189655172413793,4.7215686274509805,309.68549019607843,5.901960784313726,9.057777777777778,315.7886666666667,6.133333333333334,11.286486486486487,315.82216216216216,6.513513513513513,3.771428571428572,320.53464285714284,6.642857142857143,12.416000000000002,329.7432,6.72,1.4857142857142858,335.1142857142857,5.857142857142857,5.626666666666667,335.81,6.733333333333333,3.1,338.62416666666667,6.75,10.266666666666667,339.2711111111111,6.0,-1.0,343.98375,5.75,8.64,341.178,5.8,-1.0,338.33000000000004,5.0,24.1,346.85,6.0,-1.0,351.15999999999997,6.5,-1.0,356.015,4.0,False,False,False,False,False,True,False,False,False,False,False,False,False,False,False,False
9,-1,146.97,5,-1,148.52,7.0,14,164.22,8.0,15,168.2,28.0,16.0,172.1,17.0,17.0,176.25,55.0,18.0,180.33,24.0,21.0,192.65,7.0,-1.0,208.27,6.0,10.177131782945736,246.79166666666666,17.75968992248062,11.51222222222222,258.64344444444447,11.255555555555556,8.044117647058824,272.95323529411763,6.6911764705882355,8.096153846153847,283.06673076923073,8.028846153846153,6.184810126582279,298.4777215189873,6.063291139240507,8.3,307.23758620689654,6.189655172413793,4.7215686274509805,309.68549019607843,5.901960784313726,9.057777777777778,315.7886666666667,6.133333333333334,11.286486486486487,315.82216216216216,6.513513513513513,3.771428571428572,320.53464285714284,6.642857142857143,12.416000000000002,329.7432,6.72,1.4857142857142858,335.1142857142857,5.857142857142857,5.626666666666667,335.81,6.733333333333333,3.1,338.62416666666667,6.75,10.266666666666667,339.2711111111111,6.0,-1.0,343.98375,5.75,8.64,341.178,5.8,-1.0,338.33000000000004,5.0,24.1,346.85,6.0,-1.0,351.15999999999997,6.5,-1.0,356.015,4.0,False,False,False,False,False,False,False,False,False,False,False,False,False,False,False,True
5,-1,219.32,8,-1,220.0,8.0,-1,227.87,7.0,-1,239.17,3.0,-1.0,254.97,8.0,12.028571428571428,222.8513210445469,66.27035330261137,12.041229656419528,226.86157323688968,52.7992766726944,12.037473233404711,230.39813704496785,41.95289079229122,10.877932960893855,238.12659217877098,30.310055865921786,10.177131782945736,246.79166666666666,17.75968992248062,11.51222222222222,258.64344444444447,11.255555555555556,8.044117647058824,272.95323529411763,6.6911764705882355,8.096153846153847,283.06673076923073,8.028846153846153,6.184810126582279,298.4777215189873,6.063291139240507,8.3,307.23758620689654,6.189655172413793,4.7215686274509805,309.68549019607843,5.901960784313726,9.057777777777778,315.7886666666667,6.133333333333334,11.286486486486487,315.82216216216216,6.513513513513513,3.771428571428572,320.53464285714284,6.642857142857143,12.416000000000002,329.7432,6.72,1.4857142857142858,335.1142857142857,5.857142857142857,5.626666666666667,335.81,6.733333333333333,3.1,338.62416666666667,6.75,10.266666666666667,339.2711111111111,6.0,-1.0,343.98375,5.75,8.64,341.178,5.8,-1.0,338.33000000000004,5.0,24.1,346.85,6.0,-1.0,351.15999999999997,6.5,-1.0,356.015,4.0,False,False,False,False,False,False,False,False,False,False,False,False,False,False,True,False
8,10,273.17,4,-1,276.54,5.0,14,289.12,19.0,17,301.07,18.0,19.0,309.21,15.0,-1.0,326.72,7.0,-1.0,336.22,9.0,-1.0,339.74,6.0,10.877932960893855,238.12659217877098,30.310055865921786,10.177131782945736,246.79166666666666,17.75968992248062,11.51222222222222,258.64344444444447,11.255555555555556,8.044117647058824,272.95323529411763,6.6911764705882355,8.096153846153847,283.06673076923073,8.028846153846153,6.184810126582279,298.4777215189873,6.063291139240507,8.3,307.23758620689654,6.189655172413793,4.7215686274509805,309.68549019607843,5.901960784313726,9.057777777777778,315.7886666666667,6.133333333333334,11.286486486486487,315.82216216216216,6.513513513513513,3.771428571428572,320.53464285714284,6.642857142857143,12.416000000000002,329.7432,6.72,1.4857142857142858,335.1142857142857,5.857142857142857,5.626666666666667,335.81,6.733333333333333,3.1,338.62416666666667,6.75,10.266666666666667,339.2711111111111,6.0,-1.0,343.98375,5.75,8.64,341.178,5.8,-1.0,338.33000000000004,5.0,24.1,346.85,6.0,-1.0,351.15999999999997,6.5,-1.0,356.015,4.0,False,False,False,False,True,False,False,False,False,False,False,False,False,False,False,False
2,X,104.95,26,Y,110.81,87.0,,210.75846753246756,71.04545454545455,,216.6818641810919,87.4513981358189,11.362921348314606,219.41106741573032,77.95786516853933,12.028571428571428,222.8513210445469,66.27035330261137,12.041229656419528,226.86157323688968,52.7992766726944,12.037473233404711,230.39813704496785,41.95289079229122,10.877932960893855,238.12659217877098,30.310055865921786,10.177131782945736,246.79166666666666,17.75968992248062,11.51222222222222,258.64344444444447,11.255555555555556,8.044117647058824,272.95323529411763,6.6911764705882355,8.096153846153847,283.06673076923073,8.028846153846153,6.184810126582279,298.4777215189873,6.063291139240507,8.3,307.23758620689654,6.189655172413793,4.7215686274509805,309.68549019607843,5.901960784313726,9.057777777777778,315.7886666666667,6.133333333333334,11.286486486486487,315.82216216216216,6.513513513513513,3.771428571428572,320.53464285714284,6.642857142857143,12.416000000000002,329.7432,6.72,1.4857142857142858,335.1142857142857,5.857142857142857,5.626666666666667,335.81,6.733333333333333,3.1,338.62416666666667,6.75,10.266666666666667,339.2711111111111,6.0,-1.0,343.98375,5.75,8.64,341.178,5.8,-1.0,338.33000000000004,5.0,24.1,346.85,6.0,-1.0,351.15999999999997,6.5,-1.0,356.015,4.0,True,False,False,False,False,False,False,False,False,False,False,False,False,False,False,False
7,6,129.08,5,-1,129.7,6.0,-1,143.07,6.0,10,144.7,22.0,11.0,148.84,39.0,12.0,152.85,13.0,-1.0,171.69,10.0,12.037473233404711,230.39813704496785,41.95289079229122,10.877932960893855,238.12659217877098,30.310055865921786,10.177131782945736,246.79166666666666,17.75968992248062,11.51222222222222,258.64344444444447,11.255555555555556,8.044117647058824,272.95323529411763,6.6911764705882355,8.096153846153847,283.06673076923073,8.028846153846153,6.184810126582279,298.4777215189873,6.063291139240507,8.3,307.23758620689654,6.189655172413793,4.7215686274509805,309.68549019607843,5.901960784313726,9.057777777777778,315.7886666666667,6.133333333333334,11.286486486486487,315.82216216216216,6.513513513513513,3.771428571428572,320.53464285714284,6.642857142857143,12.416000000000002,329.7432,6.72,1.4857142857142858,335.1142857142857,5.857142857142857,5.626666666666667,335.81,6.733333333333333,3.1,338.62416666666667,6.75,10.266666666666667,339.2711111111111,6.0,-1.0,343.98375,5.75,8.64,341.178,5.8,-1.0,338.33000000000004,5.0,24.1,346.85,6.0,-1.0,351.15999999999997,6.5,-1.0,356.015,4.0,False,False,False,False,False,False,False,False,False,True,False,False,False,False,False,False
14,20,224.89,6,21,229.03,17.0,-1,251.16,4.0,30.2,267.04,7.0,-1.0,286.61,6.0,-1.0,293.13,6.0,-1.0,294.3,8.0,-1.0,323.67,6.0,-1.0,325.06,9.0,-1.0,329.92,7.0,-1.0,350.56,7.0,-1.0,355.36,7.0,-1.0,356.24,5.0,-1.0,357.64,10.0,8.3,307.23758620689654,6.189655172413793,4.7215686274509805,309.68549019607843,5.901960784313726,9.057777777777778,315.7886666666667,6.133333333333334,11.286486486486487,315.82216216216216,6.513513513513513,3.771428571428572,320.53464285714284,6.642857142857143,12.416000000000002,329.7432,6.72,1.4857142857142858,335.1142857142857,5.857142857142857,5.626666666666667,335.81,6.733333333333333,3.1,338.62416666666667,6.75,10.266666666666667,339.2711111111111,6.0,-1.0,343.98375,5.75,8.64,341.178,5.8,-1.0,338.33000000000004,5.0,24.1,346.85,6.0,-1.0,351.15999999999997,6.5,-1.0,356.015,4.0,False,False,False,False,False,False,False,False,False,False,False,False,True,False,False,False
7,10,129.66,17,11,133.72,311.0,12,137.82,537.0,13,141.97,444.0,14.0,146.17,119.0,16.0,154.46,105.0,-1.0,160.87,4.0,12.037473233404711,230.39813704496785,41.95289079229122,10.877932960893855,238.12659217877098,30.310055865921786,10.177131782945736,246.79166666666666,17.75968992248062,11.51222222222222,258.64344444444447,11.255555555555556,8.044117647058824,272.95323529411763,6.6911764705882355,8.096153846153847,283.06673076923073,8.028846153846153,6.184810126582279,298.4777215189873,6.063291139240507,8.3,307.23758620689654,6.189655172413793,4.7215686274509805,309.68549019607843,5.901960784313726,9.057777777777778,315.7886666666667,6.133333333333334,11.286486486486487,315.82216216216216,6.513513513513513,3.771428571428572,320.53464285714284,6.642857142857143,12.416000000000002,329.7432,6.72,1.4857142857142858,335.1142857142857,5.857142857142857,5.626666666666667,335.81,6.733333333333333,3.1,338.62416666666667,6.75,10.266666666666667,339.2711111111111,6.0,-1.0,343.98375,5.75,8.64,341.178,5.8,-1.0,338.33000000000004,5.0,24.1,346.85,6.0,-1.0,351.15999999999997,6.5,-1.0,356.015,4.0,False,False,False,False,False,False,False,False,False,False,False,True,False,False,False,False
13,24.2,184.54,3,26,190.12,2.0,28,198.62,53.0,29,202.7,194.0,29.2,204.45,2.0,30.2,208.74,8.0,31.0,210.65,40.0,31.2,212.64,70.0,33.2,220.32,3.0,-1.0,221.77,4.0,34.0,222.5,6.0,34.0,223.23,5.0,35.0,226.95,23.0,6.184810126582279,298.4777215189873,6.063291139240507,8.3,307.23758620689654,6.189655172413793,4.7215686274509805,309.68549019607843,5.901960784313726,9.057777777777778,315.7886666666667,6.133333333333334,11.286486486486487,315.82216216216216,6.513513513513513,3.771428571428572,320.53464285714284,6.642857142857143,12.416000000000002,329.7432,6.72,1.4857142857142858,335.1142857142857,5.857142857142857,5.626666666666667,335.81,6.733333333333333,3.1,338.62416666666667,6.75,10.266666666666667,339.2711111111111,6.0,-1.0,343.98375,5.75,8.64,341.178,5.8,-1.0,338.33000000000004,5.0,24.1,346.85,6.0,-1.0,351.15999999999997,6.5,-1.0,356.015,4.0,False,False,False,False,False,False,True,False,False,False,False,False,False,False,False,False
10,-1,248.84,2,6,254.02,3.0,8,262.12,36.0,9,265.96,10.0,11.0,274.16,41.0,12.0,278.1,3.0,13.0,282.11,32.0,-1.0,284.8,3.0,-1.0,285.61,3.0,-1.0,291.79,4.0,11.51222222222222,258.64344444444447,11.255555555555556,8.044117647058824,272.95323529411763,6.6911764705882355,8.096153846153847,283.06673076923073,8.028846153846153,6.184810126582279,298.4777215189873,6.063291139240507,8.3,307.23758620689654,6.189655172413793,4.7215686274509805,309.68549019607843,5.901960784313726,9.057777777777778,315.7886666666667,6.133333333333334,11.286486486486487,315.82216216216216,6.513513513513513,3.771428571428572,320.53464285714284,6.642857142857143,12.416000000000002,329.7432,6.72,1.4857142857142858,335.1142857142857,5.857142857142857,5.626666666666667,335.81,6.733333333333333,3.1,338.62416666666667,6.75,10.266666666666667,339.2711111111111,6.0,-1.0,343.98375,5.75,8.64,341.178,5.8,-1.0,338.33000000000004,5.0,24.1,346.85,6.0,-1.0,351.15999999999997,6.5,-1.0,356.015,4.0,False,False,False,False,False,False,False,False,False,False,True,False,False,False,False,False
6,8,310.32,3,12,326.88,64.0,13,331.0,9.0,-1,337.35,3.0,-1.0,343.49,4.0,-1.0,344.51,5.0,12.041229656419528,226.86157323688968,52.7992766726944,12.037473233404711,230.39813704496785,41.95289079229122,10.877932960893855,238.12659217877098,30.310055865921786,10.177131782945736,246.79166666666666,17.75968992248062,11.51222222222222,258.64344444444447,11.255555555555556,8.044117647058824,272.95323529411763,6.6911764705882355,8.096153846153847,283.06673076923073,8.028846153846153,6.184810126582279,298.4777215189873,6.063291139240507,8.3,307.23758620689654,6.189655172413793,4.7215686274509805,309.68549019607843,5.901960784313726,9.057777777777778,315.7886666666667,6.133333333333334,11.286486486486487,315.82216216216216,6.513513513513513,3.771428571428572,320.53464285714284,6.642857142857143,12.416000000000002,329.7432,6.72,1.4857142857142858,335.1142857142857,5.857142857142857,5.626666666666667,335.81,6.733333333333333,3.1,338.62416666666667,6.75,10.266666666666667,339.2711111111111,6.0,-1.0,343.98375,5.75,8.64,341.178,5.8,-1.0,338.33000000000004,5.0,24.1,346.85,6.0,-1.0,351.15999999999997,6.5,-1.0,356.015,4.0,False,True,False,False,False,False,False,False,False,False,False,False,False,False,False,False
5,14,118.22,81,15,122.25,994.0,16,126.39,279.0,17,130.35,119.0,18.0,134.49,66.0,12.028571428571428,222.8513210445469,66.27035330261137,12.041229656419528,226.86157323688968,52.7992766726944,12.037473233404711,230.39813704496785,41.95289079229122,10.877932960893855,238.12659217877098,30.310055865921786,10.177131782945736,246.79166666666666,17.75968992248062,11.51222222222222,258.64344444444447,11.255555555555556,8.044117647058824,272.95323529411763,6.6911764705882355,8.096153846153847,283.06673076923073,8.028846153846153,6.184810126582279,298.4777215189873,6.063291139240507,8.3,307.23758620689654,6.189655172413793,4.7215686274509805,309.68549019607843,5.901960784313726,9.057777777777778,315.7886666666667,6.133333333333334,11.286486486486487,315.82216216216216,6.513513513513513,3.771428571428572,320.53464285714284,6.642857142857143,12.416000000000002,329.7432,6.72,1.4857142857142858,335.1142857142857,5.857142857142857,5.626666666666667,335.81,6.733333333333333,3.1,338.62416666666667,6.75,10.266666666666667,339.2711111111111,6.0,-1.0,343.98375,5.75,8.64,341.178,5.8,-1.0,338.33000000000004,5.0,24.1,346.85,6.0,-1.0,351.15999999999997,6.5,-1.0,356.015,4.0,False,False,False,False,False,False,False,False,True,False,False,False,False,False,False,False
7,4,160.16,3,6,168.55,227.0,7,172.6,269.0,8,176.66,75.0,9.0,180.73,272.0,9.3,183.89,476.0,13.0,197.0,3.0,12.037473233404711,230.39813704496785,41.95289079229122,10.877932960893855,238.12659217877098,30.310055865921786,10.177131782945736,246.79166666666666,17.75968992248062,11.51222222222222,258.64344444444447,11.255555555555556,8.044117647058824,272.95323529411763,6.6911764705882355,8.096153846153847,283.06673076923073,8.028846153846153,6.184810126582279,298.4777215189873,6.063291139240507,8.3,307.23758620689654,6.189655172413793,4.7215686274509805,309.68549019607843,5.901960784313726,9.057777777777778,315.7886666666667,6.133333333333334,11.286486486486487,315.82216216216216,6.513513513513513,3.771428571428572,320.53464285714284,6.642857142857143,12.416000000000002,329.7432,6.72,1.4857142857142858,335.1142857142857,5.857142857142857,5.626666666666667,335.81,6.733333333333333,3.1,338.62416666666667,6.75,10.266666666666667,339.2711111111111,6.0,-1.0,343.98375,5.75,8.64,341.178,5.8,-1.0,338.33000000000004,5.0,24.1,346.85,6.0,-1.0,351.15999999999997,6.5,-1.0,356.015,4.0,False,False,False,False,False,False,False,False,False,False,False,False,False,True,False,False
10,7,210.97,4,-1,211.93,5.0,-1,212.48,5.0,-1,221.37,4.0,10.0,223.47,7.0,11.0,227.19,133.0,12.0,231.26,165.0,13.0,235.33,63.0,14.0,239.43,11.0,-1.0,246.26,4.0,11.51222222222222,258.64344444444447,11.255555555555556,8.044117647058824,272.95323529411763,6.6911764705882355,8.096153846153847,283.06673076923073,8.028846153846153,6.184810126582279,298.4777215189873,6.063291139240507,8.3,307.23758620689654,6.189655172413793,4.7215686274509805,309.68549019607843,5.901960784313726,9.057777777777778,315.7886666666667,6.133333333333334,11.286486486486487,315.82216216216216,6.513513513513513,3.771428571428572,320.53464285714284,6.642857142857143,12.416000000000002,329.7432,6.72,1.4857142857142858,335.1142857142857,5.857142857142857,5.626666666666667,335.81,6.733333333333333,3.1,338.62416666666667,6.75,10.266666666666667,339.2711111111111,6.0,-1.0,343.98375,5.75,8.64,341.178,5.8,-1.0,338.33000000000004,5.0,24.1,346.85,6.0,-1.0,351.15999999999997,6.5,-1.0,356.015,4.0,False,False,True,False,False,False,False,False,False,False,False,False,False,False,False,False
8,8,263.26,56,10,271.28,52.0,11,275.22,74.0,12,279.18,22.0,13.0,283.25,26.0,-1.0,286.02,3.0,-1.0,287.8,4.0,16.0,294.8,7.0,10.877932960893855,238.12659217877098,30.310055865921786,10.177131782945736,246.79166666666666,17.75968992248062,11.51222222222222,258.64344444444447,11.255555555555556,8.044117647058824,272.95323529411763,6.6911764705882355,8.096153846153847,283.06673076923073,8.028846153846153,6.184810126582279,298.4777215189873,6.063291139240507,8.3,307.23758620689654,6.189655172413793,4.7215686274509805,309.68549019607843,5.901960784313726,9.057777777777778,315.7886666666667,6.133333333333334,11.286486486486487,315.82216216216216,6.513513513513513,3.771428571428572,320.53464285714284,6.642857142857143,12.416000000000002,329.7432,6.72,1.4857142857142858,335.1142857142857,5.857142857142857,5.626666666666667,335.81,6.733333333333333,3.1,338.62416666666667,6.75,10.266666666666667,339.2711111111111,6.0,-1.0,343.98375,5.75,8.64,341.178,5.8,-1.0,338.33000000000004,5.0,24.1,346.85,6.0,-1.0,351.15999999999997,6.5,-1.0,356.015,4.0,False,False,False,True,False,False,False,False,False,False,False,False,False,False,False,False
10,-1,308.26,4,17,312.66,42.0,18,316.99,5.0,-1,319.56,5.0,19.0,320.94,28.0,20.0,325.02,11.0,22.0,333.26,8.0,23.0,337.01,9.0,-1.0,340.43,3.0,-1.0,343.15,4.0,11.51222222222222,258.64344444444447,11.255555555555556,8.044117647058824,272.95323529411763,6.6911764705882355,8.096153846153847,283.06673076923073,8.028846153846153,6.184810126582279,298.4777215189873,6.063291139240507,8.3,307.23758620689654,6.189655172413793,4.7215686274509805,309.68549019607843,5.901960784313726,9.057777777777778,315.7886666666667,6.133333333333334,11.286486486486487,315.82216216216216,6.513513513513513,3.771428571428572,320.53464285714284,6.642857142857143,12.416000000000002,329.7432,6.72,1.4857142857142858,335.1142857142857,5.857142857142857,5.626666666666667,335.81,6.733333333333333,3.1,338.62416666666667,6.75,10.266666666666667,339.2711111111111,6.0,-1.0,343.98375,5.75,8.64,341.178,5.8,-1.0,338.33000000000004,5.0,24.1,346.85,6.0,-1.0,351.15999999999997,6.5,-1.0,356.015,4.0,False,False,False,False,False,False,False,True,False,False,False,False,False,False,False,False
11,-1,97.34,5,-1,102.85,3.0,10,104.08,11.0,11,108.14,208.0,12.0,112.18,142.0,12.2,114.22,88.0,13.0,116.22,462.0,13.2,118.15,98.0,14.0,120.15,216.0,15.0,124.05,170.0,16.0,128.06,204.0,8.044117647058824,272.95323529411763,6.6911764705882355,8.096153846153847,283.06673076923073,8.028846153846153,6.184810126582279,298.4777215189873,6.063291139240507,8.3,307.23758620689654,6.189655172413793,4.7215686274509805,309.68549019607843,5.901960784313726,9.057777777777778,315.7886666666667,6.133333333333334,11.286486486486487,315.82216216216216,6.513513513513513,3.771428571428572,320.53464285714284,6.642857142857143,12.416000000000002,329.7432,6.72,1.4857142857142858,335.1142857142857,5.857142857142857,5.626666666666667,335.81,6.733333333333333,3.1,338.62416666666667,6.75,10.266666666666667,339.2711111111111,6.0,-1.0,343.98375,5.75,8.64,341.178,5.8,-1.0,338.33000000000004,5.0,24.1,346.85,6.0,-1.0,351.15999999999997,6.5,-1.0,356.015,4.0,False,False,False,False,False,True,False,False,False,False,False,False,False,False,False,False
8,15,168.16,141,16,172.12,124.0,17,176.26,146.0,18,180.32,255.0,-1.0,185.59,4.0,-1.0,190.28,6.0,-1.0,193.2,5.0,25.0,208.66,4.0,10.877932960893855,238.12659217877098,30.310055865921786,10.177131782945736,246.79166666666666,17.75968992248062,11.51222222222222,258.64344444444447,11.255555555555556,8.044117647058824,272.95323529411763,6.6911764705882355,8.096153846153847,283.06673076923073,8.028846153846153,6.184810126582279,298.4777215189873,6.063291139240507,8.3,307.23758620689654,6.189655172413793,4.7215686274509805,309.68549019607843,5.901960784313726,9.057777777777778,315.7886666666667,6.133333333333334,11.286486486486487,315.82216216216216,6.513513513513513,3.771428571428572,320.53464285714284,6.642857142857143,12.416000000000002,329.7432,6.72,1.4857142857142858,335.1142857142857,5.857142857142857,5.626666666666667,335.81,6.733333333333333,3.1,338.62416666666667,6.75,10.266666666666667,339.2711111111111,6.0,-1.0,343.98375,5.75,8.64,341.178,5.8,-1.0,338.33000000000004,5.0,24.1,346.85,6.0,-1.0,351.15999999999997,6.5,-1.0,356.015,4.0,False,False,False,False,False,False,False,False,False,False,False,False,False,False,False,True
6,6,220.73,36,8,228.73,79.0,11,240.75,63.0,12,244.93,43.0,-1.0,250.0,8.0,14.0,252.57,5.0,12.041229656419528,226.86157323688968,52.7992766726944,12.037473233404711,230.39813704496785,41.95289079229122,10.877932960893855,238.12659217877098,30.310055865921786,10.177131782945736,246.79166666666666,17.75968992248062,11.51222222222222,258.64344444444447,11.255555555555556,8.044117647058824,272.95323529411763,6.6911764705882355,8.096153846153847,283.06673076923073,8.028846153846153,6.184810126582279,298.4777215189873,6.063291139240507,8.3,307.23758620689654,6.189655172413793,4.7215686274509805,309.68549019607843,5.901960784313726,9.057777777777778,315.7886666666667,6.133333333333334,11.286486486486487,315.82216216216216,6.513513513513513,3.771428571428572,320.53464285714284,6.642857142857143,12.416000000000002,329.7432,6.72,1.4857142857142858,335.1142857142857,5.857142857142857,5.626666666666667,335.81,6.733333333333333,3.1,338.62416666666667,6.75,10.266666666666667,339.2711111111111,6.0,-1.0,343.98375,5.75,8.64,341.178,5.8,-1.0,338.33000000000004,5.0,24.1,346.85,6.0,-1.0,351.15999999999997,6.5,-1.0,356.015,4.0,False,False,False,False,False,False,False,False,False,False,False,False,False,False,True,False
9,7,260.41,3,11.2,279.01,6.0,14,289.19,39.0,16,297.24,24.0,18.2,306.7,5.0,19.0,308.83,13.0,-1.0,320.26,5.0,23.0,325.53,4.0,-1.0,335.6,5.0,10.177131782945736,246.79166666666666,17.75968992248062,11.51222222222222,258.64344444444447,11.255555555555556,8.044117647058824,272.95323529411763,6.6911764705882355,8.096153846153847,283.06673076923073,8.028846153846153,6.184810126582279,298.4777215189873,6.063291139240507,8.3,307.23758620689654,6.189655172413793,4.7215686274509805,309.68549019607843,5.901960784313726,9.057777777777778,315.7886666666667,6.133333333333334,11.286486486486487,315.82216216216216,6.513513513513513,3.771428571428572,320.53464285714284,6.642857142857143,12.416000000000002,329.7432,6.72,1.4857142857142858,335.1142857142857,5.857142857142857,5.626666666666667,335.81,6.733333333333333,3.1,338.62416666666667,6.75,10.266666666666667,339.2711111111111,6.0,-1.0,343.98375,5.75,8.64,341.178,5.8,-1.0,338.33000000000004,5.0,24.1,346.85,6.0,-1.0,351.15999999999997,6.5,-1.0,356.015,4.0,False,False,False,False,True,False,False,False,False,False,False,False,False,False,False,False
2,X,105.0,817,Y,110.88,683.0,,210.75846753246756,71.04545454545455,,216.6818641810919,87.4513981358189,11.362921348314606,219.41106741573032,77.95786516853933,12.028571428571428,222.8513210445469,66.27035330261137,12.041229656419528,226.86157323688968,52.7992766726944,12.037473233404711,230.39813704496785,41.95289079229122,10.877932960893855,238.12659217877098,30.310055865921786,10.177131782945736,246.79166666666666,17.75968992248062,11.51222222222222,258.64344444444447,11.255555555555556,8.044117647058824,272.95323529411763,6.6911764705882355,8.096153846153847,283.06673076923073,8.028846153846153,6.184810126582279,298.4777215189873,6.063291139240507,8.3,307.23758620689654,6.189655172413793,4.7215686274509805,309.68549019607843,5.901960784313726,9.057777777777778,315.7886666666667,6.133333333333334,11.286486486486487,315.82216216216216,6.513513513513513,3.771428571428572,320.53464285714284,6.642857142857143,12.416000000000002,329.7432,6.72,1.4857142857142858,335.1142857142857,5.857142857142857,5.626666666666667,335.81,6.733333333333333,3.1,338.62416666666667,6.75,10.266666666666667,339.2711111111111,6.0,-1.0,343.98375,5.75,8.64,341.178,5.8,-1.0,338.33000000000004,5.0,24.1,346.85,6.0,-1.0,351.15999999999997,6.5,-1.0,356.015,4.0,True,False,False,False,False,False,False,False,False,False,False,False,False,False,False,False
5,10,144.75,249,11,148.88,261.0,12,153.02,180.0,13,157.11,232.0,14.0,161.34,7.0,12.028571428571428,222.8513210445469,66.27035330261137,12.041229656419528,226.86157323688968,52.7992766726944,12.037473233404711,230.39813704496785,41.95289079229122,10.877932960893855,238.12659217877098,30.310055865921786,10.177131782945736,246.79166666666666,17.75968992248062,11.51222222222222,258.64344444444447,11.255555555555556,8.044117647058824,272.95323529411763,6.6911764705882355,8.096153846153847,283.06673076923073,8.028846153846153,6.184810126582279,298.4777215189873,6.063291139240507,8.3,307.23758620689654,6.189655172413793,4.7215686274509805,309.68549019607843,5.901960784313726,9.057777777777778,315.7886666666667,6.133333333333334,11.286486486486487,315.82216216216216,6.513513513513513,3.771428571428572,320.53464285714284,6.642857142857143,12.416000000000002,329.7432,6.72,1.4857142857142858,335.1142857142857,5.857142857142857,5.626666666666667,335.81,6.733333333333333,3.1,338.62416666666667,6.75,10.266666666666667,339.2711111111111,6.0,-1.0,343.98375,5.75,8.64,341.178,5.8,-1.0,338.33000000000004,5.0,24.1,346.85,6.0,-1.0,351.15999999999997,6.5,-1.0,356.015,4.0,False,False,False,False,False,False,False,False,False,True,False,False,False,False,False,False
18,-1,212.17,8,17.2,215.13,7.0,-1,215.94,7.0,19,220.97,21.0,-1.0,222.02,8.0,20.0,225.01,48.0,21.0,229.06,120.0,22.0,233.21,33.0,23.0,237.21,28.0,24.0,241.34,19.0,-1.0,258.81,6.0,-1.0,293.33,5.0,-1.0,303.69,4.0,-1.0,311.24,8.0,-1.0,319.11,10.0,-1.0,334.43,8.0,-1.0,342.72,9.0,-1.0,359.49,7.0,3.771428571428572,320.53464285714284,6.642857142857143,12.416000000000002,329.7432,6.72,1.4857142857142858,335.1142857142857,5.857142857142857,5.626666666666667,335.81,6.733333333333333,3.1,338.62416666666667,6.75,10.266666666666667,339.2711111111111,6.0,-1.0,343.98375,5.75,8.64,341.178,5.8,-1.0,338.33000000000004,5.0,24.1,346.85,6.0,-1.0,351.15999999999997,6.5,-1.0,356.015,4.0,False,False,False,False,False,False,False,False,False,False,False,False,True,False,False,False
7,-1,116.49,5,11,133.35,27.0,12,137.58,38.0,13,141.72,61.0,14.0,145.84,37.0,16.0,154.14,22.0,-1.0,161.94,5.0,12.037473233404711,230.39813704496785,41.95289079229122,10.877932960893855,238.12659217877098,30.310055865921786,10.177131782945736,246.79166666666666,17.75968992248062,11.51222222222222,258.64344444444447,11.255555555555556,8.044117647058824,272.95323529411763,6.6911764705882355,8.096153846153847,283.06673076923073,8.028846153846153,6.184810126582279,298.4777215189873,6.063291139240507,8.3,307.23758620689654,6.189655172413793,4.7215686274509805,309.68549019607843,5.901960784313726,9.057777777777778,315.7886666666667,6.133333333333334,11.286486486486487,315.82216216216216,6.513513513513513,3.771428571428572,320.53464285714284,6.642857142857143,12.416000000000002,329.7432,6.72,1.4857142857142858,335.1142857142857,5.857142857142857,5.626666666666667,335.81,6.733333333333333,3.1,338.62416666666667,6.75,10.266666666666667,339.2711111111111,6.0,-1.0,343.98375,5.75,8.64,341.178,5.8,-1.0,338.33000000000004,5.0,24.1,346.85,6.0,-1.0,351.15999999999997,6.5,-1.0,356.015,4.0,False,False,False,False,False,False,False,False,False,False,False,True,False,False,False,False
6,-1,186.99,6,26,190.22,5.0,29,202.47,53.0,30,206.92,5.0,-1.0,231.27,4.0,39.0,242.65,4.0,12.041229656419528,226.86157323688968,52.7992766726944,12.037473233404711,230.39813704496785,41.95289079229122,10.877932960893855,238.12659217877098,30.310055865921786,10.177131782945736,246.79166666666666,17.75968992248062,11.51222222222222,258.64344444444447,11.255555555555556,8.044117647058824,272.95323529411763,6.6911764705882355,8.096153846153847,283.06673076923073,8.028846153846153,6.184810126582279,298.4777215189873,6.063291139240507,8.3,307.23758620689654,6.189655172413793,4.7215686274509805,309.68549019607843,5.901960784313726,9.057777777777778,315.7886666666667,6.133333333333334,11.286486486486487,315.82216216216216,6.513513513513513,3.771428571428572,320.53464285714284,6.642857142857143,12.416000000000002,329.7432,6.72,1.4857142857142858,335.1142857142857,5.857142857142857,5.626666666666667,335.81,6.733333333333333,3.1,338.62416666666667,6.75,10.266666666666667,339.2711111111111,6.0,-1.0,343.98375,5.75,8.64,341.178,5.8,-1.0,338.33000000000004,5.0,24.1,346.85,6.0,-1.0,351.15999999999997,6.5,-1.0,356.015,4.0,False,False,False,False,False,False,True,False,False,False,False,False,False,False,False,False
7,5.2,252.47,5,-1,259.31,6.0,-1,273.45,6.0,-1,277.36,7.0,-1.0,278.72,6.0,-1.0,279.76,5.0,13.0,282.13,4.0,12.037473233404711,230.39813704496785,41.95289079229122,10.877932960893855,238.12659217877098,30.310055865921786,10.177131782945736,246.79166666666666,17.75968992248062,11.51222222222222,258.64344444444447,11.255555555555556,8.044117647058824,272.95323529411763,6.6911764705882355,8.096153846153847,283.06673076923073,8.028846153846153,6.184810126582279,298.4777215189873,6.063291139240507,8.3,307.23758620689654,6.189655172413793,4.7215686274509805,309.68549019607843,5.901960784313726,9.057777777777778,315.7886666666667,6.133333333333334,11.286486486486487,315.82216216216216,6.513513513513513,3.771428571428572,320.53464285714284,6.642857142857143,12.416000000000002,329.7432,6.72,1.4857142857142858,335.1142857142857,5.857142857142857,5.626666666666667,335.81,6.733333333333333,3.1,338.62416666666667,6.75,10.266666666666667,339.2711111111111,6.0,-1.0,343.98375,5.75,8.64,341.178,5.8,-1.0,338.33000000000004,5.0,24.1,346.85,6.0,-1.0,351.15999999999997,6.5,-1.0,356.015,4.0,False,False,False,False,False,False,False,False,False,False,True,False,False,False,False,False
7,-1,300.15,6,6,303.04,3.0,-1,312.29,4.0,10,318.71,14.0,-1.0,325.85,7.0,12.0,327.18,5.0,-1.0,344.01,3.0,12.037473233404711,230.39813704496785,41.95289079229122,10.877932960893855,238.12659217877098,30.310055865921786,10.177131782945736,246.79166666666666,17.75968992248062,11.51222222222222,258.64344444444447,11.255555555555556,8.044117647058824,272.95323529411763,6.6911764705882355,8.096153846153847,283.06673076923073,8.028846153846153,6.184810126582279,298.4777215189873,6.063291139240507,8.3,307.23758620689654,6.189655172413793,4.7215686274509805,309.68549019607843,5.901960784313726,9.057777777777778,315.7886666666667,6.133333333333334,11.286486486486487,315.82216216216216,6.513513513513513,3.771428571428572,320.53464285714284,6.642857142857143,12.416000000000002,329.7432,6.72,1.4857142857142858,335.1142857142857,5.857142857142857,5.626666666666667,335.81,6.733333333333333,3.1,338.62416666666667,6.75,10.266666666666667,339.2711111111111,6.0,-1.0,343.98375,5.75,8.64,341.178,5.8,-1.0,338.33000000000004,5.0,24.1,346.85,6.0,-1.0,351.15999999999997,6.5,-1.0,356.015,4.0,False,True,False,False,False,False,False,False,False,False,False,False,False,False,False,False
8,-1,108.98,6,12,110.64,6.0,-1,113.5,7.0,15,122.1,180.0,-1.0,123.36,10.0,16.0,126.26,43.0,17.0,130.18,29.0,17.2,132.49,8.0,10.877932960893855,238.12659217877098,30.310055865921786,10.177131782945736,246.79166666666666,17.75968992248062,11.51222222222222,258.64344444444447,11.255555555555556,8.044117647058824,272.95323529411763,6.6911764705882355,8.096153846153847,283.06673076923073,8.028846153846153,6.184810126582279,298.4777215189873,6.063291139240507,8.3,307.23758620689654,6.189655172413793,4.7215686274509805,309.68549019607843,5.901960784313726,9.057777777777778,315.7886666666667,6.133333333333334,11.286486486486487,315.82216216216216,6.513513513513513,3.771428571428572,320.53464285714284,6.642857142857143,12.416000000000002,329.7432,6.72,1.4857142857142858,335.1142857142857,5.857142857142857,5.626666666666667,335.81,6.733333333333333,3.1,338.62416666666667,6.75,10.266666666666667,339.2711111111111,6.0,-1.0,343.98375,5.75,8.64,341.178,5.8,-1.0,338.33000000000004,5.0,24.1,346.85,6.0,-1.0,351.15999999999997,6.5,-1.0,356.015,4.0,False,False,False,False,False,False,False,False,True,False,False,False,False,False,False,False
6,-1,170.16,8,7,172.41,51.0,8,176.54,9.0,9,180.54,62.0,9.3,183.61,30.0,-1.0,195.84,5.0,12.041229656419528,226.86157323688968,52.7992766726944,12.037473233404711,230.39813704496785,41.95289079229122,10.877932960893855,238.12659217877098,30.310055865921786,10.177131782945736,246.79166666666666,17.75968992248062,11.51222222222222,258.64344444444447,11.255555555555556,8.044117647058824,272.95323529411763,6.6911764705882355,8.096153846153847,283.06673076923073,8.028846153846153,6.184810126582279,298.4777215189873,6.063291139240507,8.3,307.23758620689654,6.189655172413793,4.7215686274509805,309.68549019607843,5.901960784313726,9.057777777777778,315.7886666666667,6.133333333333334,11.286486486486487,315.82216216216216,6.513513513513513,3.771428571428572,320.53464285714284,6.642857142857143,12.416000000000002,329.7432,6.72,1.4857142857142858,335.1142857142857,5.857142857142857,5.626666666666667,335.81,6.733333333333333,3.1,338.62416666666667,6.75,10.266666666666667,339.2711111111111,6.0,-1.0,343.98375,5.75,8.64,341.178,5.8,-1.0,338.33000000000004,5.0,24.1,346.85,6.0,-1.0,351.15999999999997,6.5,-1.0,356.015,4.0,False,False,False,False,False,False,False,False,False,False,False,False,False,True,False,False
6,7,211.63,6,-1,224.19,5.0,-1,232.98,6.0,13,235.32,19.0,-1.0,236.72,8.0,14.0,238.98,4.0,12.041229656419528,226.86157323688968,52.7992766726944,12.037473233404711,230.39813704496785,41.95289079229122,10.877932960893855,238.12659217877098,30.310055865921786,10.177131782945736,246.79166666666666,17.75968992248062,11.51222222222222,258.64344444444447,11.255555555555556,8.044117647058824,272.95323529411763,6.6911764705882355,8.096153846153847,283.06673076923073,8.028846153846153,6.184810126582279,298.4777215189873,6.063291139240507,8.3,307.23758620689654,6.189655172413793,4.7215686274509805,309.68549019607843,5.901960784313726,9.057777777777778,315.7886666666667,6.133333333333334,11.286486486486487,315.82216216216216,6.513513513513513,3.771428571428572,320.53464285714284,6.642857142857143,12.416000000000002,329.7432,6.72,1.4857142857142858,335.1142857142857,5.857142857142857,5.626666666666667,335.81,6.733333333333333,3.1,338.62416666666667,6.75,10.266666666666667,339.2711111111111,6.0,-1.0,343.98375,5.75,8.64,341.178,5.8,-1.0,338.33000000000004,5.0,24.1,346.85,6.0,-1.0,351.15999999999997,6.5,-1.0,356.015,4.0,False,False,True,False,False,False,False,False,False,False,False,False,False,False,False,False
3,8,263.31,32,-1,283.71,9.0,-1,290.43,8.0,,216.6818641810919,87.4513981358189,11.362921348314606,219.41106741573032,77.95786516853933,12.028571428571428,222.8513210445469,66.27035330261137,12.041229656419528,226.86157323688968,52.7992766726944,12.037473233404711,230.39813704496785,41.95289079229122,10.877932960893855,238.12659217877098,30.310055865921786,10.177131782945736,246.79166666666666,17.75968992248062,11.51222222222222,258.64344444444447,11.255555555555556,8.044117647058824,272.95323529411763,6.6911764705882355,8.096153846153847,283.06673076923073,8.028846153846153,6.184810126582279,298.4777215189873,6.063291139240507,8.3,307.23758620689654,6.189655172413793,4.7215686274509805,309.68549019607843,5.901960784313726,9.057777777777778,315.7886666666667,6.133333333333334,11.286486486486487,315.82216216216216,6.513513513513513,3.771428571428572,320.53464285714284,6.642857142857143,12.416000000000002,329.7432,6.72,1.4857142857142858,335.1142857142857,5.857142857142857,5.626666666666667,335.81,6.733333333333333,3.1,338.62416666666667,6.75,10.266666666666667,339.2711111111111,6.0,-1.0,343.98375,5.75,8.64,341.178,5.8,-1.0,338.33000000000004,5.0,24.1,346.85,6.0,-1.0,351.15999999999997,6.5,-1.0,356.015,4.0,False,False,False,True,False,False,False,False,False,False,False,False,False,False,False,False
14,-1,302.57,6,-1,306.51,6.0,16,308.34,7.0,-1,310.02,5.0,-1.0,311.4,9.0,19.0,320.84,15.0,-1.0,324.35,6.0,-1.0,331.5,7.0,-1.0,335.47,3.0,-1.0,340.17,7.0,-1.0,347.19,7.0,-1.0,348.27,5.0,-1.0,354.89,4.0,-1.0,360.92,5.0,8.3,307.23758620689654,6.189655172413793,4.7215686274509805,309.68549019607843,5.901960784313726,9.057777777777778,315.7886666666667,6.133333333333334,11.286486486486487,315.82216216216216,6.513513513513513,3.771428571428572,320.53464285714284,6.642857142857143,12.416000000000002,329.7432,6.72,1.4857142857142858,335.1142857142857,5.857142857142857,5.626666666666667,335.81,6.733333333333333,3.1,338.62416666666667,6.75,10.266666666666667,339.2711111111111,6.0,-1.0,343.98375,5.75,8.64,341.178,5.8,-1.0,338.33000000000004,5.0,24.1,346.85,6.0,-1.0,351.15999999999997,6.5,-1.0,356.015,4.0,False,False,False,False,False,False,False,True,False,False,False,False,False,False,False,False
8,-1,104.43,13,11,107.9,8.0,12,112.07,54.0,12.2,114.07,29.0,13.0,116.07,83.0,15.0,123.86,20.0,16.0,127.82,27.0,18.2,137.94,13.0,10.877932960893855,238.12659217877098,30.310055865921786,10.177131782945736,246.79166666666666,17.75968992248062,11.51222222222222,258.64344444444447,11.255555555555556,8.044117647058824,272.95323529411763,6.6911764705882355,8.096153846153847,283.06673076923073,8.028846153846153,6.184810126582279,298.4777215189873,6.063291139240507,8.3,307.23758620689654,6.189655172413793,4.7215686274509805,309.68549019607843,5.901960784313726,9.057777777777778,315.7886666666667,6.133333333333334,11.286486486486487,315.82216216216216,6.513513513513513,3.771428571428572,320.53464285714284,6.642857142857143,12.416000000000002,329.7432,6.72,1.4857142857142858,335.1142857142857,5.857142857142857,5.626666666666667,335.81,6.733333333333333,3.1,338.62416666666667,6.75,10.266666666666667,339.2711111111111,6.0,-1.0,343.98375,5.75,8.64,341.178,5.8,-1.0,338.33000000000004,5.0,24.1,346.85,6.0,-1.0,351.15999999999997,6.5,-1.0,356.015,4.0,False,False,False,False,False,True,False,False,False,False,False,False,False,False,False,False
13,-1,146.52,8,-1,148.4,11.0,15,168.07,36.0,16,171.89,17.0,-1.0,174.51,5.0,17.0,176.09,20.0,18.0,180.15,46.0,19.0,183.99,12.0,-1.0,201.72,13.0,-1.0,203.38,11.0,-1.0,204.05,11.0,-1.0,207.91,12.0,25.0,208.51,11.0,6.184810126582279,298.4777215189873,6.063291139240507,8.3,307.23758620689654,6.189655172413793,4.7215686274509805,309.68549019607843,5.901960784313726,9.057777777777778,315.7886666666667,6.133333333333334,11.286486486486487,315.82216216216216,6.513513513513513,3.771428571428572,320.53464285714284,6.642857142857143,12.416000000000002,329.7432,6.72,1.4857142857142858,335.1142857142857,5.857142857142857,5.626666666666667,335.81,6.733333333333333,3.1,338.62416666666667,6.75,10.266666666666667,339.2711111111111,6.0,-1.0,343.98375,5.75,8.64,341.178,5.8,-1.0,338.33000000000004,5.0,24.1,346.85,6.0,-1.0,351.15999999999997,6.5,-1.0,356.015,4.0,False,False,False,False,False,False,False,False,False,False,False,False,False,False,False,True
6,-1,214.0,7,-1,238.67,8.0,11,240.72,17.0,-1,243.77,6.0,12.0,244.81,7.0,-1.0,248.25,9.0,12.041229656419528,226.86157323688968,52.7992766726944,12.037473233404711,230.39813704496785,41.95289079229122,10.877932960893855,238.12659217877098,30.310055865921786,10.177131782945736,246.79166666666666,17.75968992248062,11.51222222222222,258.64344444444447,11.255555555555556,8.044117647058824,272.95323529411763,6.6911764705882355,8.096153846153847,283.06673076923073,8.028846153846153,6.184810126582279,298.4777215189873,6.063291139240507,8.3,307.23758620689654,6.189655172413793,4.7215686274509805,309.68549019607843,5.901960784313726,9.057777777777778,315.7886666666667,6.133333333333334,11.286486486486487,315.82216216216216,6.513513513513513,3.771428571428572,320.53464285714284,6.642857142857143,12.416000000000002,329.7432,6.72,1.4857142857142858,335.1142857142857,5.857142857142857,5.626666666666667,335.81,6.733333333333333,3.1,338.62416666666667,6.75,10.266666666666667,339.2711111111111,6.0,-1.0,343.98375,5.75,8.64,341.178,5.8,-1.0,338.33000000000004,5.0,24.1,346.85,6.0,-1.0,351.15999999999997,6.5,-1.0,356.015,4.0,False,False,False,False,False,False,False,False,False,False,False,False,False,False,True,False
10,8,264.33,10,-1,265.99,9.0,-1,267.97,5.0,12.2,283.32,5.0,13.0,285.29,11.0,-1.0,286.24,6.0,14.0,288.77,14.0,16.0,296.99,34.0,19.0,309.22,8.0,-1.0,324.77,11.0,11.51222222222222,258.64344444444447,11.255555555555556,8.044117647058824,272.95323529411763,6.6911764705882355,8.096153846153847,283.06673076923073,8.028846153846153,6.184810126582279,298.4777215189873,6.063291139240507,8.3,307.23758620689654,6.189655172413793,4.7215686274509805,309.68549019607843,5.901960784313726,9.057777777777778,315.7886666666667,6.133333333333334,11.286486486486487,315.82216216216216,6.513513513513513,3.771428571428572,320.53464285714284,6.642857142857143,12.416000000000002,329.7432,6.72,1.4857142857142858,335.1142857142857,5.857142857142857,5.626666666666667,335.81,6.733333333333333,3.1,338.62416666666667,6.75,10.266666666666667,339.2711111111111,6.0,-1.0,343.98375,5.75,8.64,341.178,5.8,-1.0,338.33000000000004,5.0,24.1,346.85,6.0,-1.0,351.15999999999997,6.5,-1.0,356.015,4.0,False,False,False,False,True,False,False,False,False,False,False,False,False,False,False,False
3,X,104.87,56,-1,106.03,7.0,Y,110.78,70.0,,216.6818641810919,87.4513981358189,11.362921348314606,219.41106741573032,77.95786516853933,12.028571428571428,222.8513210445469,66.27035330261137,12.041229656419528,226.86157323688968,52.7992766726944,12.037473233404711,230.39813704496785,41.95289079229122,10.877932960893855,238.12659217877098,30.310055865921786,10.177131782945736,246.79166666666666,17.75968992248062,11.51222222222222,258.64344444444447,11.255555555555556,8.044117647058824,272.95323529411763,6.6911764705882355,8.096153846153847,283.06673076923073,8.028846153846153,6.184810126582279,298.4777215189873,6.063291139240507,8.3,307.23758620689654,6.189655172413793,4.7215686274509805,309.68549019607843,5.901960784313726,9.057777777777778,315.7886666666667,6.133333333333334,11.286486486486487,315.82216216216216,6.513513513513513,3.771428571428572,320.53464285714284,6.642857142857143,12.416000000000002,329.7432,6.72,1.4857142857142858,335.1142857142857,5.857142857142857,5.626666666666667,335.81,6.733333333333333,3.1,338.62416666666667,6.75,10.266666666666667,339.2711111111111,6.0,-1.0,343.98375,5.75,8.64,341.178,5.8,-1.0,338.33000000000004,5.0,24.1,346.85,6.0,-1.0,351.15999999999997,6.5,-1.0,356.015,4.0,True,False,False,False,False,False,False,False,False,False,False,False,False,False,False,False
5,-1,130.83,9,10,144.64,63.0,11,148.7,32.0,12,152.93,25.0,-1.0,166.2,8.0,12.028571428571428,222.8513210445469,66.27035330261137,12.041229656419528,226.86157323688968,52.7992766726944,12.037473233404711,230.39813704496785,41.95289079229122,10.877932960893855,238.12659217877098,30.310055865921786,10.177131782945736,246.79166666666666,17.75968992248062,11.51222222222222,258.64344444444447,11.255555555555556,8.044117647058824,272.95323529411763,6.6911764705882355,8.096153846153847,283.06673076923073,8.028846153846153,6.184810126582279,298.4777215189873,6.063291139240507,8.3,307.23758620689654,6.189655172413793,4.7215686274509805,309.68549019607843,5.901960784313726,9.057777777777778,315.7886666666667,6.133333333333334,11.286486486486487,315.82216216216216,6.513513513513513,3.771428571428572,320.53464285714284,6.642857142857143,12.416000000000002,329.7432,6.72,1.4857142857142858,335.1142857142857,5.857142857142857,5.626666666666667,335.81,6.733333333333333,3.1,338.62416666666667,6.75,10.266666666666667,339.2711111111111,6.0,-1.0,343.98375,5.75,8.64,341.178,5.8,-1.0,338.33000000000004,5.0,24.1,346.85,6.0,-1.0,351.15999999999997,6.5,-1.0,356.015,4.0,False,False,False,False,False,False,False,False,False,True,False,False,False,False,False,False
17,-1,206.54,10,22,233.06,24.0,-1,234.54,7.0,23,237.35,7.0,-1.0,238.2,7.0,23.2,239.45,6.0,25.0,245.05,10.0,-1.0,246.33,7.0,27.0,253.24,7.0,27.2,255.63,6.0,32.0,273.21,7.0,-1.0,282.13,7.0,-1.0,294.94,9.0,-1.0,308.42,7.0,-1.0,337.94,5.0,-1.0,346.02,10.0,-1.0,358.32,8.0,11.286486486486487,315.82216216216216,6.513513513513513,3.771428571428572,320.53464285714284,6.642857142857143,12.416000000000002,329.7432,6.72,1.4857142857142858,335.1142857142857,5.857142857142857,5.626666666666667,335.81,6.733333333333333,3.1,338.62416666666667,6.75,10.266666666666667,339.2711111111111,6.0,-1.0,343.98375,5.75,8.64,341.178,5.8,-1.0,338.33000000000004,5.0,24.1,346.85,6.0,-1.0,351.15999999999997,6.5,-1.0,356.015,4.0,False,False,False,False,False,False,False,False,False,False,False,False,True,False,False,False
6,10,129.46,25,11,133.49,482.0,12,137.64,627.0,13,141.76,451.0,14.0,145.93,282.0,16.0,154.24,124.0,12.041229656419528,226.86157323688968,52.7992766726944,12.037473233404711,230.39813704496785,41.95289079229122,10.877932960893855,238.12659217877098,30.310055865921786,10.177131782945736,246.79166666666666,17.75968992248062,11.51222222222222,258.64344444444447,11.255555555555556,8.044117647058824,272.95323529411763,6.6911764705882355,8.096153846153847,283.06673076923073,8.028846153846153,6.184810126582279,298.4777215189873,6.063291139240507,8.3,307.23758620689654,6.189655172413793,4.7215686274509805,309.68549019607843,5.901960784313726,9.057777777777778,315.7886666666667,6.133333333333334,11.286486486486487,315.82216216216216,6.513513513513513,3.771428571428572,320.53464285714284,6.642857142857143,12.416000000000002,329.7432,6.72,1.4857142857142858,335.1142857142857,5.857142857142857,5.626666666666667,335.81,6.733333333333333,3.1,338.62416666666667,6.75,10.266666666666667,339.2711111111111,6.0,-1.0,343.98375,5.75,8.64,341.178,5.8,-1.0,338.33000000000004,5.0,24.1,346.85,6.0,-1.0,351.15999999999997,6.5,-1.0,356.015,4.0,False,False,False,False,False,False,False,False,False,False,False,True,False,False,False,False
8,-1,184.9,5,27,194.53,21.0,28,198.61,330.0,29,202.57,470.0,30.0,206.5,14.0,30.2,208.59,30.0,31.0,210.61,202.0,31.2,212.55,424.0,10.877932960893855,238.12659217877098,30.310055865921786,10.177131782945736,246.79166666666666,17.75968992248062,11.51222222222222,258.64344444444447,11.255555555555556,8.044117647058824,272.95323529411763,6.6911764705882355,8.096153846153847,283.06673076923073,8.028846153846153,6.184810126582279,298.4777215189873,6.063291139240507,8.3,307.23758620689654,6.189655172413793,4.7215686274509805,309.68549019607843,5.901960784313726,9.057777777777778,315.7886666666667,6.133333333333334,11.286486486486487,315.82216216216216,6.513513513513513,3.771428571428572,320.53464285714284,6.642857142857143,12.416000000000002,329.7432,6.72,1.4857142857142858,335.1142857142857,5.857142857142857,5.626666666666667,335.81,6.733333333333333,3.1,338.62416666666667,6.75,10.266666666666667,339.2711111111111,6.0,-1.0,343.98375,5.75,8.64,341.178,5.8,-1.0,338.33000000000004,5.0,24.1,346.85,6.0,-1.0,351.15999999999997,6.5,-1.0,356.015,4.0,False,False,False,False,False,False,True,False,False,False,False,False,False,False,False,False
9,5.2,251.86,5,7,257.91,10.0,8,261.9,324.0,9,265.87,147.0,10.0,269.93,30.0,11.0,274.0,624.0,13.0,282.14,302.0,-1.0,290.51,7.0,-1.0,292.07,7.0,10.177131782945736,246.79166666666666,17.75968992248062,11.51222222222222,258.64344444444447,11.255555555555556,8.044117647058824,272.95323529411763,6.6911764705882355,8.096153846153847,283.06673076923073,8.028846153846153,6.184810126582279,298.4777215189873,6.063291139240507,8.3,307.23758620689654,6.189655172413793,4.7215686274509805,309.68549019607843,5.901960784313726,9.057777777777778,315.7886666666667,6.133333333333334,11.286486486486487,315.82216216216216,6.513513513513513,3.771428571428572,320.53464285714284,6.642857142857143,12.416000000000002,329.7432,6.72,1.4857142857142858,335.1142857142857,5.857142857142857,5.626666666666667,335.81,6.733333333333333,3.1,338.62416666666667,6.75,10.266666666666667,339.2711111111111,6.0,-1.0,343.98375,5.75,8.64,341.178,5.8,-1.0,338.33000000000004,5.0,24.1,346.85,6.0,-1.0,351.15999999999997,6.5,-1.0,356.015,4.0,False,False,False,False,False,False,False,False,False,False,True,False,False,False,False,False
7,9,314.44,14,10,318.83,156.0,11,322.94,446.0,12,326.97,983.0,13.0,330.98,65.0,-1.0,340.17,5.0,-1.0,341.12,3.0,12.037473233404711,230.39813704496785,41.95289079229122,10.877932960893855,238.12659217877098,30.310055865921786,10.177131782945736,246.79166666666666,17.75968992248062,11.51222222222222,258.64344444444447,11.255555555555556,8.044117647058824,272.95323529411763,6.6911764705882355,8.096153846153847,283.06673076923073,8.028846153846153,6.184810126582279,298.4777215189873,6.063291139240507,8.3,307.23758620689654,6.189655172413793,4.7215686274509805,309.68549019607843,5.901960784313726,9.057777777777778,315.7886666666667,6.133333333333334,11.286486486486487,315.82216216216216,6.513513513513513,3.771428571428572,320.53464285714284,6.642857142857143,12.416000000000002,329.7432,6.72,1.4857142857142858,335.1142857142857,5.857142857142857,5.626666666666667,335.81,6.733333333333333,3.1,338.62416666666667,6.75,10.266666666666667,339.2711111111111,6.0,-1.0,343.98375,5.75,8.64,341.178,5.8,-1.0,338.33000000000004,5.0,24.1,346.85,6.0,-1.0,351.15999999999997,6.5,-1.0,356.015,4.0,False,True,False,False,False,False,False,False,False,False,False,False,False,False,False,False
5,14,118.13,89,15,122.12,1242.0,16,126.31,583.0,17,130.24,220.0,18.0,134.43,241.0,12.028571428571428,222.8513210445469,66.27035330261137,12.041229656419528,226.86157323688968,52.7992766726944,12.037473233404711,230.39813704496785,41.95289079229122,10.877932960893855,238.12659217877098,30.310055865921786,10.177131782945736,246.79166666666666,17.75968992248062,11.51222222222222,258.64344444444447,11.255555555555556,8.044117647058824,272.95323529411763,6.6911764705882355,8.096153846153847,283.06673076923073,8.028846153846153,6.184810126582279,298.4777215189873,6.063291139240507,8.3,307.23758620689654,6.189655172413793,4.7215686274509805,309.68549019607843,5.901960784313726,9.057777777777778,315.7886666666667,6.133333333333334,11.286486486486487,315.82216216216216,6.513513513513513,3.771428571428572,320.53464285714284,6.642857142857143,12.416000000000002,329.7432,6.72,1.4857142857142858,335.1142857142857,5.857142857142857,5.626666666666667,335.81,6.733333333333333,3.1,338.62416666666667,6.75,10.266666666666667,339.2711111111111,6.0,-1.0,343.98375,5.75,8.64,341.178,5.8,-1.0,338.33000000000004,5.0,24.1,346.85,6.0,-1.0,351.15999999999997,6.5,-1.0,356.015,4.0,False,False,False,False,False,False,False,False,True,False,False,False,False,False,False,False
8,5,164.55,11,-1,165.51,5.0,6,168.47,390.0,7,172.55,449.0,8.0,176.55,401.0,9.0,180.65,489.0,9.3,183.75,1156.0,-1.0,193.96,6.0,10.877932960893855,238.12659217877098,30.310055865921786,10.177131782945736,246.79166666666666,17.75968992248062,11.51222222222222,258.64344444444447,11.255555555555556,8.044117647058824,272.95323529411763,6.6911764705882355,8.096153846153847,283.06673076923073,8.028846153846153,6.184810126582279,298.4777215189873,6.063291139240507,8.3,307.23758620689654,6.189655172413793,4.7215686274509805,309.68549019607843,5.901960784313726,9.057777777777778,315.7886666666667,6.133333333333334,11.286486486486487,315.82216216216216,6.513513513513513,3.771428571428572,320.53464285714284,6.642857142857143,12.416000000000002,329.7432,6.72,1.4857142857142858,335.1142857142857,5.857142857142857,5.626666666666667,335.81,6.733333333333333,3.1,338.62416666666667,6.75,10.266666666666667,339.2711111111111,6.0,-1.0,343.98375,5.75,8.64,341.178,5.8,-1.0,338.33000000000004,5.0,24.1,346.85,6.0,-1.0,351.15999999999997,6.5,-1.0,356.015,4.0,False,False,False,False,False,False,False,False,False,False,False,False,False,True,False,False
10,-1,203.37,8,7,211.58,9.0,-1,215.97,7.0,-1,217.69,8.0,-1.0,218.6,3.0,9.0,219.42,6.0,10.0,223.18,70.0,11.0,227.18,1478.0,12.0,231.19,1105.0,13.0,235.3,188.0,11.51222222222222,258.64344444444447,11.255555555555556,8.044117647058824,272.95323529411763,6.6911764705882355,8.096153846153847,283.06673076923073,8.028846153846153,6.184810126582279,298.4777215189873,6.063291139240507,8.3,307.23758620689654,6.189655172413793,4.7215686274509805,309.68549019607843,5.901960784313726,9.057777777777778,315.7886666666667,6.133333333333334,11.286486486486487,315.82216216216216,6.513513513513513,3.771428571428572,320.53464285714284,6.642857142857143,12.416000000000002,329.7432,6.72,1.4857142857142858,335.1142857142857,5.857142857142857,5.626666666666667,335.81,6.733333333333333,3.1,338.62416666666667,6.75,10.266666666666667,339.2711111111111,6.0,-1.0,343.98375,5.75,8.64,341.178,5.8,-1.0,338.33000000000004,5.0,24.1,346.85,6.0,-1.0,351.15999999999997,6.5,-1.0,356.015,4.0,False,False,True,False,False,False,False,False,False,False,False,False,False,False,False,False
8,-1,257.19,7,8,263.3,276.0,9,267.02,18.0,10,271.25,303.0,11.0,275.25,733.0,12.0,279.33,555.0,13.0,283.29,336.0,15.0,291.57,5.0,10.877932960893855,238.12659217877098,30.310055865921786,10.177131782945736,246.79166666666666,17.75968992248062,11.51222222222222,258.64344444444447,11.255555555555556,8.044117647058824,272.95323529411763,6.6911764705882355,8.096153846153847,283.06673076923073,8.028846153846153,6.184810126582279,298.4777215189873,6.063291139240507,8.3,307.23758620689654,6.189655172413793,4.7215686274509805,309.68549019607843,5.901960784313726,9.057777777777778,315.7886666666667,6.133333333333334,11.286486486486487,315.82216216216216,6.513513513513513,3.771428571428572,320.53464285714284,6.642857142857143,12.416000000000002,329.7432,6.72,1.4857142857142858,335.1142857142857,5.857142857142857,5.626666666666667,335.81,6.733333333333333,3.1,338.62416666666667,6.75,10.266666666666667,339.2711111111111,6.0,-1.0,343.98375,5.75,8.64,341.178,5.8,-1.0,338.33000000000004,5.0,24.1,346.85,6.0,-1.0,351.15999999999997,6.5,-1.0,356.015,4.0,False,False,False,True,False,False,False,False,False,False,False,False,False,False,False,False
13,16,308.66,31,17,312.65,550.0,18,316.85,87.0,19,321.04,967.0,20.0,325.17,66.0,21.0,329.19,40.0,22.0,333.19,451.0,23.0,337.15,75.0,-1.0,339.58,4.0,-1.0,345.58,11.0,-1.0,347.21,5.0,-1.0,348.15,8.0,-1.0,351.93,3.0,6.184810126582279,298.4777215189873,6.063291139240507,8.3,307.23758620689654,6.189655172413793,4.7215686274509805,309.68549019607843,5.901960784313726,9.057777777777778,315.7886666666667,6.133333333333334,11.286486486486487,315.82216216216216,6.513513513513513,3.771428571428572,320.53464285714284,6.642857142857143,12.416000000000002,329.7432,6.72,1.4857142857142858,335.1142857142857,5.857142857142857,5.626666666666667,335.81,6.733333333333333,3.1,338.62416666666667,6.75,10.266666666666667,339.2711111111111,6.0,-1.0,343.98375,5.75,8.64,341.178,5.8,-1.0,338.33000000000004,5.0,24.1,346.85,6.0,-1.0,351.15999999999997,6.5,-1.0,356.015,4.0,False,False,False,False,False,False,False,True,False,False,False,False,False,False,False,False
9,-1,94.85,6,11,108.04,109.0,12,112.15,102.0,12.2,114.15,81.0,13.0,116.18,582.0,13.2,118.13,194.0,14.0,120.15,126.0,15.0,124.02,196.0,16.0,128.0,154.0,10.177131782945736,246.79166666666666,17.75968992248062,11.51222222222222,258.64344444444447,11.255555555555556,8.044117647058824,272.95323529411763,6.6911764705882355,8.096153846153847,283.06673076923073,8.028846153846153,6.184810126582279,298.4777215189873,6.063291139240507,8.3,307.23758620689654,6.189655172413793,4.7215686274509805,309.68549019607843,5.901960784313726,9.057777777777778,315.7886666666667,6.133333333333334,11.286486486486487,315.82216216216216,6.513513513513513,3.771428571428572,320.53464285714284,6.642857142857143,12.416000000000002,329.7432,6.72,1.4857142857142858,335.1142857142857,5.857142857142857,5.626666666666667,335.81,6.733333333333333,3.1,338.62416666666667,6.75,10.266666666666667,339.2711111111111,6.0,-1.0,343.98375,5.75,8.64,341.178,5.8,-1.0,338.33000000000004,5.0,24.1,346.85,6.0,-1.0,351.15999999999997,6.5,-1.0,356.015,4.0,False,False,False,False,False,True,False,False,False,False,False,False,False,False,False,False
8,-1,161.2,9,14,163.91,22.0,15,168.07,273.0,16,172.15,241.0,17.0,176.15,597.0,18.0,180.24,897.0,21.0,192.89,5.0,-1.0,207.39,7.0,10.877932960893855,238.12659217877098,30.310055865921786,10.177131782945736,246.79166666666666,17.75968992248062,11.51222222222222,258.64344444444447,11.255555555555556,8.044117647058824,272.95323529411763,6.6911764705882355,8.096153846153847,283.06673076923073,8.028846153846153,6.184810126582279,298.4777215189873,6.063291139240507,8.3,307.23758620689654,6.189655172413793,4.7215686274509805,309.68549019607843,5.901960784313726,9.057777777777778,315.7886666666667,6.133333333333334,11.286486486486487,315.82216216216216,6.513513513513513,3.771428571428572,320.53464285714284,6.642857142857143,12.416000000000002,329.7432,6.72,1.4857142857142858,335.1142857142857,5.857142857142857,5.626666666666667,335.81,6.733333333333333,3.1,338.62416666666667,6.75,10.266666666666667,339.2711111111111,6.0,-1.0,343.98375,5.75,8.64,341.178,5.8,-1.0,338.33000000000004,5.0,24.1,346.85,6.0,-1.0,351.15999999999997,6.5,-1.0,356.015,4.0,False,False,False,False,False,False,False,False,False,False,False,False,False,False,False,True
8,5,216.46,13,6,220.65,257.0,7,224.81,15.0,8,228.65,572.0,10.0,236.7,27.0,11.0,240.76,748.0,12.0,244.89,280.0,-1.0,252.27,10.0,10.877932960893855,238.12659217877098,30.310055865921786,10.177131782945736,246.79166666666666,17.75968992248062,11.51222222222222,258.64344444444447,11.255555555555556,8.044117647058824,272.95323529411763,6.6911764705882355,8.096153846153847,283.06673076923073,8.028846153846153,6.184810126582279,298.4777215189873,6.063291139240507,8.3,307.23758620689654,6.189655172413793,4.7215686274509805,309.68549019607843,5.901960784313726,9.057777777777778,315.7886666666667,6.133333333333334,11.286486486486487,315.82216216216216,6.513513513513513,3.771428571428572,320.53464285714284,6.642857142857143,12.416000000000002,329.7432,6.72,1.4857142857142858,335.1142857142857,5.857142857142857,5.626666666666667,335.81,6.733333333333333,3.1,338.62416666666667,6.75,10.266666666666667,339.2711111111111,6.0,-1.0,343.98375,5.75,8.64,341.178,5.8,-1.0,338.33000000000004,5.0,24.1,346.85,6.0,-1.0,351.15999999999997,6.5,-1.0,356.015,4.0,False,False,False,False,False,False,False,False,False,False,False,False,False,False,True,False
13,9.2,270.34,11,12,281.07,116.0,13,285.1,35.0,14,289.03,564.0,15.0,293.05,214.0,15.2,295.01,9.0,16.0,297.06,419.0,17.0,300.95,177.0,18.0,304.97,25.0,19.0,308.9,242.0,-1.0,315.78,9.0,-1.0,328.17,5.0,-1.0,334.62,10.0,6.184810126582279,298.4777215189873,6.063291139240507,8.3,307.23758620689654,6.189655172413793,4.7215686274509805,309.68549019607843,5.901960784313726,9.057777777777778,315.7886666666667,6.133333333333334,11.286486486486487,315.82216216216216,6.513513513513513,3.771428571428572,320.53464285714284,6.642857142857143,12.416000000000002,329.7432,6.72,1.4857142857142858,335.1142857142857,5.857142857142857,5.626666666666667,335.81,6.733333333333333,3.1,338.62416666666667,6.75,10.266666666666667,339.2711111111111,6.0,-1.0,343.98375,5.75,8.64,341.178,5.8,-1.0,338.33000000000004,5.0,24.1,346.85,6.0,-1.0,351.15999999999997,6.5,-1.0,356.015,4.0,False,False,False,False,True,False,False,False,False,False,False,False,False,False,False,False
2,X,104.85,870,Y,110.75,883.0,,210.75846753246756,71.04545454545455,,216.6818641810919,87.4513981358189,11.362921348314606,219.41106741573032,77.95786516853933,12.028571428571428,222.8513210445469,66.27035330261137,12.041229656419528,226.86157323688968,52.7992766726944,12.037473233404711,230.39813704496785,41.95289079229122,10.877932960893855,238.12659217877098,30.310055865921786,10.177131782945736,246.79166666666666,17.75968992248062,11.51222222222222,258.64344444444447,11.255555555555556,8.044117647058824,272.95323529411763,6.6911764705882355,8.096153846153847,283.06673076923073,8.028846153846153,6.184810126582279,298.4777215189873,6.063291139240507,8.3,307.23758620689654,6.189655172413793,4.7215686274509805,309.68549019607843,5.901960784313726,9.057777777777778,315.7886666666667,6.133333333333334,11.286486486486487,315.82216216216216,6.513513513513513,3.771428571428572,320.53464285714284,6.642857142857143,12.416000000000002,329.7432,6.72,1.4857142857142858,335.1142857142857,5.857142857142857,5.626666666666667,335.81,6.733333333333333,3.1,338.62416666666667,6.75,10.266666666666667,339.2711111111111,6.0,-1.0,343.98375,5.75,8.64,341.178,5.8,-1.0,338.33000000000004,5.0,24.1,346.85,6.0,-1.0,351.15999999999997,6.5,-1.0,356.015,4.0,True,False,False,False,False,False,False,False,False,False,False,False,False,False,False,False
6,10,144.73,256,11,148.83,453.0,12,152.94,369.0,-1,155.21,6.0,13.0,157.07,602.0,-1.0,162.79,9.0,12.041229656419528,226.86157323688968,52.7992766726944,12.037473233404711,230.39813704496785,41.95289079229122,10.877932960893855,238.12659217877098,30.310055865921786,10.177131782945736,246.79166666666666,17.75968992248062,11.51222222222222,258.64344444444447,11.255555555555556,8.044117647058824,272.95323529411763,6.6911764705882355,8.096153846153847,283.06673076923073,8.028846153846153,6.184810126582279,298.4777215189873,6.063291139240507,8.3,307.23758620689654,6.189655172413793,4.7215686274509805,309.68549019607843,5.901960784313726,9.057777777777778,315.7886666666667,6.133333333333334,11.286486486486487,315.82216216216216,6.513513513513513,3.771428571428572,320.53464285714284,6.642857142857143,12.416000000000002,329.7432,6.72,1.4857142857142858,335.1142857142857,5.857142857142857,5.626666666666667,335.81,6.733333333333333,3.1,338.62416666666667,6.75,10.266666666666667,339.2711111111111,6.0,-1.0,343.98375,5.75,8.64,341.178,5.8,-1.0,338.33000000000004,5.0,24.1,346.85,6.0,-1.0,351.15999999999997,6.5,-1.0,356.015,4.0,False,False,False,False,False,False,False,False,False,True,False,False,False,False,False,False
18,-1,204.09,7,-1,211.5,13.0,18,216.71,12.0,19,220.81,158.0,20.0,224.89,172.0,21.0,228.98,495.0,22.0,233.0,215.0,23.0,237.11,292.0,24.0,241.18,431.0,26.0,249.16,14.0,27.0,253.48,191.0,-1.0,307.26,12.0,-1.0,310.23,7.0,-1.0,317.21,9.0,45.2,328.0,9.0,-1.0,335.04,10.0,47.2,335.97,8.0,-1.0,347.47,6.0,3.771428571428572,320.53464285714284,6.642857142857143,12.416000000000002,329.7432,6.72,1.4857142857142858,335.1142857142857,5.857142857142857,5.626666666666667,335.81,6.733333333333333,3.1,338.62416666666667,6.75,10.266666666666667,339.2711111111111,6.0,-1.0,343.98375,5.75,8.64,341.178,5.8,-1.0,338.33000000000004,5.0,24.1,346.85,6.0,-1.0,351.15999999999997,6.5,-1.0,356.015,4.0,False,False,False,False,False,False,False,False,False,False,False,False,True,False,False,False
9,11,133.41,145,-1,135.86,2.0,12,137.53,199.0,13,141.71,250.0,14.0,145.95,131.0,15.0,149.83,9.0,16.0,154.26,64.0,-1.0,160.74,7.0,-1.0,171.13,3.0,10.177131782945736,246.79166666666666,17.75968992248062,11.51222222222222,258.64344444444447,11.255555555555556,8.044117647058824,272.95323529411763,6.6911764705882355,8.096153846153847,283.06673076923073,8.028846153846153,6.184810126582279,298.4777215189873,6.063291139240507,8.3,307.23758620689654,6.189655172413793,4.7215686274509805,309.68549019607843,5.901960784313726,9.057777777777778,315.7886666666667,6.133333333333334,11.286486486486487,315.82216216216216,6.513513513513513,3.771428571428572,320.53464285714284,6.642857142857143,12.416000000000002,329.7432,6.72,1.4857142857142858,335.1142857142857,5.857142857142857,5.626666666666667,335.81,6.733333333333333,3.1,338.62416666666667,6.75,10.266666666666667,339.2711111111111,6.0,-1.0,343.98375,5.75,8.64,341.178,5.8,-1.0,338.33000000000004,5.0,24.1,346.85,6.0,-1.0,351.15999999999997,6.5,-1.0,356.015,4.0,False,False,False,False,False,False,False,False,False,False,False,True,False,False,False,False
10,27.2,196.94,7,28,198.39,41.0,29,202.46,130.0,30,206.42,9.0,31.0,210.43,48.0,31.2,212.4,84.0,34.0,222.32,5.0,-1.0,234.21,2.0,-1.0,237.91,4.0,-1.0,240.0,7.0,11.51222222222222,258.64344444444447,11.255555555555556,8.044117647058824,272.95323529411763,6.6911764705882355,8.096153846153847,283.06673076923073,8.028846153846153,6.184810126582279,298.4777215189873,6.063291139240507,8.3,307.23758620689654,6.189655172413793,4.7215686274509805,309.68549019607843,5.901960784313726,9.057777777777778,315.7886666666667,6.133333333333334,11.286486486486487,315.82216216216216,6.513513513513513,3.771428571428572,320.53464285714284,6.642857142857143,12.416000000000002,329.7432,6.72,1.4857142857142858,335.1142857142857,5.857142857142857,5.626666666666667,335.81,6.733333333333333,3.1,338.62416666666667,6.75,10.266666666666667,339.2711111111111,6.0,-1.0,343.98375,5.75,8.64,341.178,5.8,-1.0,338.33000000000004,5.0,24.1,346.85,6.0,-1.0,351.15999999999997,6.5,-1.0,356.015,4.0,False,False,False,False,False,False,True,False,False,False,False,False,False,False,False,False
9,-1,247.31,6,7,257.56,5.0,8,261.72,18.0,-1,264.71,6.0,9.0,265.73,31.0,10.0,269.99,8.0,11.0,273.95,139.0,13.0,281.96,72.0,-1.0,292.07,5.0,10.177131782945736,246.79166666666666,17.75968992248062,11.51222222222222,258.64344444444447,11.255555555555556,8.044117647058824,272.95323529411763,6.6911764705882355,8.096153846153847,283.06673076923073,8.028846153846153,6.184810126582279,298.4777215189873,6.063291139240507,8.3,307.23758620689654,6.189655172413793,4.7215686274509805,309.68549019607843,5.901960784313726,9.057777777777778,315.7886666666667,6.133333333333334,11.286486486486487,315.82216216216216,6.513513513513513,3.771428571428572,320.53464285714284,6.642857142857143,12.416000000000002,329.7432,6.72,1.4857142857142858,335.1142857142857,5.857142857142857,5.626666666666667,335.81,6.733333333333333,3.1,338.62416666666667,6.75,10.266666666666667,339.2711111111111,6.0,-1.0,343.98375,5.75,8.64,341.178,5.8,-1.0,338.33000000000004,5.0,24.1,346.85,6.0,-1.0,351.15999999999997,6.5,-1.0,356.015,4.0,False,False,False,False,False,False,False,False,False,False,True,False,False,False,False,False
4,10,318.64,77,11,322.73,25.0,12,326.78,110.0,13,330.81,48.0,11.362921348314606,219.41106741573032,77.95786516853933,12.028571428571428,222.8513210445469,66.27035330261137,12.041229656419528,226.86157323688968,52.7992766726944,12.037473233404711,230.39813704496785,41.95289079229122,10.877932960893855,238.12659217877098,30.310055865921786,10.177131782945736,246.79166666666666,17.75968992248062,11.51222222222222,258.64344444444447,11.255555555555556,8.044117647058824,272.95323529411763,6.6911764705882355,8.096153846153847,283.06673076923073,8.028846153846153,6.184810126582279,298.4777215189873,6.063291139240507,8.3,307.23758620689654,6.189655172413793,4.7215686274509805,309.68549019607843,5.901960784313726,9.057777777777778,315.7886666666667,6.133333333333334,11.286486486486487,315.82216216216216,6.513513513513513,3.771428571428572,320.53464285714284,6.642857142857143,12.416000000000002,329.7432,6.72,1.4857142857142858,335.1142857142857,5.857142857142857,5.626666666666667,335.81,6.733333333333333,3.1,338.62416666666667,6.75,10.266666666666667,339.2711111111111,6.0,-1.0,343.98375,5.75,8.64,341.178,5.8,-1.0,338.33000000000004,5.0,24.1,346.85,6.0,-1.0,351.15999999999997,6.5,-1.0,356.015,4.0,False,True,False,False,False,False,False,False,False,False,False,False,False,False,False,False
6,14,118.07,53,15,122.09,853.0,-1,123.42,11.0,16,126.3,321.0,17.0,130.27,101.0,18.0,134.35,157.0,12.041229656419528,226.86157323688968,52.7992766726944,12.037473233404711,230.39813704496785,41.95289079229122,10.877932960893855,238.12659217877098,30.310055865921786,10.177131782945736,246.79166666666666,17.75968992248062,11.51222222222222,258.64344444444447,11.255555555555556,8.044117647058824,272.95323529411763,6.6911764705882355,8.096153846153847,283.06673076923073,8.028846153846153,6.184810126582279,298.4777215189873,6.063291139240507,8.3,307.23758620689654,6.189655172413793,4.7215686274509805,309.68549019607843,5.901960784313726,9.057777777777778,315.7886666666667,6.133333333333334,11.286486486486487,315.82216216216216,6.513513513513513,3.771428571428572,320.53464285714284,6.642857142857143,12.416000000000002,329.7432,6.72,1.4857142857142858,335.1142857142857,5.857142857142857,5.626666666666667,335.81,6.733333333333333,3.1,338.62416666666667,6.75,10.266666666666667,339.2711111111111,6.0,-1.0,343.98375,5.75,8.64,341.178,5.8,-1.0,338.33000000000004,5.0,24.1,346.85,6.0,-1.0,351.15999999999997,6.5,-1.0,356.015,4.0,False,False,False,False,False,False,False,False,True,False,False,False,False,False,False,False
9,-1,158.26,10,-1,158.94,7.0,6,168.38,157.0,7,172.39,324.0,8.0,176.42,80.0,-1.0,177.61,5.0,9.0,180.53,215.0,9.3,183.66,454.0,10.3,187.77,9.0,10.177131782945736,246.79166666666666,17.75968992248062,11.51222222222222,258.64344444444447,11.255555555555556,8.044117647058824,272.95323529411763,6.6911764705882355,8.096153846153847,283.06673076923073,8.028846153846153,6.184810126582279,298.4777215189873,6.063291139240507,8.3,307.23758620689654,6.189655172413793,4.7215686274509805,309.68549019607843,5.901960784313726,9.057777777777778,315.7886666666667,6.133333333333334,11.286486486486487,315.82216216216216,6.513513513513513,3.771428571428572,320.53464285714284,6.642857142857143,12.416000000000002,329.7432,6.72,1.4857142857142858,335.1142857142857,5.857142857142857,5.626666666666667,335.81,6.733333333333333,3.1,338.62416666666667,6.75,10.266666666666667,339.2711111111111,6.0,-1.0,343.98375,5.75,8.64,341.178,5.8,-1.0,338.33000000000004,5.0,24.1,346.85,6.0,-1.0,351.15999999999997,6.5,-1.0,356.015,4.0,False,False,False,False,False,False,False,False,False,False,False,False,False,True,False,False
6,7,211.03,9,10,223.32,18.0,11,227.26,269.0,12,231.27,431.0,13.0,235.29,15.0,14.0,239.38,8.0,12.041229656419528,226.86157323688968,52.7992766726944,12.037473233404711,230.39813704496785,41.95289079229122,10.877932960893855,238.12659217877098,30.310055865921786,10.177131782945736,246.79166666666666,17.75968992248062,11.51222222222222,258.64344444444447,11.255555555555556,8.044117647058824,272.95323529411763,6.6911764705882355,8.096153846153847,283.06673076923073,8.028846153846153,6.184810126582279,298.4777215189873,6.063291139240507,8.3,307.23758620689654,6.189655172413793,4.7215686274509805,309.68549019607843,5.901960784313726,9.057777777777778,315.7886666666667,6.133333333333334,11.286486486486487,315.82216216216216,6.513513513513513,3.771428571428572,320.53464285714284,6.642857142857143,12.416000000000002,329.7432,6.72,1.4857142857142858,335.1142857142857,5.857142857142857,5.626666666666667,335.81,6.733333333333333,3.1,338.62416666666667,6.75,10.266666666666667,339.2711111111111,6.0,-1.0,343.98375,5.75,8.64,341.178,5.8,-1.0,338.33000000000004,5.0,24.1,346.85,6.0,-1.0,351.15999999999997,6.5,-1.0,356.015,4.0,False,False,True,False,False,False,False,False,False,False,False,False,False,False,False,False
10,6,255.35,7,8,263.14,76.0,10,271.18,65.0,11,275.22,204.0,12.0,279.28,167.0,13.0,283.21,82.0,-1.0,285.64,5.0,-1.0,288.15,8.0,15.0,290.66,12.0,-1.0,292.15,9.0,11.51222222222222,258.64344444444447,11.255555555555556,8.044117647058824,272.95323529411763,6.6911764705882355,8.096153846153847,283.06673076923073,8.028846153846153,6.184810126582279,298.4777215189873,6.063291139240507,8.3,307.23758620689654,6.189655172413793,4.7215686274509805,309.68549019607843,5.901960784313726,9.057777777777778,315.7886666666667,6.133333333333334,11.286486486486487,315.82216216216216,6.513513513513513,3.771428571428572,320.53464285714284,6.642857142857143,12.416000000000002,329.7432,6.72,1.4857142857142858,335.1142857142857,5.857142857142857,5.626666666666667,335.81,6.733333333333333,3.1,338.62416666666667,6.75,10.266666666666667,339.2711111111111,6.0,-1.0,343.98375,5.75,8.64,341.178,5.8,-1.0,338.33000000000004,5.0,24.1,346.85,6.0,-1.0,351.15999999999997,6.5,-1.0,356.015,4.0,False,False,False,True,False,False,False,False,False,False,False,False,False,False,False,False
16,-1,303.12,9,16,308.51,11.0,17,312.62,91.0,-1,314.34,8.0,-1.0,317.37,8.0,19.0,320.91,94.0,20.0,324.88,66.0,21.0,329.08,10.0,22.0,333.03,93.0,24.0,341.42,5.0,-1.0,343.76,11.0,27.0,353.38,10.0,-1.0,355.47,9.0,-1.0,358.91,6.0,-1.0,362.91,11.0,-1.0,365.99,7.0,9.057777777777778,315.7886666666667,6.133333333333334,11.286486486486487,315.82216216216216,6.513513513513513,3.771428571428572,320.53464285714284,6.642857142857143,12.416000000000002,329.7432,6.72,1.4857142857142858,335.1142857142857,5.857142857142857,5.626666666666667,335.81,6.733333333333333,3.1,338.62416666666667,6.75,10.266666666666667,339.2711111111111,6.0,-1.0,343.98375,5.75,8.64,341.178,5.8,-1.0,338.33000000000004,5.0,24.1,346.85,6.0,-1.0,351.15999999999997,6.5,-1.0,356.015,4.0,False,False,False,False,False,False,False,True,False,False,False,False,False,False,False,False
9,11,107.96,199,12,112.01,93.0,12.2,114.14,213.0,13,116.07,441.0,13.2,118.07,121.0,14.0,119.93,123.0,15.0,123.91,162.0,16.0,127.85,125.0,-1.0,133.27,11.0,10.177131782945736,246.79166666666666,17.75968992248062,11.51222222222222,258.64344444444447,11.255555555555556,8.044117647058824,272.95323529411763,6.6911764705882355,8.096153846153847,283.06673076923073,8.028846153846153,6.184810126582279,298.4777215189873,6.063291139240507,8.3,307.23758620689654,6.189655172413793,4.7215686274509805,309.68549019607843,5.901960784313726,9.057777777777778,315.7886666666667,6.133333333333334,11.286486486486487,315.82216216216216,6.513513513513513,3.771428571428572,320.53464285714284,6.642857142857143,12.416000000000002,329.7432,6.72,1.4857142857142858,335.1142857142857,5.857142857142857,5.626666666666667,335.81,6.733333333333333,3.1,338.62416666666667,6.75,10.266666666666667,339.2711111111111,6.0,-1.0,343.98375,5.75,8.64,341.178,5.8,-1.0,338.33000000000004,5.0,24.1,346.85,6.0,-1.0,351.15999999999997,6.5,-1.0,356.015,4.0,False,False,False,False,False,True,False,False,False,False,False,False,False,False,False,False
10,-1,148.56,14,-1,152.61,12.0,-1,156.37,13.0,15,168.01,167.0,15.2,170.24,7.0,16.0,172.02,80.0,17.0,176.04,97.0,18.0,180.15,209.0,-1.0,198.85,11.0,-1.0,201.71,12.0,11.51222222222222,258.64344444444447,11.255555555555556,8.044117647058824,272.95323529411763,6.6911764705882355,8.096153846153847,283.06673076923073,8.028846153846153,6.184810126582279,298.4777215189873,6.063291139240507,8.3,307.23758620689654,6.189655172413793,4.7215686274509805,309.68549019607843,5.901960784313726,9.057777777777778,315.7886666666667,6.133333333333334,11.286486486486487,315.82216216216216,6.513513513513513,3.771428571428572,320.53464285714284,6.642857142857143,12.416000000000002,329.7432,6.72,1.4857142857142858,335.1142857142857,5.857142857142857,5.626666666666667,335.81,6.733333333333333,3.1,338.62416666666667,6.75,10.266666666666667,339.2711111111111,6.0,-1.0,343.98375,5.75,8.64,341.178,5.8,-1.0,338.33000000000004,5.0,24.1,346.85,6.0,-1.0,351.15999999999997,6.5,-1.0,356.015,4.0,False,False,False,False,False,False,False,False,False,False,False,False,False,False,False,True
6,6,220.69,56,-1,226.41,12.0,8,228.57,121.0,11,240.64,116.0,12.0,244.85,90.0,-1.0,252.3,5.0,12.041229656419528,226.86157323688968,52.7992766726944,12.037473233404711,230.39813704496785,41.95289079229122,10.877932960893855,238.12659217877098,30.310055865921786,10.177131782945736,246.79166666666666,17.75968992248062,11.51222222222222,258.64344444444447,11.255555555555556,8.044117647058824,272.95323529411763,6.6911764705882355,8.096153846153847,283.06673076923073,8.028846153846153,6.184810126582279,298.4777215189873,6.063291139240507,8.3,307.23758620689654,6.189655172413793,4.7215686274509805,309.68549019607843,5.901960784313726,9.057777777777778,315.7886666666667,6.133333333333334,11.286486486486487,315.82216216216216,6.513513513513513,3.771428571428572,320.53464285714284,6.642857142857143,12.416000000000002,329.7432,6.72,1.4857142857142858,335.1142857142857,5.857142857142857,5.626666666666667,335.81,6.733333333333333,3.1,338.62416666666667,6.75,10.266666666666667,339.2711111111111,6.0,-1.0,343.98375,5.75,8.64,341.178,5.8,-1.0,338.33000000000004,5.0,24.1,346.85,6.0,-1.0,351.15999999999997,6.5,-1.0,356.015,4.0,False,False,False,False,False,False,False,False,False,False,False,False,False,False,True,False
14,7,260.31,8,-1,262.12,10.0,-1,267.23,10.0,9,268.49,4.0,12.0,281.02,30.0,14.0,288.93,80.0,14.2,290.5,5.0,15.0,293.01,35.0,16.0,296.86,128.0,17.0,300.93,60.0,18.2,306.6,7.0,19.0,308.75,16.0,24.0,330.07,12.0,-1.0,339.84,5.0,8.3,307.23758620689654,6.189655172413793,4.7215686274509805,309.68549019607843,5.901960784313726,9.057777777777778,315.7886666666667,6.133333333333334,11.286486486486487,315.82216216216216,6.513513513513513,3.771428571428572,320.53464285714284,6.642857142857143,12.416000000000002,329.7432,6.72,1.4857142857142858,335.1142857142857,5.857142857142857,5.626666666666667,335.81,6.733333333333333,3.1,338.62416666666667,6.75,10.266666666666667,339.2711111111111,6.0,-1.0,343.98375,5.75,8.64,341.178,5.8,-1.0,338.33000000000004,5.0,24.1,346.85,6.0,-1.0,351.15999999999997,6.5,-1.0,356.015,4.0,False,False,False,False,True,False,False,False,False,False,False,False,False,False,False,False
2,X,104.88,629,Y,110.81,640.0,,210.75846753246756,71.04545454545455,,216.6818641810919,87.4513981358189,11.362921348314606,219.41106741573032,77.95786516853933,12.028571428571428,222.8513210445469,66.27035330261137,12.041229656419528,226.86157323688968,52.7992766726944,12.037473233404711,230.39813704496785,41.95289079229122,10.877932960893855,238.12659217877098,30.310055865921786,10.177131782945736,246.79166666666666,17.75968992248062,11.51222222222222,258.64344444444447,11.255555555555556,8.044117647058824,272.95323529411763,6.6911764705882355,8.096153846153847,283.06673076923073,8.028846153846153,6.184810126582279,298.4777215189873,6.063291139240507,8.3,307.23758620689654,6.189655172413793,4.7215686274509805,309.68549019607843,5.901960784313726,9.057777777777778,315.7886666666667,6.133333333333334,11.286486486486487,315.82216216216216,6.513513513513513,3.771428571428572,320.53464285714284,6.642857142857143,12.416000000000002,329.7432,6.72,1.4857142857142858,335.1142857142857,5.857142857142857,5.626666666666667,335.81,6.733333333333333,3.1,338.62416666666667,6.75,10.266666666666667,339.2711111111111,6.0,-1.0,343.98375,5.75,8.64,341.178,5.8,-1.0,338.33000000000004,5.0,24.1,346.85,6.0,-1.0,351.15999999999997,6.5,-1.0,356.015,4.0,True,False,False,False,False,False,False,False,False,False,False,False,False,False,False,False
5,10,144.68,170,11,148.79,202.0,12,152.83,79.0,13,157.05,151.0,-1.0,169.94,6.0,12.028571428571428,222.8513210445469,66.27035330261137,12.041229656419528,226.86157323688968,52.7992766726944,12.037473233404711,230.39813704496785,41.95289079229122,10.877932960893855,238.12659217877098,30.310055865921786,10.177131782945736,246.79166666666666,17.75968992248062,11.51222222222222,258.64344444444447,11.255555555555556,8.044117647058824,272.95323529411763,6.6911764705882355,8.096153846153847,283.06673076923073,8.028846153846153,6.184810126582279,298.4777215189873,6.063291139240507,8.3,307.23758620689654,6.189655172413793,4.7215686274509805,309.68549019607843,5.901960784313726,9.057777777777778,315.7886666666667,6.133333333333334,11.286486486486487,315.82216216216216,6.513513513513513,3.771428571428572,320.53464285714284,6.642857142857143,12.416000000000002,329.7432,6.72,1.4857142857142858,335.1142857142857,5.857142857142857,5.626666666666667,335.81,6.733333333333333,3.1,338.62416666666667,6.75,10.266666666666667,339.2711111111111,6.0,-1.0,343.98375,5.75,8.64,341.178,5.8,-1.0,338.33000000000004,5.0,24.1,346.85,6.0,-1.0,351.15999999999997,6.5,-1.0,356.015,4.0,False,False,False,False,False,False,False,False,False,True,False,False,False,False,False,False
25,-1,207.03,7,18.2,218.89,7.0,19,220.93,34.0,20,224.94,51.0,-1.0,226.18,9.0,21.0,229.03,109.0,22.0,233.28,31.0,22.2,235.36,6.0,23.0,237.06,32.0,24.0,241.28,59.0,26.0,249.76,9.0,27.0,253.37,31.0,29.2,263.45,10.0,-1.0,290.19,11.0,-1.0,297.56,7.0,-1.0,311.4,6.0,-1.0,313.35,7.0,-1.0,318.9,8.0,44.2,324.47,7.0,45.2,328.42,10.0,-1.0,332.95,10.0,-1.0,334.18,9.0,48.2,340.92,12.0,-1.0,354.05,6.0,-1.0,358.74,10.0,8.64,341.178,5.8,-1.0,338.33000000000004,5.0,24.1,346.85,6.0,-1.0,351.15999999999997,6.5,-1.0,356.015,4.0,False,False,False,False,False,False,False,False,False,False,False,False,True,False,False,False
8,-1,123.86,4,10,129.44,21.0,11,133.53,280.0,12,137.57,398.0,13.0,141.75,273.0,14.0,145.99,117.0,16.0,154.26,73.0,17.0,157.9,6.0,10.877932960893855,238.12659217877098,30.310055865921786,10.177131782945736,246.79166666666666,17.75968992248062,11.51222222222222,258.64344444444447,11.255555555555556,8.044117647058824,272.95323529411763,6.6911764705882355,8.096153846153847,283.06673076923073,8.028846153846153,6.184810126582279,298.4777215189873,6.063291139240507,8.3,307.23758620689654,6.189655172413793,4.7215686274509805,309.68549019607843,5.901960784313726,9.057777777777778,315.7886666666667,6.133333333333334,11.286486486486487,315.82216216216216,6.513513513513513,3.771428571428572,320.53464285714284,6.642857142857143,12.416000000000002,329.7432,6.72,1.4857142857142858,335.1142857142857,5.857142857142857,5.626666666666667,335.81,6.733333333333333,3.1,338.62416666666667,6.75,10.266666666666667,339.2711111111111,6.0,-1.0,343.98375,5.75,8.64,341.178,5.8,-1.0,338.33000000000004,5.0,24.1,346.85,6.0,-1.0,351.15999999999997,6.5,-1.0,356.015,4.0,False,False,False,False,False,False,False,False,False,False,False,True,False,False,False,False
11,27,194.61,5,-1,195.92,3.0,28,198.61,101.0,28.2,200.48,5.0,29.0,202.63,334.0,30.0,206.62,15.0,30.2,208.62,18.0,31.0,210.63,118.0,31.2,212.55,230.0,34.0,223.01,10.0,35.0,226.92,121.0,8.044117647058824,272.95323529411763,6.6911764705882355,8.096153846153847,283.06673076923073,8.028846153846153,6.184810126582279,298.4777215189873,6.063291139240507,8.3,307.23758620689654,6.189655172413793,4.7215686274509805,309.68549019607843,5.901960784313726,9.057777777777778,315.7886666666667,6.133333333333334,11.286486486486487,315.82216216216216,6.513513513513513,3.771428571428572,320.53464285714284,6.642857142857143,12.416000000000002,329.7432,6.72,1.4857142857142858,335.1142857142857,5.857142857142857,5.626666666666667,335.81,6.733333333333333,3.1,338.62416666666667,6.75,10.266666666666667,339.2711111111111,6.0,-1.0,343.98375,5.75,8.64,341.178,5.8,-1.0,338.33000000000004,5.0,24.1,346.85,6.0,-1.0,351.15999999999997,6.5,-1.0,356.015,4.0,False,False,False,False,False,False,True,False,False,False,False,False,False,False,False,False
6,8,261.97,155,9,265.99,23.0,10,269.85,14.0,11,274.05,315.0,13.0,282.04,171.0,-1.0,287.76,4.0,12.041229656419528,226.86157323688968,52.7992766726944,12.037473233404711,230.39813704496785,41.95289079229122,10.877932960893855,238.12659217877098,30.310055865921786,10.177131782945736,246.79166666666666,17.75968992248062,11.51222222222222,258.64344444444447,11.255555555555556,8.044117647058824,272.95323529411763,6.6911764705882355,8.096153846153847,283.06673076923073,8.028846153846153,6.184810126582279,298.4777215189873,6.063291139240507,8.3,307.23758620689654,6.189655172413793,4.7215686274509805,309.68549019607843,5.901960784313726,9.057777777777778,315.7886666666667,6.133333333333334,11.286486486486487,315.82216216216216,6.513513513513513,3.771428571428572,320.53464285714284,6.642857142857143,12.416000000000002,329.7432,6.72,1.4857142857142858,335.1142857142857,5.857142857142857,5.626666666666667,335.81,6.733333333333333,3.1,338.62416666666667,6.75,10.266666666666667,339.2711111111111,6.0,-1.0,343.98375,5.75,8.64,341.178,5.8,-1.0,338.33000000000004,5.0,24.1,346.85,6.0,-1.0,351.15999999999997,6.5,-1.0,356.015,4.0,False,False,False,False,False,False,False,False,False,False,True,False,False,False,False,False
5,-1,303.29,4,10,318.85,39.0,11,322.9,248.0,12,326.98,562.0,13.0,330.96,87.0,12.028571428571428,222.8513210445469,66.27035330261137,12.041229656419528,226.86157323688968,52.7992766726944,12.037473233404711,230.39813704496785,41.95289079229122,10.877932960893855,238.12659217877098,30.310055865921786,10.177131782945736,246.79166666666666,17.75968992248062,11.51222222222222,258.64344444444447,11.255555555555556,8.044117647058824,272.95323529411763,6.6911764705882355,8.096153846153847,283.06673076923073,8.028846153846153,6.184810126582279,298.4777215189873,6.063291139240507,8.3,307.23758620689654,6.189655172413793,4.7215686274509805,309.68549019607843,5.901960784313726,9.057777777777778,315.7886666666667,6.133333333333334,11.286486486486487,315.82216216216216,6.513513513513513,3.771428571428572,320.53464285714284,6.642857142857143,12.416000000000002,329.7432,6.72,1.4857142857142858,335.1142857142857,5.857142857142857,5.626666666666667,335.81,6.733333333333333,3.1,338.62416666666667,6.75,10.266666666666667,339.2711111111111,6.0,-1.0,343.98375,5.75,8.64,341.178,5.8,-1.0,338.33000000000004,5.0,24.1,346.85,6.0,-1.0,351.15999999999997,6.5,-1.0,356.015,4.0,False,True,False,False,False,False,False,False,False,False,False,False,False,False,False,False
9,-1,97.47,7,-1,99.69,7.0,-1,103.34,9.0,14,118.13,64.0,-1.0,119.85,8.0,15.0,122.11,880.0,16.0,126.3,258.0,17.0,130.2,55.0,18.0,134.38,141.0,10.177131782945736,246.79166666666666,17.75968992248062,11.51222222222222,258.64344444444447,11.255555555555556,8.044117647058824,272.95323529411763,6.6911764705882355,8.096153846153847,283.06673076923073,8.028846153846153,6.184810126582279,298.4777215189873,6.063291139240507,8.3,307.23758620689654,6.189655172413793,4.7215686274509805,309.68549019607843,5.901960784313726,9.057777777777778,315.7886666666667,6.133333333333334,11.286486486486487,315.82216216216216,6.513513513513513,3.771428571428572,320.53464285714284,6.642857142857143,12.416000000000002,329.7432,6.72,1.4857142857142858,335.1142857142857,5.857142857142857,5.626666666666667,335.81,6.733333333333333,3.1,338.62416666666667,6.75,10.266666666666667,339.2711111111111,6.0,-1.0,343.98375,5.75,8.64,341.178,5.8,-1.0,338.33000000000004,5.0,24.1,346.85,6.0,-1.0,351.15999999999997,6.5,-1.0,356.015,4.0,False,False,False,False,False,False,False,False,True,False,False,False,False,False,False,False
8,6,168.43,60,7,172.49,372.0,8,176.56,258.0,9,180.57,248.0,9.3,183.75,917.0,10.3,187.75,6.0,11.0,188.82,6.0,-1.0,199.02,7.0,10.877932960893855,238.12659217877098,30.310055865921786,10.177131782945736,246.79166666666666,17.75968992248062,11.51222222222222,258.64344444444447,11.255555555555556,8.044117647058824,272.95323529411763,6.6911764705882355,8.096153846153847,283.06673076923073,8.028846153846153,6.184810126582279,298.4777215189873,6.063291139240507,8.3,307.23758620689654,6.189655172413793,4.7215686274509805,309.68549019607843,5.901960784313726,9.057777777777778,315.7886666666667,6.133333333333334,11.286486486486487,315.82216216216216,6.513513513513513,3.771428571428572,320.53464285714284,6.642857142857143,12.416000000000002,329.7432,6.72,1.4857142857142858,335.1142857142857,5.857142857142857,5.626666666666667,335.81,6.733333333333333,3.1,338.62416666666667,6.75,10.266666666666667,339.2711111111111,6.0,-1.0,343.98375,5.75,8.64,341.178,5.8,-1.0,338.33000000000004,5.0,24.1,346.85,6.0,-1.0,351.15999999999997,6.5,-1.0,356.015,4.0,False,False,False,False,False,False,False,False,False,False,False,False,False,True,False,False
6,-1,209.42,5,10,223.09,32.0,11,227.25,655.0,12,231.24,594.0,13.0,235.33,69.0,16.0,247.68,4.0,12.041229656419528,226.86157323688968,52.7992766726944,12.037473233404711,230.39813704496785,41.95289079229122,10.877932960893855,238.12659217877098,30.310055865921786,10.177131782945736,246.79166666666666,17.75968992248062,11.51222222222222,258.64344444444447,11.255555555555556,8.044117647058824,272.95323529411763,6.6911764705882355,8.096153846153847,283.06673076923073,8.028846153846153,6.184810126582279,298.4777215189873,6.063291139240507,8.3,307.23758620689654,6.189655172413793,4.7215686274509805,309.68549019607843,5.901960784313726,9.057777777777778,315.7886666666667,6.133333333333334,11.286486486486487,315.82216216216216,6.513513513513513,3.771428571428572,320.53464285714284,6.642857142857143,12.416000000000002,329.7432,6.72,1.4857142857142858,335.1142857142857,5.857142857142857,5.626666666666667,335.81,6.733333333333333,3.1,338.62416666666667,6.75,10.266666666666667,339.2711111111111,6.0,-1.0,343.98375,5.75,8.64,341.178,5.8,-1.0,338.33000000000004,5.0,24.1,346.85,6.0,-1.0,351.15999999999997,6.5,-1.0,356.015,4.0,False,False,True,False,False,False,False,False,False,False,False,False,False,False,False,False
9,-1,257.11,7,7,259.2,11.0,-1,260.9,4.0,8,263.28,263.0,10.0,271.25,191.0,11.0,275.29,343.0,12.0,279.26,439.0,13.0,283.27,186.0,-1.0,290.37,5.0,10.177131782945736,246.79166666666666,17.75968992248062,11.51222222222222,258.64344444444447,11.255555555555556,8.044117647058824,272.95323529411763,6.6911764705882355,8.096153846153847,283.06673076923073,8.028846153846153,6.184810126582279,298.4777215189873,6.063291139240507,8.3,307.23758620689654,6.189655172413793,4.7215686274509805,309.68549019607843,5.901960784313726,9.057777777777778,315.7886666666667,6.133333333333334,11.286486486486487,315.82216216216216,6.513513513513513,3.771428571428572,320.53464285714284,6.642857142857143,12.416000000000002,329.7432,6.72,1.4857142857142858,335.1142857142857,5.857142857142857,5.626666666666667,335.81,6.733333333333333,3.1,338.62416666666667,6.75,10.266666666666667,339.2711111111111,6.0,-1.0,343.98375,5.75,8.64,341.178,5.8,-1.0,338.33000000000004,5.0,24.1,346.85,6.0,-1.0,351.15999999999997,6.5,-1.0,356.015,4.0,False,False,False,True,False,False,False,False,False,False,False,False,False,False,False,False
10,-1,302.0,4,16,308.84,19.0,17,312.74,252.0,18,316.81,40.0,19.0,321.03,603.0,20.0,324.95,45.0,21.0,329.01,8.0,22.0,333.14,39.0,23.0,337.08,58.0,-1.0,352.47,7.0,11.51222222222222,258.64344444444447,11.255555555555556,8.044117647058824,272.95323529411763,6.6911764705882355,8.096153846153847,283.06673076923073,8.028846153846153,6.184810126582279,298.4777215189873,6.063291139240507,8.3,307.23758620689654,6.189655172413793,4.7215686274509805,309.68549019607843,5.901960784313726,9.057777777777778,315.7886666666667,6.133333333333334,11.286486486486487,315.82216216216216,6.513513513513513,3.771428571428572,320.53464285714284,6.642857142857143,12.416000000000002,329.7432,6.72,1.4857142857142858,335.1142857142857,5.857142857142857,5.626666666666667,335.81,6.733333333333333,3.1,338.62416666666667,6.75,10.266666666666667,339.2711111111111,6.0,-1.0,343.98375,5.75,8.64,341.178,5.8,-1.0,338.33000000000004,5.0,24.1,346.85,6.0,-1.0,351.15999999999997,6.5,-1.0,356.015,4.0,False,False,False,False,False,False,False,True,False,False,False,False,False,False,False,False
11,-1,94.71,8,-1,96.55,6.0,-1,97.85,8.0,11,107.99,97.0,12.0,112.08,81.0,12.2,114.15,101.0,13.0,116.18,312.0,13.2,118.13,192.0,14.0,120.15,128.0,15.0,124.01,32.0,16.0,127.98,17.0,8.044117647058824,272.95323529411763,6.6911764705882355,8.096153846153847,283.06673076923073,8.028846153846153,6.184810126582279,298.4777215189873,6.063291139240507,8.3,307.23758620689654,6.189655172413793,4.7215686274509805,309.68549019607843,5.901960784313726,9.057777777777778,315.7886666666667,6.133333333333334,11.286486486486487,315.82216216216216,6.513513513513513,3.771428571428572,320.53464285714284,6.642857142857143,12.416000000000002,329.7432,6.72,1.4857142857142858,335.1142857142857,5.857142857142857,5.626666666666667,335.81,6.733333333333333,3.1,338.62416666666667,6.75,10.266666666666667,339.2711111111111,6.0,-1.0,343.98375,5.75,8.64,341.178,5.8,-1.0,338.33000000000004,5.0,24.1,346.85,6.0,-1.0,351.15999999999997,6.5,-1.0,356.015,4.0,False,False,False,False,False,True,False,False,False,False,False,False,False,False,False,False
9,-1,158.46,6,14,164.13,12.0,15,168.03,161.0,16,172.09,185.0,17.0,176.08,279.0,18.0,180.16,488.0,-1.0,193.31,9.0,-1.0,197.31,7.0,-1.0,200.0,8.0,10.177131782945736,246.79166666666666,17.75968992248062,11.51222222222222,258.64344444444447,11.255555555555556,8.044117647058824,272.95323529411763,6.6911764705882355,8.096153846153847,283.06673076923073,8.028846153846153,6.184810126582279,298.4777215189873,6.063291139240507,8.3,307.23758620689654,6.189655172413793,4.7215686274509805,309.68549019607843,5.901960784313726,9.057777777777778,315.7886666666667,6.133333333333334,11.286486486486487,315.82216216216216,6.513513513513513,3.771428571428572,320.53464285714284,6.642857142857143,12.416000000000002,329.7432,6.72,1.4857142857142858,335.1142857142857,5.857142857142857,5.626666666666667,335.81,6.733333333333333,3.1,338.62416666666667,6.75,10.266666666666667,339.2711111111111,6.0,-1.0,343.98375,5.75,8.64,341.178,5.8,-1.0,338.33000000000004,5.0,24.1,346.85,6.0,-1.0,351.15999999999997,6.5,-1.0,356.015,4.0,False,False,False,False,False,False,False,False,False,False,False,False,False,False,False,True
7,6,220.73,115,8,228.71,282.0,-1,233.78,9.0,-1,238.12,9.0,11.0,240.84,274.0,12.0,244.93,207.0,-1.0,247.76,8.0,12.037473233404711,230.39813704496785,41.95289079229122,10.877932960893855,238.12659217877098,30.310055865921786,10.177131782945736,246.79166666666666,17.75968992248062,11.51222222222222,258.64344444444447,11.255555555555556,8.044117647058824,272.95323529411763,6.6911764705882355,8.096153846153847,283.06673076923073,8.028846153846153,6.184810126582279,298.4777215189873,6.063291139240507,8.3,307.23758620689654,6.189655172413793,4.7215686274509805,309.68549019607843,5.901960784313726,9.057777777777778,315.7886666666667,6.133333333333334,11.286486486486487,315.82216216216216,6.513513513513513,3.771428571428572,320.53464285714284,6.642857142857143,12.416000000000002,329.7432,6.72,1.4857142857142858,335.1142857142857,5.857142857142857,5.626666666666667,335.81,6.733333333333333,3.1,338.62416666666667,6.75,10.266666666666667,339.2711111111111,6.0,-1.0,343.98375,5.75,8.64,341.178,5.8,-1.0,338.33000000000004,5.0,24.1,346.85,6.0,-1.0,351.15999999999997,6.5,-1.0,356.015,4.0,False,False,False,False,False,False,False,False,False,False,False,False,False,False,True,False
13,12,280.98,107,13,284.98,43.0,14,289.07,387.0,15,292.99,167.0,16.0,296.98,207.0,17.0,301.04,70.0,18.0,304.91,18.0,19.0,309.0,120.0,-1.0,314.35,8.0,-1.0,316.29,8.0,21.0,317.61,8.0,23.0,325.29,9.0,24.0,329.69,6.0,6.184810126582279,298.4777215189873,6.063291139240507,8.3,307.23758620689654,6.189655172413793,4.7215686274509805,309.68549019607843,5.901960784313726,9.057777777777778,315.7886666666667,6.133333333333334,11.286486486486487,315.82216216216216,6.513513513513513,3.771428571428572,320.53464285714284,6.642857142857143,12.416000000000002,329.7432,6.72,1.4857142857142858,335.1142857142857,5.857142857142857,5.626666666666667,335.81,6.733333333333333,3.1,338.62416666666667,6.75,10.266666666666667,339.2711111111111,6.0,-1.0,343.98375,5.75,8.64,341.178,5.8,-1.0,338.33000000000004,5.0,24.1,346.85,6.0,-1.0,351.15999999999997,6.5,-1.0,356.015,4.0,False,False,False,False,True,False,False,False,False,False,False,False,False,False,False,False
3,X,104.82,390,-1,106.29,10.0,Y,110.77,458.0,,216.6818641810919,87.4513981358189,11.362921348314606,219.41106741573032,77.95786516853933,12.028571428571428,222.8513210445469,66.27035330261137,12.041229656419528,226.86157323688968,52.7992766726944,12.037473233404711,230.39813704496785,41.95289079229122,10.877932960893855,238.12659217877098,30.310055865921786,10.177131782945736,246.79166666666666,17.75968992248062,11.51222222222222,258.64344444444447,11.255555555555556,8.044117647058824,272.95323529411763,6.6911764705882355,8.096153846153847,283.06673076923073,8.028846153846153,6.184810126582279,298.4777215189873,6.063291139240507,8.3,307.23758620689654,6.189655172413793,4.7215686274509805,309.68549019607843,5.901960784313726,9.057777777777778,315.7886666666667,6.133333333333334,11.286486486486487,315.82216216216216,6.513513513513513,3.771428571428572,320.53464285714284,6.642857142857143,12.416000000000002,329.7432,6.72,1.4857142857142858,335.1142857142857,5.857142857142857,5.626666666666667,335.81,6.733333333333333,3.1,338.62416666666667,6.75,10.266666666666667,339.2711111111111,6.0,-1.0,343.98375,5.75,8.64,341.178,5.8,-1.0,338.33000000000004,5.0,24.1,346.85,6.0,-1.0,351.15999999999997,6.5,-1.0,356.015,4.0,True,False,False,False,False,False,False,False,False,False,False,False,False,False,False,False
6,-1,128.97,7,7,132.52,9.0,10,144.71,142.0,11,148.79,217.0,12.0,152.89,203.0,13.0,157.09,396.0,12.041229656419528,226.86157323688968,52.7992766726944,12.037473233404711,230.39813704496785,41.95289079229122,10.877932960893855,238.12659217877098,30.310055865921786,10.177131782945736,246.79166666666666,17.75968992248062,11.51222222222222,258.64344444444447,11.255555555555556,8.044117647058824,272.95323529411763,6.6911764705882355,8.096153846153847,283.06673076923073,8.028846153846153,6.184810126582279,298.4777215189873,6.063291139240507,8.3,307.23758620689654,6.189655172413793,4.7215686274509805,309.68549019607843,5.901960784313726,9.057777777777778,315.7886666666667,6.133333333333334,11.286486486486487,315.82216216216216,6.513513513513513,3.771428571428572,320.53464285714284,6.642857142857143,12.416000000000002,329.7432,6.72,1.4857142857142858,335.1142857142857,5.857142857142857,5.626666666666667,335.81,6.733333333333333,3.1,338.62416666666667,6.75,10.266666666666667,339.2711111111111,6.0,-1.0,343.98375,5.75,8.64,341.178,5.8,-1.0,338.33000000000004,5.0,24.1,346.85,6.0,-1.0,351.15999999999997,6.5,-1.0,356.015,4.0,False,False,False,False,False,False,False,False,False,True,False,False,False,False,False,False
18,-1,204.3,8,18,216.63,9.0,19,220.81,82.0,20,224.88,68.0,21.0,228.96,310.0,22.0,233.04,95.0,23.0,237.05,67.0,23.2,239.1,5.0,24.0,241.26,178.0,27.0,253.48,96.0,28.2,259.36,6.0,30.2,267.55,7.0,-1.0,281.14,10.0,-1.0,292.09,8.0,-1.0,302.0,4.0,-1.0,343.07,7.0,-1.0,352.13,6.0,51.2,352.98,8.0,3.771428571428572,320.53464285714284,6.642857142857143,12.416000000000002,329.7432,6.72,1.4857142857142858,335.1142857142857,5.857142857142857,5.626666666666667,335.81,6.733333333333333,3.1,338.62416666666667,6.75,10.266666666666667,339.2711111111111,6.0,-1.0,343.98375,5.75,8.64,341.178,5.8,-1.0,338.33000000000004,5.0,24.1,346.85,6.0,-1.0,351.15999999999997,6.5,-1.0,356.015,4.0,False,False,False,False,False,False,False,False,False,False,False,False,True,False,False,False
8,10,129.42,9,11,133.49,74.0,12,137.53,200.0,13,141.77,138.0,14.0,145.85,67.0,15.0,149.79,5.0,16.0,154.21,24.0,-1.0,167.37,5.0,10.877932960893855,238.12659217877098,30.310055865921786,10.177131782945736,246.79166666666666,17.75968992248062,11.51222222222222,258.64344444444447,11.255555555555556,8.044117647058824,272.95323529411763,6.6911764705882355,8.096153846153847,283.06673076923073,8.028846153846153,6.184810126582279,298.4777215189873,6.063291139240507,8.3,307.23758620689654,6.189655172413793,4.7215686274509805,309.68549019607843,5.901960784313726,9.057777777777778,315.7886666666667,6.133333333333334,11.286486486486487,315.82216216216216,6.513513513513513,3.771428571428572,320.53464285714284,6.642857142857143,12.416000000000002,329.7432,6.72,1.4857142857142858,335.1142857142857,5.857142857142857,5.626666666666667,335.81,6.733333333333333,3.1,338.62416666666667,6.75,10.266666666666667,339.2711111111111,6.0,-1.0,343.98375,5.75,8.64,341.178,5.8,-1.0,338.33000000000004,5.0,24.1,346.85,6.0,-1.0,351.15999999999997,6.5,-1.0,356.015,4.0,False,False,False,False,False,False,False,False,False,False,False,True,False,False,False,False
6,-1,195.2,5,28,198.48,27.0,29,202.46,55.0,31.2,212.48,39.0,-1.0,215.71,6.0,39.0,242.39,5.0,12.041229656419528,226.86157323688968,52.7992766726944,12.037473233404711,230.39813704496785,41.95289079229122,10.877932960893855,238.12659217877098,30.310055865921786,10.177131782945736,246.79166666666666,17.75968992248062,11.51222222222222,258.64344444444447,11.255555555555556,8.044117647058824,272.95323529411763,6.6911764705882355,8.096153846153847,283.06673076923073,8.028846153846153,6.184810126582279,298.4777215189873,6.063291139240507,8.3,307.23758620689654,6.189655172413793,4.7215686274509805,309.68549019607843,5.901960784313726,9.057777777777778,315.7886666666667,6.133333333333334,11.286486486486487,315.82216216216216,6.513513513513513,3.771428571428572,320.53464285714284,6.642857142857143,12.416000000000002,329.7432,6.72,1.4857142857142858,335.1142857142857,5.857142857142857,5.626666666666667,335.81,6.733333333333333,3.1,338.62416666666667,6.75,10.266666666666667,339.2711111111111,6.0,-1.0,343.98375,5.75,8.64,341.178,5.8,-1.0,338.33000000000004,5.0,24.1,346.85,6.0,-1.0,351.15999999999997,6.5,-1.0,356.015,4.0,False,False,False,False,False,False,True,False,False,False,False,False,False,False,False,False
10,6,254.21,3,-1,254.82,3.0,8,261.64,14.0,-1,264.46,4.0,-1.0,265.4,5.0,10.0,269.72,6.0,11.0,273.98,57.0,13.0,281.87,23.0,-1.0,285.31,4.0,15.0,289.84,4.0,11.51222222222222,258.64344444444447,11.255555555555556,8.044117647058824,272.95323529411763,6.6911764705882355,8.096153846153847,283.06673076923073,8.028846153846153,6.184810126582279,298.4777215189873,6.063291139240507,8.3,307.23758620689654,6.189655172413793,4.7215686274509805,309.68549019607843,5.901960784313726,9.057777777777778,315.7886666666667,6.133333333333334,11.286486486486487,315.82216216216216,6.513513513513513,3.771428571428572,320.53464285714284,6.642857142857143,12.416000000000002,329.7432,6.72,1.4857142857142858,335.1142857142857,5.857142857142857,5.626666666666667,335.81,6.733333333333333,3.1,338.62416666666667,6.75,10.266666666666667,339.2711111111111,6.0,-1.0,343.98375,5.75,8.64,341.178,5.8,-1.0,338.33000000000004,5.0,24.1,346.85,6.0,-1.0,351.15999999999997,6.5,-1.0,356.015,4.0,False,False,False,False,False,False,False,False,False,False,True,False,False,False,False,False
5,5,298.9,6,10,318.62,23.0,11,322.9,37.0,12,326.86,91.0,13.0,330.88,11.0,12.028571428571428,222.8513210445469,66.27035330261137,12.041229656419528,226.86157323688968,52.7992766726944,12.037473233404711,230.39813704496785,41.95289079229122,10.877932960893855,238.12659217877098,30.310055865921786,10.177131782945736,246.79166666666666,17.75968992248062,11.51222222222222,258.64344444444447,11.255555555555556,8.044117647058824,272.95323529411763,6.6911764705882355,8.096153846153847,283.06673076923073,8.028846153846153,6.184810126582279,298.4777215189873,6.063291139240507,8.3,307.23758620689654,6.189655172413793,4.7215686274509805,309.68549019607843,5.901960784313726,9.057777777777778,315.7886666666667,6.133333333333334,11.286486486486487,315.82216216216216,6.513513513513513,3.771428571428572,320.53464285714284,6.642857142857143,12.416000000000002,329.7432,6.72,1.4857142857142858,335.1142857142857,5.857142857142857,5.626666666666667,335.81,6.733333333333333,3.1,338.62416666666667,6.75,10.266666666666667,339.2711111111111,6.0,-1.0,343.98375,5.75,8.64,341.178,5.8,-1.0,338.33000000000004,5.0,24.1,346.85,6.0,-1.0,351.15999999999997,6.5,-1.0,356.015,4.0,False,True,False,False,False,False,False,False,False,False,False,False,False,False,False,False
6,-1,98.16,7,14,118.21,33.0,15,122.02,489.0,16,126.3,87.0,17.0,130.13,86.0,18.0,134.28,35.0,12.041229656419528,226.86157323688968,52.7992766726944,12.037473233404711,230.39813704496785,41.95289079229122,10.877932960893855,238.12659217877098,30.310055865921786,10.177131782945736,246.79166666666666,17.75968992248062,11.51222222222222,258.64344444444447,11.255555555555556,8.044117647058824,272.95323529411763,6.6911764705882355,8.096153846153847,283.06673076923073,8.028846153846153,6.184810126582279,298.4777215189873,6.063291139240507,8.3,307.23758620689654,6.189655172413793,4.7215686274509805,309.68549019607843,5.901960784313726,9.057777777777778,315.7886666666667,6.133333333333334,11.286486486486487,315.82216216216216,6.513513513513513,3.771428571428572,320.53464285714284,6.642857142857143,12.416000000000002,329.7432,6.72,1.4857142857142858,335.1142857142857,5.857142857142857,5.626666666666667,335.81,6.733333333333333,3.1,338.62416666666667,6.75,10.266666666666667,339.2711111111111,6.0,-1.0,343.98375,5.75,8.64,341.178,5.8,-1.0,338.33000000000004,5.0,24.1,346.85,6.0,-1.0,351.15999999999997,6.5,-1.0,356.015,4.0,False,False,False,False,False,False,False,False,True,False,False,False,False,False,False,False
8,5.3,167.29,5,6,168.26,29.0,7,172.44,67.0,8,176.48,20.0,9.0,180.53,155.0,9.3,183.65,243.0,11.0,189.19,7.0,12.0,192.46,7.0,10.877932960893855,238.12659217877098,30.310055865921786,10.177131782945736,246.79166666666666,17.75968992248062,11.51222222222222,258.64344444444447,11.255555555555556,8.044117647058824,272.95323529411763,6.6911764705882355,8.096153846153847,283.06673076923073,8.028846153846153,6.184810126582279,298.4777215189873,6.063291139240507,8.3,307.23758620689654,6.189655172413793,4.7215686274509805,309.68549019607843,5.901960784313726,9.057777777777778,315.7886666666667,6.133333333333334,11.286486486486487,315.82216216216216,6.513513513513513,3.771428571428572,320.53464285714284,6.642857142857143,12.416000000000002,329.7432,6.72,1.4857142857142858,335.1142857142857,5.857142857142857,5.626666666666667,335.81,6.733333333333333,3.1,338.62416666666667,6.75,10.266666666666667,339.2711111111111,6.0,-1.0,343.98375,5.75,8.64,341.178,5.8,-1.0,338.33000000000004,5.0,24.1,346.85,6.0,-1.0,351.15999999999997,6.5,-1.0,356.015,4.0,False,False,False,False,False,False,False,False,False,False,False,False,False,True,False,False
7,-1,208.55,7,8,215.48,9.0,-1,222.76,10.0,-1,224.29,5.0,11.0,227.21,242.0,12.0,231.2,97.0,13.0,235.06,18.0,12.037473233404711,230.39813704496785,41.95289079229122,10.877932960893855,238.12659217877098,30.310055865921786,10.177131782945736,246.79166666666666,17.75968992248062,11.51222222222222,258.64344444444447,11.255555555555556,8.044117647058824,272.95323529411763,6.6911764705882355,8.096153846153847,283.06673076923073,8.028846153846153,6.184810126582279,298.4777215189873,6.063291139240507,8.3,307.23758620689654,6.189655172413793,4.7215686274509805,309.68549019607843,5.901960784313726,9.057777777777778,315.7886666666667,6.133333333333334,11.286486486486487,315.82216216216216,6.513513513513513,3.771428571428572,320.53464285714284,6.642857142857143,12.416000000000002,329.7432,6.72,1.4857142857142858,335.1142857142857,5.857142857142857,5.626666666666667,335.81,6.733333333333333,3.1,338.62416666666667,6.75,10.266666666666667,339.2711111111111,6.0,-1.0,343.98375,5.75,8.64,341.178,5.8,-1.0,338.33000000000004,5.0,24.1,346.85,6.0,-1.0,351.15999999999997,6.5,-1.0,356.015,4.0,False,False,True,False,False,False,False,False,False,False,False,False,False,False,False,False
9,-1,261.25,5,8,263.13,38.0,-1,265.95,5.0,-1,268.7,6.0,-1.0,269.49,4.0,10.0,271.14,40.0,11.0,275.25,97.0,12.0,279.05,59.0,13.0,283.28,26.0,10.177131782945736,246.79166666666666,17.75968992248062,11.51222222222222,258.64344444444447,11.255555555555556,8.044117647058824,272.95323529411763,6.6911764705882355,8.096153846153847,283.06673076923073,8.028846153846153,6.184810126582279,298.4777215189873,6.063291139240507,8.3,307.23758620689654,6.189655172413793,4.7215686274509805,309.68549019607843,5.901960784313726,9.057777777777778,315.7886666666667,6.133333333333334,11.286486486486487,315.82216216216216,6.513513513513513,3.771428571428572,320.53464285714284,6.642857142857143,12.416000000000002,329.7432,6.72,1.4857142857142858,335.1142857142857,5.857142857142857,5.626666666666667,335.81,6.733333333333333,3.1,338.62416666666667,6.75,10.266666666666667,339.2711111111111,6.0,-1.0,343.98375,5.75,8.64,341.178,5.8,-1.0,338.33000000000004,5.0,24.1,346.85,6.0,-1.0,351.15999999999997,6.5,-1.0,356.015,4.0,False,False,False,True,False,False,False,False,False,False,False,False,False,False,False,False
11,15,304.73,6,-1,305.75,7.0,17,312.62,20.0,-1,313.35,12.0,19.0,320.91,81.0,21.0,328.84,7.0,22.0,333.09,28.0,23.0,337.08,28.0,-1.0,339.84,7.0,29.0,361.56,5.0,-1.0,364.45,5.0,8.044117647058824,272.95323529411763,6.6911764705882355,8.096153846153847,283.06673076923073,8.028846153846153,6.184810126582279,298.4777215189873,6.063291139240507,8.3,307.23758620689654,6.189655172413793,4.7215686274509805,309.68549019607843,5.901960784313726,9.057777777777778,315.7886666666667,6.133333333333334,11.286486486486487,315.82216216216216,6.513513513513513,3.771428571428572,320.53464285714284,6.642857142857143,12.416000000000002,329.7432,6.72,1.4857142857142858,335.1142857142857,5.857142857142857,5.626666666666667,335.81,6.733333333333333,3.1,338.62416666666667,6.75,10.266666666666667,339.2711111111111,6.0,-1.0,343.98375,5.75,8.64,341.178,5.8,-1.0,338.33000000000004,5.0,24.1,346.85,6.0,-1.0,351.15999999999997,6.5,-1.0,356.015,4.0,False,False,False,False,False,False,False,True,False,False,False,False,False,False,False,False
13,-1,95.68,6,-1,97.38,13.0,10,103.67,7.0,11,107.96,40.0,12.0,112.01,79.0,12.2,114.07,74.0,13.0,116.0,206.0,13.2,117.93,42.0,14.0,119.93,84.0,15.0,123.84,87.0,16.0,127.86,67.0,16.2,130.34,8.0,17.0,131.48,11.0,6.184810126582279,298.4777215189873,6.063291139240507,8.3,307.23758620689654,6.189655172413793,4.7215686274509805,309.68549019607843,5.901960784313726,9.057777777777778,315.7886666666667,6.133333333333334,11.286486486486487,315.82216216216216,6.513513513513513,3.771428571428572,320.53464285714284,6.642857142857143,12.416000000000002,329.7432,6.72,1.4857142857142858,335.1142857142857,5.857142857142857,5.626666666666667,335.81,6.733333333333333,3.1,338.62416666666667,6.75,10.266666666666667,339.2711111111111,6.0,-1.0,343.98375,5.75,8.64,341.178,5.8,-1.0,338.33000000000004,5.0,24.1,346.85,6.0,-1.0,351.15999999999997,6.5,-1.0,356.015,4.0,False,False,False,False,False,True,False,False,False,False,False,False,False,False,False,False
9,11,151.44,8,13,160.3,10.0,14,163.72,12.0,-1,165.06,10.0,15.0,167.96,46.0,16.0,172.07,108.0,17.0,176.18,57.0,18.0,180.15,67.0,-1.0,199.85,9.0,10.177131782945736,246.79166666666666,17.75968992248062,11.51222222222222,258.64344444444447,11.255555555555556,8.044117647058824,272.95323529411763,6.6911764705882355,8.096153846153847,283.06673076923073,8.028846153846153,6.184810126582279,298.4777215189873,6.063291139240507,8.3,307.23758620689654,6.189655172413793,4.7215686274509805,309.68549019607843,5.901960784313726,9.057777777777778,315.7886666666667,6.133333333333334,11.286486486486487,315.82216216216216,6.513513513513513,3.771428571428572,320.53464285714284,6.642857142857143,12.416000000000002,329.7432,6.72,1.4857142857142858,335.1142857142857,5.857142857142857,5.626666666666667,335.81,6.733333333333333,3.1,338.62416666666667,6.75,10.266666666666667,339.2711111111111,6.0,-1.0,343.98375,5.75,8.64,341.178,5.8,-1.0,338.33000000000004,5.0,24.1,346.85,6.0,-1.0,351.15999999999997,6.5,-1.0,356.015,4.0,False,False,False,False,False,False,False,False,False,False,False,False,False,False,False,True
6,6,220.61,36,8,228.51,59.0,11,240.72,63.0,12,244.69,47.0,13.0,248.89,10.0,-1.0,254.67,10.0,12.041229656419528,226.86157323688968,52.7992766726944,12.037473233404711,230.39813704496785,41.95289079229122,10.877932960893855,238.12659217877098,30.310055865921786,10.177131782945736,246.79166666666666,17.75968992248062,11.51222222222222,258.64344444444447,11.255555555555556,8.044117647058824,272.95323529411763,6.6911764705882355,8.096153846153847,283.06673076923073,8.028846153846153,6.184810126582279,298.4777215189873,6.063291139240507,8.3,307.23758620689654,6.189655172413793,4.7215686274509805,309.68549019607843,5.901960784313726,9.057777777777778,315.7886666666667,6.133333333333334,11.286486486486487,315.82216216216216,6.513513513513513,3.771428571428572,320.53464285714284,6.642857142857143,12.416000000000002,329.7432,6.72,1.4857142857142858,335.1142857142857,5.857142857142857,5.626666666666667,335.81,6.733333333333333,3.1,338.62416666666667,6.75,10.266666666666667,339.2711111111111,6.0,-1.0,343.98375,5.75,8.64,341.178,5.8,-1.0,338.33000000000004,5.0,24.1,346.85,6.0,-1.0,351.15999999999997,6.5,-1.0,356.015,4.0,False,False,False,False,False,False,False,False,False,False,False,False,False,False,True,False
10,-1,265.48,8,9,269.01,8.0,11,276.99,11.0,11.2,278.73,5.0,14.0,288.9,82.0,15.0,292.65,14.0,17.0,300.85,21.0,-1.0,303.87,6.0,-1.0,313.67,6.0,-1.0,322.74,5.0,11.51222222222222,258.64344444444447,11.255555555555556,8.044117647058824,272.95323529411763,6.6911764705882355,8.096153846153847,283.06673076923073,8.028846153846153,6.184810126582279,298.4777215189873,6.063291139240507,8.3,307.23758620689654,6.189655172413793,4.7215686274509805,309.68549019607843,5.901960784313726,9.057777777777778,315.7886666666667,6.133333333333334,11.286486486486487,315.82216216216216,6.513513513513513,3.771428571428572,320.53464285714284,6.642857142857143,12.416000000000002,329.7432,6.72,1.4857142857142858,335.1142857142857,5.857142857142857,5.626666666666667,335.81,6.733333333333333,3.1,338.62416666666667,6.75,10.266666666666667,339.2711111111111,6.0,-1.0,343.98375,5.75,8.64,341.178,5.8,-1.0,338.33000000000004,5.0,24.1,346.85,6.0,-1.0,351.15999999999997,6.5,-1.0,356.015,4.0,False,False,False,False,True,False,False,False,False,False,False,False,False,False,False,False
3,X,104.88,214,-1,108.6,10.0,Y,110.74,290.0,,216.6818641810919,87.4513981358189,11.362921348314606,219.41106741573032,77.95786516853933,12.028571428571428,222.8513210445469,66.27035330261137,12.041229656419528,226.86157323688968,52.7992766726944,12.037473233404711,230.39813704496785,41.95289079229122,10.877932960893855,238.12659217877098,30.310055865921786,10.177131782945736,246.79166666666666,17.75968992248062,11.51222222222222,258.64344444444447,11.255555555555556,8.044117647058824,272.95323529411763,6.6911764705882355,8.096153846153847,283.06673076923073,8.028846153846153,6.184810126582279,298.4777215189873,6.063291139240507,8.3,307.23758620689654,6.189655172413793,4.7215686274509805,309.68549019607843,5.901960784313726,9.057777777777778,315.7886666666667,6.133333333333334,11.286486486486487,315.82216216216216,6.513513513513513,3.771428571428572,320.53464285714284,6.642857142857143,12.416000000000002,329.7432,6.72,1.4857142857142858,335.1142857142857,5.857142857142857,5.626666666666667,335.81,6.733333333333333,3.1,338.62416666666667,6.75,10.266666666666667,339.2711111111111,6.0,-1.0,343.98375,5.75,8.64,341.178,5.8,-1.0,338.33000000000004,5.0,24.1,346.85,6.0,-1.0,351.15999999999997,6.5,-1.0,356.015,4.0,True,False,False,False,False,False,False,False,False,False,False,False,False,False,False,False
9,-1,126.02,7,-1,127.29,6.0,9,140.81,14.0,10,144.59,175.0,11.0,148.75,138.0,12.0,152.86,83.0,13.0,156.98,127.0,-1.0,162.38,9.0,-1.0,177.9,8.0,10.177131782945736,246.79166666666666,17.75968992248062,11.51222222222222,258.64344444444447,11.255555555555556,8.044117647058824,272.95323529411763,6.6911764705882355,8.096153846153847,283.06673076923073,8.028846153846153,6.184810126582279,298.4777215189873,6.063291139240507,8.3,307.23758620689654,6.189655172413793,4.7215686274509805,309.68549019607843,5.901960784313726,9.057777777777778,315.7886666666667,6.133333333333334,11.286486486486487,315.82216216216216,6.513513513513513,3.771428571428572,320.53464285714284,6.642857142857143,12.416000000000002,329.7432,6.72,1.4857142857142858,335.1142857142857,5.857142857142857,5.626666666666667,335.81,6.733333333333333,3.1,338.62416666666667,6.75,10.266666666666667,339.2711111111111,6.0,-1.0,343.98375,5.75,8.64,341.178,5.8,-1.0,338.33000000000004,5.0,24.1,346.85,6.0,-1.0,351.15999999999997,6.5,-1.0,356.015,4.0,False,False,False,False,False,False,False,False,False,True,False,False,False,False,False,False
22,16,208.4,3,-1,215.79,8.0,19,220.92,29.0,20,224.83,32.0,21.0,229.05,109.0,21.2,231.13,8.0,22.0,233.13,42.0,23.0,237.29,23.0,24.0,241.27,52.0,-1.0,246.91,10.0,26.0,249.45,6.0,-1.0,250.31,8.0,27.0,253.45,36.0,29.2,263.68,6.0,30.2,267.68,10.0,-1.0,270.9,6.0,-1.0,298.9,9.0,-1.0,305.75,11.0,44.2,324.64,7.0,46.2,332.28,6.0,-1.0,333.34,7.0,-1.0,342.41,5.0,3.1,338.62416666666667,6.75,10.266666666666667,339.2711111111111,6.0,-1.0,343.98375,5.75,8.64,341.178,5.8,-1.0,338.33000000000004,5.0,24.1,346.85,6.0,-1.0,351.15999999999997,6.5,-1.0,356.015,4.0,False,False,False,False,False,False,False,False,False,False,False,False,True,False,False,False
